par,tipo_ruta,tiempo_min
Estadio Oeste → San Pedro,Ruta optimizada,10.285928566837779
Estadio Oeste → San Pedro,Ruta optimizada,8.597563790459288
Estadio Oeste → San Pedro,Ruta optimizada,11.540178978129005
Estadio Oeste → San Pedro,Ruta optimizada,11.46514372456118
Estadio Oeste → San Pedro,Ruta optimizada,7.409698271960324
Estadio Oeste → San Pedro,Ruta optimizada,7.937251340174855
Estadio Oeste → San Pedro,Ruta optimizada,10.132124284597452
Estadio Oeste → San Pedro,Ruta optimizada,9.546517527492442
Estadio Oeste → San Pedro,Ruta optimizada,9.996370715270084
Estadio Oeste → San Pedro,Ruta optimizada,8.970207050560758
Estadio Oeste → San Pedro,Ruta optimizada,10.983729521198844
Estadio Oeste → San Pedro,Ruta optimizada,11.279093814011675
Estadio Oeste → San Pedro,Ruta optimizada,9.994565572066016
Estadio Oeste → San Pedro,Ruta optimizada,12.029813393620568
Estadio Oeste → San Pedro,Ruta optimizada,10.555582341891103
Estadio Oeste → San Pedro,Ruta optimizada,8.461003938239402
Estadio Oeste → San Pedro,Ruta optimizada,10.331866415384372
Estadio Oeste → San Pedro,Ruta optimizada,8.522756490451819
Estadio Oeste → San Pedro,Ruta optimizada,11.592045028027425
Estadio Oeste → San Pedro,Ruta optimizada,9.86184893868562
Estadio Oeste → San Pedro,Ruta optimizada,9.627163881744748
Estadio Oeste → San Pedro,Ruta optimizada,9.045140419803948
Estadio Oeste → San Pedro,Ruta optimizada,12.146566104189729
Estadio Oeste → San Pedro,Ruta optimizada,9.568362857601096
Estadio Oeste → San Pedro,Ruta optimizada,9.034323850865427
Estadio Oeste → San Pedro,Ruta optimizada,9.024164283106002
Estadio Oeste → San Pedro,Ruta optimizada,11.248940445856668
Estadio Oeste → San Pedro,Ruta optimizada,10.518953057592153
Estadio Oeste → San Pedro,Ruta optimizada,10.442749534113593
Estadio Oeste → San Pedro,Ruta optimizada,10.361040450853814
Estadio Oeste → San Pedro,Ruta optimizada,13.697339232739601
Estadio Oeste → San Pedro,Ruta optimizada,9.511808987311493
Estadio Oeste → San Pedro,Ruta optimizada,8.814535266861903
Estadio Oeste → San Pedro,Ruta optimizada,8.898925253715934
Estadio Oeste → San Pedro,Ruta optimizada,10.603640663033286
Estadio Oeste → San Pedro,Ruta optimizada,11.369961879602863
Estadio Oeste → San Pedro,Ruta optimizada,9.919587165634786
Estadio Oeste → San Pedro,Ruta optimizada,8.504117412111308
Estadio Oeste → San Pedro,Ruta optimizada,8.539932595565773
Estadio Oeste → San Pedro,Ruta optimizada,10.62581176540037
Estadio Oeste → San Pedro,Ruta optimizada,11.731826739451854
Estadio Oeste → San Pedro,Ruta optimizada,11.136667705472203
Estadio Oeste → San Pedro,Ruta optimizada,9.030975411028255
Estadio Oeste → San Pedro,Ruta optimizada,10.095624813557404
Estadio Oeste → San Pedro,Ruta optimizada,9.516190739863948
Estadio Oeste → San Pedro,Ruta optimizada,10.221968459443005
Estadio Oeste → San Pedro,Ruta optimizada,10.862011198063346
Estadio Oeste → San Pedro,Ruta optimizada,9.867424345980073
Estadio Oeste → San Pedro,Ruta optimizada,10.729460417852199
Estadio Oeste → San Pedro,Ruta optimizada,10.17217679124149
Estadio Oeste → San Pedro,Ruta optimizada,10.361636594688878
Estadio Oeste → San Pedro,Ruta optimizada,10.680041851528003
Estadio Oeste → San Pedro,Ruta optimizada,8.008161917483266
Estadio Oeste → San Pedro,Ruta optimizada,9.638642247356502
Estadio Oeste → San Pedro,Ruta optimizada,9.361984750911551
Estadio Oeste → San Pedro,Ruta optimizada,8.629054796712229
Estadio Oeste → San Pedro,Ruta optimizada,9.779380554128963
Estadio Oeste → San Pedro,Ruta optimizada,12.484274654110132
Estadio Oeste → San Pedro,Ruta optimizada,8.536482003030809
Estadio Oeste → San Pedro,Ruta optimizada,11.40794801844496
Estadio Oeste → San Pedro,Ruta optimizada,7.449851071029123
Estadio Oeste → San Pedro,Ruta optimizada,9.092252624313437
Estadio Oeste → San Pedro,Ruta optimizada,10.284509885962015
Estadio Oeste → San Pedro,Ruta optimizada,10.702194764513113
Estadio Oeste → San Pedro,Ruta optimizada,10.58630010012346
Estadio Oeste → San Pedro,Ruta optimizada,11.430263098692956
Estadio Oeste → San Pedro,Ruta optimizada,9.71668755898373
Estadio Oeste → San Pedro,Ruta optimizada,9.173744966539374
Estadio Oeste → San Pedro,Ruta optimizada,10.577080639735636
Estadio Oeste → San Pedro,Ruta optimizada,9.017266099208793
Estadio Oeste → San Pedro,Ruta optimizada,8.36194894984345
Estadio Oeste → San Pedro,Ruta optimizada,8.179228205914054
Estadio Oeste → San Pedro,Ruta optimizada,8.388067314932739
Estadio Oeste → San Pedro,Ruta optimizada,10.73925657730838
Estadio Oeste → San Pedro,Ruta optimizada,10.196534925216918
Estadio Oeste → San Pedro,Ruta optimizada,11.012095712689257
Estadio Oeste → San Pedro,Ruta optimizada,8.955919699318223
Estadio Oeste → San Pedro,Ruta optimizada,10.014600731705354
Estadio Oeste → San Pedro,Ruta optimizada,10.06447063347934
Estadio Oeste → San Pedro,Ruta optimizada,8.810988756407731
Estadio Oeste → San Pedro,Ruta optimizada,10.32227115613388
Estadio Oeste → San Pedro,Ruta optimizada,8.734214425993537
Estadio Oeste → San Pedro,Ruta optimizada,9.7663261021778
Estadio Oeste → San Pedro,Ruta optimizada,9.535683775926811
Estadio Oeste → San Pedro,Ruta optimizada,8.25772336056013
Estadio Oeste → San Pedro,Ruta optimizada,10.575218435059952
Estadio Oeste → San Pedro,Ruta optimizada,9.414098212689256
Estadio Oeste → San Pedro,Ruta optimizada,9.915464965020822
Estadio Oeste → San Pedro,Ruta optimizada,10.940061542318146
Estadio Oeste → San Pedro,Ruta optimizada,11.035186849279837
Estadio Oeste → San Pedro,Ruta optimizada,11.085857518660994
Estadio Oeste → San Pedro,Ruta optimizada,9.06657335516441
Estadio Oeste → San Pedro,Ruta optimizada,9.350804973023665
Estadio Oeste → San Pedro,Ruta optimizada,9.300710725582983
Estadio Oeste → San Pedro,Ruta optimizada,7.80143600670155
Estadio Oeste → San Pedro,Ruta optimizada,7.858970124509166
Estadio Oeste → San Pedro,Ruta optimizada,7.956479563921724
Estadio Oeste → San Pedro,Ruta optimizada,8.521303597813905
Estadio Oeste → San Pedro,Ruta optimizada,10.822121443696547
Estadio Oeste → San Pedro,Ruta optimizada,8.67560335114425
Estadio Oeste → San Pedro,Ruta optimizada,9.54354743426711
Estadio Oeste → San Pedro,Ruta optimizada,12.761054084473416
Estadio Oeste → San Pedro,Ruta optimizada,9.025955207366263
Estadio Oeste → San Pedro,Ruta optimizada,11.761564266049092
Estadio Oeste → San Pedro,Ruta optimizada,8.391954167755545
Estadio Oeste → San Pedro,Ruta optimizada,9.584028975374215
Estadio Oeste → San Pedro,Ruta optimizada,8.3548256053128
Estadio Oeste → San Pedro,Ruta optimizada,9.204603181128347
Estadio Oeste → San Pedro,Ruta optimizada,11.487837425147271
Estadio Oeste → San Pedro,Ruta optimizada,7.804742852467857
Estadio Oeste → San Pedro,Ruta optimizada,10.698111839788783
Estadio Oeste → San Pedro,Ruta optimizada,10.29295315640192
Estadio Oeste → San Pedro,Ruta optimizada,9.259474583634507
Estadio Oeste → San Pedro,Ruta optimizada,7.757005674480571
Estadio Oeste → San Pedro,Ruta optimizada,9.61691593615869
Estadio Oeste → San Pedro,Ruta optimizada,8.916969244934212
Estadio Oeste → San Pedro,Ruta optimizada,10.112931647094154
Estadio Oeste → San Pedro,Ruta optimizada,9.92353399742533
Estadio Oeste → San Pedro,Ruta optimizada,11.524768062428752
Estadio Oeste → San Pedro,Ruta optimizada,9.128305762239284
Estadio Oeste → San Pedro,Ruta optimizada,8.160383613728083
Estadio Oeste → San Pedro,Ruta optimizada,10.14587146255772
Estadio Oeste → San Pedro,Ruta optimizada,10.328382434955895
Estadio Oeste → San Pedro,Ruta optimizada,11.980543305330732
Estadio Oeste → San Pedro,Ruta optimizada,11.316096662873761
Estadio Oeste → San Pedro,Ruta optimizada,10.44399303046156
Estadio Oeste → San Pedro,Ruta optimizada,11.957046505438987
Estadio Oeste → San Pedro,Ruta optimizada,8.752604778676591
Estadio Oeste → San Pedro,Ruta optimizada,9.43258807646107
Estadio Oeste → San Pedro,Ruta optimizada,8.428798423157117
Estadio Oeste → San Pedro,Ruta optimizada,8.857607716741933
Estadio Oeste → San Pedro,Ruta optimizada,7.662319324374763
Estadio Oeste → San Pedro,Ruta optimizada,10.375582376204113
Estadio Oeste → San Pedro,Ruta optimizada,9.793746528693521
Estadio Oeste → San Pedro,Ruta optimizada,7.912209553336339
Estadio Oeste → San Pedro,Ruta optimizada,8.338033553093634
Estadio Oeste → San Pedro,Ruta optimizada,9.956567607834595
Estadio Oeste → San Pedro,Ruta optimizada,11.658657175961391
Estadio Oeste → San Pedro,Ruta optimizada,13.18095528854301
Estadio Oeste → San Pedro,Ruta optimizada,15.39829788057442
Estadio Oeste → San Pedro,Ruta optimizada,10.872801254862733
Estadio Oeste → San Pedro,Ruta optimizada,8.977046021695918
Estadio Oeste → San Pedro,Ruta optimizada,6.936350218089015
Estadio Oeste → San Pedro,Ruta optimizada,10.28557844746481
Estadio Oeste → San Pedro,Ruta optimizada,8.938277299479031
Estadio Oeste → San Pedro,Ruta optimizada,9.263445882802776
Estadio Oeste → San Pedro,Ruta optimizada,8.99816111516967
Estadio Oeste → San Pedro,Ruta optimizada,9.765492448468835
Estadio Oeste → San Pedro,Ruta optimizada,11.558119924923377
Estadio Oeste → San Pedro,Ruta optimizada,10.37473124675055
Estadio Oeste → San Pedro,Ruta optimizada,9.50159950109552
Estadio Oeste → San Pedro,Ruta optimizada,8.506772299883163
Estadio Oeste → San Pedro,Ruta optimizada,7.524221295988965
Estadio Oeste → San Pedro,Ruta optimizada,9.189425184092313
Estadio Oeste → San Pedro,Ruta optimizada,9.474348167726546
Estadio Oeste → San Pedro,Ruta optimizada,13.18364921582254
Estadio Oeste → San Pedro,Ruta optimizada,9.910876962315038
Estadio Oeste → San Pedro,Ruta optimizada,11.53758503011872
Estadio Oeste → San Pedro,Ruta optimizada,9.165354516240338
Estadio Oeste → San Pedro,Ruta optimizada,8.536878772737325
Estadio Oeste → San Pedro,Ruta optimizada,8.022927056846688
Estadio Oeste → San Pedro,Ruta optimizada,8.912445238438497
Estadio Oeste → San Pedro,Ruta optimizada,14.760185396426042
Estadio Oeste → San Pedro,Ruta optimizada,8.402978593289768
Estadio Oeste → San Pedro,Ruta optimizada,11.257444870698594
Estadio Oeste → San Pedro,Ruta optimizada,8.77436718255575
Estadio Oeste → San Pedro,Ruta optimizada,11.613774271384598
Estadio Oeste → San Pedro,Ruta optimizada,10.486932457093449
Estadio Oeste → San Pedro,Ruta optimizada,9.83346065432633
Estadio Oeste → San Pedro,Ruta optimizada,9.800708515532344
Estadio Oeste → San Pedro,Ruta optimizada,9.196823550453468
Estadio Oeste → San Pedro,Ruta optimizada,10.464261872776962
Estadio Oeste → San Pedro,Ruta optimizada,9.119881210200155
Estadio Oeste → San Pedro,Ruta optimizada,7.748061371475557
Estadio Oeste → San Pedro,Ruta optimizada,8.062628843697
Estadio Oeste → San Pedro,Ruta optimizada,9.89879121818576
Estadio Oeste → San Pedro,Ruta optimizada,12.163887408665081
Estadio Oeste → San Pedro,Ruta optimizada,9.949721376445607
Estadio Oeste → San Pedro,Ruta optimizada,9.760281682801917
Estadio Oeste → San Pedro,Ruta optimizada,10.666423528781426
Estadio Oeste → San Pedro,Ruta optimizada,11.597745406934237
Estadio Oeste → San Pedro,Ruta optimizada,10.049561408443349
Estadio Oeste → San Pedro,Ruta optimizada,8.950962605314247
Estadio Oeste → San Pedro,Ruta optimizada,12.065090103625325
Estadio Oeste → San Pedro,Ruta optimizada,10.118344903122148
Estadio Oeste → San Pedro,Ruta optimizada,12.118883732334263
Estadio Oeste → San Pedro,Ruta optimizada,10.539323550558933
Estadio Oeste → San Pedro,Ruta optimizada,7.87193426649287
Estadio Oeste → San Pedro,Ruta optimizada,7.956599929904736
Estadio Oeste → San Pedro,Ruta optimizada,12.492078343848174
Estadio Oeste → San Pedro,Ruta optimizada,13.122494016778656
Estadio Oeste → San Pedro,Ruta optimizada,9.772216728162057
Estadio Oeste → San Pedro,Ruta optimizada,9.66170540633117
Estadio Oeste → San Pedro,Ruta optimizada,12.216768606935586
Estadio Oeste → San Pedro,Ruta optimizada,8.425808259856987
Estadio Oeste → San Pedro,Ruta optimizada,8.509584603677277
Estadio Oeste → San Pedro,Ruta optimizada,10.53794013144572
Estadio Oeste → San Pedro,Ruta optimizada,9.113187573932983
Estadio Oeste → San Pedro,Ruta optimizada,9.734796995074355
Estadio Oeste → San Pedro,Ruta optimizada,9.504792283036867
Estadio Oeste → San Pedro,Ruta optimizada,10.527352979275891
Estadio Oeste → San Pedro,Ruta optimizada,11.869455728922913
Estadio Oeste → San Pedro,Ruta optimizada,9.64223454652401
Estadio Oeste → San Pedro,Ruta optimizada,10.861987424024838
Estadio Oeste → San Pedro,Ruta optimizada,7.324116457996048
Estadio Oeste → San Pedro,Ruta optimizada,9.863237013800132
Estadio Oeste → San Pedro,Ruta optimizada,8.9235572534237
Estadio Oeste → San Pedro,Ruta optimizada,8.333507533749803
Estadio Oeste → San Pedro,Ruta optimizada,8.556838287094456
Estadio Oeste → San Pedro,Ruta optimizada,9.1803997642037
Estadio Oeste → San Pedro,Ruta optimizada,11.088576407342682
Estadio Oeste → San Pedro,Ruta optimizada,7.806103821141815
Estadio Oeste → San Pedro,Ruta optimizada,9.403547152430066
Estadio Oeste → San Pedro,Ruta optimizada,9.158461214744909
Estadio Oeste → San Pedro,Ruta optimizada,9.215858130703994
Estadio Oeste → San Pedro,Ruta optimizada,11.164036938295848
Estadio Oeste → San Pedro,Ruta optimizada,10.510155301196551
Estadio Oeste → San Pedro,Ruta optimizada,12.163400102807373
Estadio Oeste → San Pedro,Ruta optimizada,9.634983525592427
Estadio Oeste → San Pedro,Ruta optimizada,8.681654698591503
Estadio Oeste → San Pedro,Ruta optimizada,9.721132068534942
Estadio Oeste → San Pedro,Ruta optimizada,10.179487825369533
Estadio Oeste → San Pedro,Ruta optimizada,10.289900055102315
Estadio Oeste → San Pedro,Ruta optimizada,8.676378437968953
Estadio Oeste → San Pedro,Ruta optimizada,9.49956136912509
Estadio Oeste → San Pedro,Ruta optimizada,10.543892324709736
Estadio Oeste → San Pedro,Ruta optimizada,14.217772007005024
Estadio Oeste → San Pedro,Ruta optimizada,13.921059444205772
Estadio Oeste → San Pedro,Ruta optimizada,8.624599187432242
Estadio Oeste → San Pedro,Ruta optimizada,9.1128487419503
Estadio Oeste → San Pedro,Ruta optimizada,8.464597773242383
Estadio Oeste → San Pedro,Ruta optimizada,9.142439118417547
Estadio Oeste → San Pedro,Ruta optimizada,10.121344701929901
Estadio Oeste → San Pedro,Ruta optimizada,12.120923886408548
Estadio Oeste → San Pedro,Ruta optimizada,8.455240046831154
Estadio Oeste → San Pedro,Ruta optimizada,8.877143312374313
Estadio Oeste → San Pedro,Ruta optimizada,6.95354573109491
Estadio Oeste → San Pedro,Ruta optimizada,9.673140519737762
Estadio Oeste → San Pedro,Ruta optimizada,7.991781063308217
Estadio Oeste → San Pedro,Ruta optimizada,9.474274863069006
Estadio Oeste → San Pedro,Ruta optimizada,9.083061234055108
Estadio Oeste → San Pedro,Ruta optimizada,9.633943916909717
Estadio Oeste → San Pedro,Ruta optimizada,7.619233946608569
Estadio Oeste → San Pedro,Ruta optimizada,7.5246536550134335
Estadio Oeste → San Pedro,Ruta optimizada,14.025432816669532
Estadio Oeste → San Pedro,Ruta optimizada,8.137161936547436
Estadio Oeste → San Pedro,Ruta optimizada,8.451114354185977
Estadio Oeste → San Pedro,Ruta optimizada,12.924831825556764
Estadio Oeste → San Pedro,Ruta optimizada,15.624237576581342
Estadio Oeste → San Pedro,Ruta optimizada,8.28174366339477
Estadio Oeste → San Pedro,Ruta optimizada,8.916179729502474
Estadio Oeste → San Pedro,Ruta optimizada,10.934279372309959
Estadio Oeste → San Pedro,Ruta optimizada,12.576163228167328
Estadio Oeste → San Pedro,Ruta optimizada,8.494894722203526
Estadio Oeste → San Pedro,Ruta optimizada,9.4875565688605
Estadio Oeste → San Pedro,Ruta optimizada,10.66688276632217
Estadio Oeste → San Pedro,Ruta optimizada,11.04796260417424
Estadio Oeste → San Pedro,Ruta optimizada,9.175512363779623
Estadio Oeste → San Pedro,Ruta optimizada,10.335573632841067
Estadio Oeste → San Pedro,Ruta optimizada,7.844235238972708
Estadio Oeste → San Pedro,Ruta optimizada,9.625134638098402
Estadio Oeste → San Pedro,Ruta optimizada,9.600483535760938
Estadio Oeste → San Pedro,Ruta optimizada,10.018167768512338
Estadio Oeste → San Pedro,Ruta optimizada,9.044952415319457
Estadio Oeste → San Pedro,Ruta optimizada,10.934650501336787
Estadio Oeste → San Pedro,Ruta optimizada,11.314094339289003
Estadio Oeste → San Pedro,Ruta optimizada,9.974593055616376
Estadio Oeste → San Pedro,Ruta optimizada,10.189218759617937
Estadio Oeste → San Pedro,Ruta optimizada,10.965009274277389
Estadio Oeste → San Pedro,Ruta optimizada,9.882986186005292
Estadio Oeste → San Pedro,Ruta optimizada,8.909263033437773
Estadio Oeste → San Pedro,Ruta optimizada,10.263355077984995
Estadio Oeste → San Pedro,Ruta optimizada,9.498602279675897
Estadio Oeste → San Pedro,Ruta optimizada,13.945893193106706
Estadio Oeste → San Pedro,Ruta optimizada,13.070869268538926
Estadio Oeste → San Pedro,Ruta optimizada,10.502294252843386
Estadio Oeste → San Pedro,Ruta optimizada,8.998683849831943
Estadio Oeste → San Pedro,Ruta optimizada,8.450860628282442
Estadio Oeste → San Pedro,Ruta optimizada,11.844745235640058
Estadio Oeste → San Pedro,Ruta optimizada,9.96772224362258
Estadio Oeste → San Pedro,Ruta optimizada,10.494507841127511
Estadio Oeste → San Pedro,Ruta optimizada,7.419518194867412
Estadio Oeste → San Pedro,Ruta optimizada,10.474940191118462
Estadio Oeste → San Pedro,Ruta optimizada,10.461024519696927
Estadio Oeste → San Pedro,Ruta optimizada,8.215511130393224
Estadio Oeste → San Pedro,Ruta optimizada,9.431263024099524
Estadio Oeste → San Pedro,Ruta optimizada,10.35393085711858
Estadio Oeste → San Pedro,Ruta optimizada,10.157791515073837
Estadio Oeste → San Pedro,Ruta optimizada,9.217754170439383
Estadio Oeste → San Pedro,Ruta optimizada,10.067368414268309
Estadio Oeste → San Pedro,Ruta optimizada,9.570226170469914
Estadio Oeste → San Pedro,Ruta optimizada,9.70472866243983
Estadio Oeste → San Pedro,Ruta optimizada,11.822353905083812
Estadio Oeste → San Pedro,Ruta optimizada,6.787011772669473
Estadio Oeste → San Pedro,Ruta optimizada,9.325960817937993
Estadio Oeste → San Pedro,Ruta optimizada,10.175974690166042
Estadio Oeste → San Pedro,Ruta optimizada,9.749420618584779
Estadio Oeste → San Pedro,Ruta optimizada,9.285008896756032
Estadio Oeste → San Pedro,Ruta optimizada,7.680603917076416
Estadio Oeste → San Pedro,Ruta optimizada,10.96076462265357
Estadio Oeste → San Pedro,Ruta optimizada,12.626296631565179
Estadio Oeste → San Pedro,Ruta optimizada,8.334660915636013
Estadio Oeste → San Pedro,Ruta optimizada,11.038427197350057
Estadio Oeste → San Pedro,Ruta optimizada,8.980411028198626
Estadio Oeste → San Pedro,Ruta optimizada,9.098393405835507
Estadio Oeste → San Pedro,Ruta optimizada,8.200608829620009
Estadio Oeste → San Pedro,Ruta optimizada,9.454874387006907
Estadio Oeste → San Pedro,Ruta optimizada,12.219587078251074
Estadio Oeste → San Pedro,Ruta optimizada,10.840023533887292
Estadio Oeste → San Pedro,Ruta optimizada,12.57677346829366
Estadio Oeste → San Pedro,Ruta optimizada,11.344042208293414
Estadio Oeste → San Pedro,Ruta optimizada,10.831118306970772
Estadio Oeste → San Pedro,Ruta optimizada,12.552952317379853
Estadio Oeste → San Pedro,Ruta optimizada,10.72865892422856
Estadio Oeste → San Pedro,Ruta optimizada,11.50970905168092
Estadio Oeste → San Pedro,Ruta optimizada,9.78177695065963
Estadio Oeste → San Pedro,Ruta optimizada,9.498502466711296
Estadio Oeste → San Pedro,Ruta optimizada,9.06989299841765
Estadio Oeste → San Pedro,Ruta optimizada,10.941728613387188
Estadio Oeste → San Pedro,Ruta optimizada,8.601037115843784
Estadio Oeste → San Pedro,Ruta optimizada,10.907813019377084
Estadio Oeste → San Pedro,Ruta optimizada,9.683456933512673
Estadio Oeste → San Pedro,Ruta optimizada,11.982161493195377
Estadio Oeste → San Pedro,Ruta optimizada,10.821439551821438
Estadio Oeste → San Pedro,Ruta optimizada,13.179158262441103
Estadio Oeste → San Pedro,Ruta optimizada,11.587500673652757
Estadio Oeste → San Pedro,Ruta optimizada,7.773189945469436
Estadio Oeste → San Pedro,Ruta optimizada,9.312687297078467
Estadio Oeste → San Pedro,Ruta optimizada,8.330156823418829
Estadio Oeste → San Pedro,Ruta optimizada,8.81208473551326
Estadio Oeste → San Pedro,Ruta optimizada,13.477312249514016
Estadio Oeste → San Pedro,Ruta optimizada,11.175448558303469
Estadio Oeste → San Pedro,Ruta optimizada,9.026690136410355
Estadio Oeste → San Pedro,Ruta optimizada,8.850231207167276
Estadio Oeste → San Pedro,Ruta optimizada,10.432777651918132
Estadio Oeste → San Pedro,Ruta optimizada,8.302810899308655
Estadio Oeste → San Pedro,Ruta optimizada,9.126843967361104
Estadio Oeste → San Pedro,Ruta optimizada,11.352674153488218
Estadio Oeste → San Pedro,Ruta optimizada,11.104135579568755
Estadio Oeste → San Pedro,Ruta optimizada,10.838530136304444
Estadio Oeste → San Pedro,Ruta optimizada,6.7365027624435125
Estadio Oeste → San Pedro,Ruta optimizada,10.031189199734781
Estadio Oeste → San Pedro,Ruta optimizada,9.930734038270908
Estadio Oeste → San Pedro,Ruta optimizada,10.396638812818825
Estadio Oeste → San Pedro,Ruta optimizada,11.94217412479175
Estadio Oeste → San Pedro,Ruta optimizada,7.087394769486235
Estadio Oeste → San Pedro,Ruta optimizada,8.794522105360882
Estadio Oeste → San Pedro,Ruta optimizada,11.132351681966558
Estadio Oeste → San Pedro,Ruta optimizada,8.028958035129474
Estadio Oeste → San Pedro,Ruta optimizada,12.626048560551691
Estadio Oeste → San Pedro,Ruta optimizada,10.045803579956203
Estadio Oeste → San Pedro,Ruta optimizada,10.9685580891721
Estadio Oeste → San Pedro,Ruta optimizada,9.275535856899198
Estadio Oeste → San Pedro,Ruta optimizada,11.18455669908652
Estadio Oeste → San Pedro,Ruta optimizada,11.295828745987128
Estadio Oeste → San Pedro,Ruta optimizada,10.60653377785652
Estadio Oeste → San Pedro,Ruta optimizada,10.427760343114597
Estadio Oeste → San Pedro,Ruta optimizada,10.259328370870724
Estadio Oeste → San Pedro,Ruta optimizada,8.650763432828235
Estadio Oeste → San Pedro,Ruta optimizada,9.96606775308527
Estadio Oeste → San Pedro,Ruta optimizada,10.145786498228128
Estadio Oeste → San Pedro,Ruta optimizada,10.479401700600244
Estadio Oeste → San Pedro,Ruta optimizada,11.543351593119842
Estadio Oeste → San Pedro,Ruta optimizada,8.573386641595805
Estadio Oeste → San Pedro,Ruta optimizada,9.73181448947581
Estadio Oeste → San Pedro,Ruta optimizada,11.810049005516136
Estadio Oeste → San Pedro,Ruta optimizada,8.649783135954333
Estadio Oeste → San Pedro,Ruta optimizada,8.996826094871986
Estadio Oeste → San Pedro,Ruta optimizada,10.39767881195387
Estadio Oeste → San Pedro,Ruta optimizada,11.409992391555443
Estadio Oeste → San Pedro,Ruta optimizada,9.727006592561722
Estadio Oeste → San Pedro,Ruta optimizada,12.305601690045778
Estadio Oeste → San Pedro,Ruta optimizada,11.385841620647971
Estadio Oeste → San Pedro,Ruta optimizada,10.903510868158193
Estadio Oeste → San Pedro,Ruta optimizada,11.140630104569457
Estadio Oeste → San Pedro,Ruta optimizada,14.045174932416476
Estadio Oeste → San Pedro,Ruta optimizada,9.446738075901763
Estadio Oeste → San Pedro,Ruta optimizada,7.277183517424754
Estadio Oeste → San Pedro,Ruta optimizada,12.904068413984197
Estadio Oeste → San Pedro,Ruta optimizada,9.273857351443517
Estadio Oeste → San Pedro,Ruta optimizada,10.373691790105028
Estadio Oeste → San Pedro,Ruta optimizada,11.443257892698249
Estadio Oeste → San Pedro,Ruta optimizada,7.5787975144283894
Estadio Oeste → San Pedro,Ruta optimizada,8.080887584888178
Estadio Oeste → San Pedro,Ruta optimizada,7.947003533404599
Estadio Oeste → San Pedro,Ruta optimizada,8.824638059547029
Estadio Oeste → San Pedro,Ruta optimizada,10.944615653018293
Estadio Oeste → San Pedro,Ruta optimizada,10.734713140758254
Estadio Oeste → San Pedro,Ruta optimizada,10.35057177118431
Estadio Oeste → San Pedro,Ruta optimizada,8.270869419978773
Estadio Oeste → San Pedro,Ruta optimizada,6.774567072208274
Estadio Oeste → San Pedro,Ruta optimizada,9.878551879325299
Estadio Oeste → San Pedro,Ruta optimizada,9.011400903535904
Estadio Oeste → San Pedro,Ruta optimizada,10.872401499386719
Estadio Oeste → San Pedro,Ruta optimizada,11.132508852751378
Estadio Oeste → San Pedro,Ruta optimizada,9.59152221771556
Estadio Oeste → San Pedro,Ruta optimizada,10.892210190125091
Estadio Oeste → San Pedro,Ruta optimizada,10.245649774730875
Estadio Oeste → San Pedro,Ruta optimizada,9.879887111741265
Estadio Oeste → San Pedro,Ruta optimizada,9.050939916071584
Estadio Oeste → San Pedro,Ruta optimizada,9.74911506434498
Estadio Oeste → San Pedro,Ruta optimizada,10.417968136605806
Estadio Oeste → San Pedro,Ruta optimizada,10.512113854769781
Estadio Oeste → San Pedro,Ruta optimizada,9.25717237154928
Estadio Oeste → San Pedro,Ruta optimizada,10.604433301453954
Estadio Oeste → San Pedro,Ruta optimizada,9.329581704395354
Estadio Oeste → San Pedro,Ruta optimizada,9.897344308271384
Estadio Oeste → San Pedro,Ruta optimizada,11.178879815297535
Estadio Oeste → San Pedro,Ruta optimizada,7.346065585580858
Estadio Oeste → San Pedro,Ruta optimizada,7.86296883220884
Estadio Oeste → San Pedro,Ruta optimizada,8.48289385451265
Estadio Oeste → San Pedro,Ruta optimizada,6.980082701153575
Estadio Oeste → San Pedro,Ruta optimizada,8.431681493999156
Estadio Oeste → San Pedro,Ruta optimizada,11.162732502995112
Estadio Oeste → San Pedro,Ruta optimizada,9.304141923122348
Estadio Oeste → San Pedro,Ruta optimizada,9.683475240141652
Estadio Oeste → San Pedro,Ruta optimizada,11.844714762965012
Estadio Oeste → San Pedro,Ruta optimizada,11.582985368167574
Estadio Oeste → San Pedro,Ruta optimizada,9.891544583825443
Estadio Oeste → San Pedro,Ruta optimizada,11.742850761147215
Estadio Oeste → San Pedro,Ruta optimizada,10.192240718142298
Estadio Oeste → San Pedro,Ruta optimizada,8.71885391912759
Estadio Oeste → San Pedro,Ruta optimizada,8.874845226300845
Estadio Oeste → San Pedro,Ruta optimizada,7.998713887650478
Estadio Oeste → San Pedro,Ruta optimizada,8.36339806985794
Estadio Oeste → San Pedro,Ruta optimizada,8.966432253386806
Estadio Oeste → San Pedro,Ruta optimizada,10.498877533656563
Estadio Oeste → San Pedro,Ruta optimizada,12.232808318304565
Estadio Oeste → San Pedro,Ruta optimizada,8.119431618605212
Estadio Oeste → San Pedro,Ruta optimizada,10.453508530120772
Estadio Oeste → San Pedro,Ruta optimizada,8.382815277403054
Estadio Oeste → San Pedro,Ruta optimizada,10.81100476550282
Estadio Oeste → San Pedro,Ruta optimizada,10.056563367827366
Estadio Oeste → San Pedro,Ruta optimizada,7.7769839676558945
Estadio Oeste → San Pedro,Ruta optimizada,10.997982680723966
Estadio Oeste → San Pedro,Ruta optimizada,9.10884783674016
Estadio Oeste → San Pedro,Ruta optimizada,8.996697075867713
Estadio Oeste → San Pedro,Ruta optimizada,8.537197968439871
Estadio Oeste → San Pedro,Ruta optimizada,8.919375510294532
Estadio Oeste → San Pedro,Ruta optimizada,10.305323164306813
Estadio Oeste → San Pedro,Ruta optimizada,9.568069698638956
Estadio Oeste → San Pedro,Ruta optimizada,9.93821238580991
Estadio Oeste → San Pedro,Ruta optimizada,10.118250114111312
Estadio Oeste → San Pedro,Ruta optimizada,12.17497112527462
Estadio Oeste → San Pedro,Ruta optimizada,9.388754077112713
Estadio Oeste → San Pedro,Ruta optimizada,7.503793427182653
Estadio Oeste → San Pedro,Ruta optimizada,11.887241551487925
Estadio Oeste → San Pedro,Ruta optimizada,9.941814230864027
Estadio Oeste → San Pedro,Ruta optimizada,12.117819356720299
Estadio Oeste → San Pedro,Ruta optimizada,10.576236424186558
Estadio Oeste → San Pedro,Ruta optimizada,9.054370449816151
Estadio Oeste → San Pedro,Ruta optimizada,10.205881049663912
Estadio Oeste → San Pedro,Ruta optimizada,12.875144024146318
Estadio Oeste → San Pedro,Ruta optimizada,13.275187912000284
Estadio Oeste → San Pedro,Ruta optimizada,9.801378799416263
Estadio Oeste → San Pedro,Ruta optimizada,10.424451945398365
Estadio Oeste → San Pedro,Ruta optimizada,12.231740211950267
Estadio Oeste → San Pedro,Ruta optimizada,8.676561980850497
Estadio Oeste → San Pedro,Ruta optimizada,10.181049423198473
Estadio Oeste → San Pedro,Ruta optimizada,10.110858163319948
Estadio Oeste → San Pedro,Ruta optimizada,10.431693591686487
Estadio Oeste → San Pedro,Ruta optimizada,8.7870020623525
Estadio Oeste → San Pedro,Ruta optimizada,7.361728228712596
Estadio Oeste → San Pedro,Ruta optimizada,7.457951344328009
Estadio Oeste → San Pedro,Ruta optimizada,8.429449258553205
Estadio Oeste → San Pedro,Ruta optimizada,8.891352944319967
Estadio Oeste → San Pedro,Ruta optimizada,9.734747404768546
Estadio Oeste → San Pedro,Ruta optimizada,13.576040104376114
Estadio Oeste → San Pedro,Ruta optimizada,11.573208738690584
Estadio Oeste → San Pedro,Ruta optimizada,8.607212087055766
Estadio Oeste → San Pedro,Ruta optimizada,10.41932949765252
Estadio Oeste → San Pedro,Ruta optimizada,9.430672579240227
Estadio Oeste → San Pedro,Ruta optimizada,9.769693696453635
Estadio Oeste → San Pedro,Ruta optimizada,10.25588198291101
Estadio Oeste → San Pedro,Ruta optimizada,10.865548036050233
Estadio Oeste → San Pedro,Ruta optimizada,9.463933795805614
Estadio Oeste → San Pedro,Ruta optimizada,11.544162888983307
Estadio Oeste → San Pedro,Ruta optimizada,8.24322371877691
Estadio Oeste → San Pedro,Ruta optimizada,9.558213986622405
Estadio Oeste → San Pedro,Ruta optimizada,15.495566082178351
Estadio Oeste → San Pedro,Ruta optimizada,10.322173282046212
Estadio Oeste → San Pedro,Ruta optimizada,12.051628790630641
Estadio Oeste → San Pedro,Ruta optimizada,9.95681732841539
Estadio Oeste → San Pedro,Ruta optimizada,10.910825145210683
Estadio Oeste → San Pedro,Ruta optimizada,9.462036685273521
Estadio Oeste → San Pedro,Ruta optimizada,10.24496059717871
Estadio Oeste → San Pedro,Ruta optimizada,9.353510866525452
Estadio Oeste → San Pedro,Ruta optimizada,10.717421518442602
Estadio Oeste → San Pedro,Ruta optimizada,8.937095178790228
Estadio Oeste → San Pedro,Ruta optimizada,11.293325004591214
Estadio Oeste → San Pedro,Ruta optimizada,11.375985477393396
Estadio Oeste → San Pedro,Ruta optimizada,10.313245620991292
Estadio Oeste → San Pedro,Ruta optimizada,9.08912169220741
Estadio Oeste → San Pedro,Ruta optimizada,9.739346917700933
Estadio Oeste → San Pedro,Ruta optimizada,9.816921838899681
Estadio Oeste → San Pedro,Ruta optimizada,11.336012864509996
Estadio Oeste → San Pedro,Ruta optimizada,7.374847931203164
Estadio Oeste → San Pedro,Ruta optimizada,9.192370345832979
Estadio Oeste → San Pedro,Ruta optimizada,7.315601030608328
Estadio Oeste → San Pedro,Ruta optimizada,8.080552462607464
Estadio Oeste → San Pedro,Ruta optimizada,12.264037406170582
Estadio Oeste → San Pedro,Ruta optimizada,11.347200576606951
Estadio Oeste → San Pedro,Ruta optimizada,9.140706858244465
Estadio Oeste → San Pedro,Ruta optimizada,7.860635773169107
Estadio Oeste → San Pedro,Ruta optimizada,6.274235367861461
Estadio Oeste → San Pedro,Ruta optimizada,9.305815409564653
Estadio Oeste → San Pedro,Ruta optimizada,13.975254374376808
Estadio Oeste → San Pedro,Ruta optimizada,10.42163138382058
Estadio Oeste → San Pedro,Ruta optimizada,8.894777103234572
Estadio Oeste → San Pedro,Ruta optimizada,10.70125349922595
Estadio Oeste → San Pedro,Ruta optimizada,7.966665090517898
Estadio Oeste → San Pedro,Ruta optimizada,9.095991197693067
Estadio Oeste → San Pedro,Ruta optimizada,9.730569817884653
Estadio Oeste → San Pedro,Ruta optimizada,9.712559141726615
Estadio Oeste → San Pedro,Ruta optimizada,11.101682021618252
Estadio Oeste → San Pedro,Ruta optimizada,10.249134826341404
Estadio Oeste → San Pedro,Ruta optimizada,10.462481867586355
Estadio Oeste → San Pedro,Ruta optimizada,8.774887809742092
Estadio Oeste → San Pedro,Ruta optimizada,11.240342911492867
Estadio Oeste → San Pedro,Ruta optimizada,12.312986134376077
Estadio Oeste → San Pedro,Ruta optimizada,8.228563434966809
Estadio Oeste → San Pedro,Ruta optimizada,8.708297759652192
Estadio Oeste → San Pedro,Ruta optimizada,11.989735293994382
Estadio Oeste → San Pedro,Ruta optimizada,9.521945413927819
Estadio Oeste → San Pedro,Ruta optimizada,12.150704136960957
Estadio Oeste → San Pedro,Ruta optimizada,9.162630597050528
Estadio Oeste → San Pedro,Ruta optimizada,12.165583312797091
Estadio Oeste → San Pedro,Ruta optimizada,10.4777663807961
Estadio Oeste → San Pedro,Ruta optimizada,10.2031449094805
Estadio Oeste → San Pedro,Ruta optimizada,12.614391002205778
Estadio Oeste → San Pedro,Ruta optimizada,9.252452652563052
Estadio Oeste → San Pedro,Ruta optimizada,9.085685704322533
Estadio Oeste → San Pedro,Ruta optimizada,9.599824255851006
Estadio Oeste → San Pedro,Ruta optimizada,10.471123968558862
Estadio Oeste → San Pedro,Ruta optimizada,8.150912433154057
Estadio Oeste → San Pedro,Ruta optimizada,11.16443939655252
Estadio Oeste → San Pedro,Ruta optimizada,9.015047073772772
Estadio Oeste → San Pedro,Ruta optimizada,11.725671012771866
Estadio Oeste → San Pedro,Ruta optimizada,6.572210176388588
Estadio Oeste → San Pedro,Ruta optimizada,8.349402721399438
Estadio Oeste → San Pedro,Ruta optimizada,7.6968840933198255
Estadio Oeste → San Pedro,Ruta optimizada,8.639585328225959
Estadio Oeste → San Pedro,Ruta optimizada,10.245524729495983
Estadio Oeste → San Pedro,Ruta optimizada,9.4546649246872
Estadio Oeste → San Pedro,Ruta optimizada,9.92656045791983
Estadio Oeste → San Pedro,Ruta optimizada,9.59417151789223
Estadio Oeste → San Pedro,Ruta optimizada,10.632043354181251
Estadio Oeste → San Pedro,Ruta optimizada,9.015855993454215
Estadio Oeste → San Pedro,Ruta optimizada,10.663600087591028
Estadio Oeste → San Pedro,Ruta optimizada,10.603278146931725
Estadio Oeste → San Pedro,Ruta optimizada,10.233513670059345
Estadio Oeste → San Pedro,Ruta optimizada,10.38590468630178
Estadio Oeste → San Pedro,Ruta optimizada,10.708264706576477
Estadio Oeste → San Pedro,Ruta optimizada,13.827154793772308
Estadio Oeste → San Pedro,Ruta optimizada,10.27544404583426
Estadio Oeste → San Pedro,Ruta optimizada,9.446562327909318
Estadio Oeste → San Pedro,Ruta optimizada,8.479815962740503
Estadio Oeste → San Pedro,Ruta optimizada,8.508119910634134
Estadio Oeste → San Pedro,Ruta optimizada,7.976939085325477
Estadio Oeste → San Pedro,Ruta optimizada,8.255643400976771
Estadio Oeste → San Pedro,Ruta optimizada,9.681791106739512
Estadio Oeste → San Pedro,Ruta optimizada,10.074167217376313
Estadio Oeste → San Pedro,Ruta optimizada,10.130515279928465
Estadio Oeste → San Pedro,Ruta optimizada,9.144462653833997
Estadio Oeste → San Pedro,Ruta optimizada,11.00820026126819
Estadio Oeste → San Pedro,Ruta optimizada,11.13501739608907
Estadio Oeste → San Pedro,Ruta optimizada,9.696354277461895
Estadio Oeste → San Pedro,Ruta optimizada,9.195525543425338
Estadio Oeste → San Pedro,Ruta optimizada,10.429103740630474
Estadio Oeste → San Pedro,Ruta optimizada,9.819914137072635
Estadio Oeste → San Pedro,Ruta optimizada,8.010240214025963
Estadio Oeste → San Pedro,Ruta optimizada,9.84970678099759
Estadio Oeste → San Pedro,Ruta optimizada,10.060593480427467
Estadio Oeste → San Pedro,Ruta optimizada,8.10337599931744
Estadio Oeste → San Pedro,Ruta optimizada,10.1736056380325
Estadio Oeste → San Pedro,Ruta optimizada,7.88522682275727
Estadio Oeste → San Pedro,Ruta optimizada,11.568215668025786
Estadio Oeste → San Pedro,Ruta optimizada,11.88723915136307
Estadio Oeste → San Pedro,Ruta optimizada,9.38467278670601
Estadio Oeste → San Pedro,Ruta optimizada,10.554108861950848
Estadio Oeste → San Pedro,Ruta optimizada,6.808692420644347
Estadio Oeste → San Pedro,Ruta optimizada,8.663180704690621
Estadio Oeste → San Pedro,Ruta optimizada,9.94179045330258
Estadio Oeste → San Pedro,Ruta optimizada,8.62210776864436
Estadio Oeste → San Pedro,Ruta optimizada,11.533595138324635
Estadio Oeste → San Pedro,Ruta optimizada,13.022504348470662
Estadio Oeste → San Pedro,Ruta optimizada,8.251994807096965
Estadio Oeste → San Pedro,Ruta optimizada,9.174311196927134
Estadio Oeste → San Pedro,Ruta optimizada,10.095699949789017
Estadio Oeste → San Pedro,Ruta optimizada,12.878866649273679
Estadio Oeste → San Pedro,Ruta optimizada,8.539809015732168
Estadio Oeste → San Pedro,Ruta optimizada,10.45123339203544
Estadio Oeste → San Pedro,Ruta optimizada,12.603729855543076
Estadio Oeste → San Pedro,Ruta optimizada,7.611450910483781
Estadio Oeste → San Pedro,Ruta optimizada,8.275028420611504
Estadio Oeste → San Pedro,Ruta optimizada,8.524959686391266
Estadio Oeste → San Pedro,Ruta optimizada,9.16023647869577
Estadio Oeste → San Pedro,Ruta optimizada,10.847562985999692
Estadio Oeste → San Pedro,Ruta optimizada,10.524508073600915
Estadio Oeste → San Pedro,Ruta optimizada,7.687278073539864
Estadio Oeste → San Pedro,Ruta optimizada,11.187034804470368
Estadio Oeste → San Pedro,Ruta optimizada,8.765191791966178
Estadio Oeste → San Pedro,Ruta optimizada,12.382399801439123
Estadio Oeste → San Pedro,Ruta optimizada,8.629207284446833
Estadio Oeste → San Pedro,Ruta optimizada,8.738491972980915
Estadio Oeste → San Pedro,Ruta optimizada,10.71983872019827
Estadio Oeste → San Pedro,Ruta optimizada,11.24973417328031
Estadio Oeste → San Pedro,Ruta optimizada,10.814774692520405
Estadio Oeste → San Pedro,Ruta optimizada,7.801975799716502
Estadio Oeste → San Pedro,Ruta optimizada,11.007217277467937
Estadio Oeste → San Pedro,Ruta optimizada,8.326004876243703
Estadio Oeste → San Pedro,Ruta optimizada,10.250758333548081
Estadio Oeste → San Pedro,Ruta optimizada,7.924368487681169
Estadio Oeste → San Pedro,Ruta optimizada,10.261417445679216
Estadio Oeste → San Pedro,Ruta optimizada,8.402685370167367
Estadio Oeste → San Pedro,Ruta optimizada,8.251228610488067
Estadio Oeste → San Pedro,Ruta optimizada,10.607934631887643
Estadio Oeste → San Pedro,Ruta optimizada,10.202476425204962
Estadio Oeste → San Pedro,Ruta optimizada,8.837197709299971
Estadio Oeste → San Pedro,Ruta optimizada,12.468424246032136
Estadio Oeste → San Pedro,Ruta optimizada,9.106731494246327
Estadio Oeste → San Pedro,Ruta optimizada,10.120648760314646
Estadio Oeste → San Pedro,Ruta optimizada,10.494077171669048
Estadio Oeste → San Pedro,Ruta optimizada,9.440047096467937
Estadio Oeste → San Pedro,Ruta optimizada,10.40759480870738
Estadio Oeste → San Pedro,Ruta optimizada,8.862424614686113
Estadio Oeste → San Pedro,Ruta optimizada,9.120559081783936
Estadio Oeste → San Pedro,Ruta optimizada,12.013552055651859
Estadio Oeste → San Pedro,Ruta optimizada,8.126061767503135
Estadio Oeste → San Pedro,Ruta optimizada,6.832240680030842
Estadio Oeste → San Pedro,Ruta optimizada,12.438482942070555
Estadio Oeste → San Pedro,Ruta optimizada,13.910132425019768
Estadio Oeste → San Pedro,Ruta optimizada,9.348125533298369
Estadio Oeste → San Pedro,Ruta optimizada,7.378720697148792
Estadio Oeste → San Pedro,Ruta optimizada,9.679071173826385
Estadio Oeste → San Pedro,Ruta optimizada,9.247339665511086
Estadio Oeste → San Pedro,Ruta optimizada,9.738360362516156
Estadio Oeste → San Pedro,Ruta optimizada,8.424138043154075
Estadio Oeste → San Pedro,Ruta optimizada,10.4592831658628
Estadio Oeste → San Pedro,Ruta optimizada,11.540478257590363
Estadio Oeste → San Pedro,Ruta optimizada,8.407141843478422
Estadio Oeste → San Pedro,Ruta optimizada,11.177132401933346
Estadio Oeste → San Pedro,Ruta optimizada,13.23107647670907
Estadio Oeste → San Pedro,Ruta optimizada,10.491083957820782
Estadio Oeste → San Pedro,Ruta optimizada,9.408787685229894
Estadio Oeste → San Pedro,Ruta optimizada,9.77120748202446
Estadio Oeste → San Pedro,Ruta optimizada,10.532320626327602
Estadio Oeste → San Pedro,Ruta optimizada,7.541132893673882
Estadio Oeste → San Pedro,Ruta optimizada,9.83023752151944
Estadio Oeste → San Pedro,Ruta optimizada,9.356487830530016
Estadio Oeste → San Pedro,Ruta optimizada,12.537067166722569
Estadio Oeste → San Pedro,Ruta optimizada,9.424535938994028
Estadio Oeste → San Pedro,Ruta optimizada,12.448601642529033
Estadio Oeste → San Pedro,Ruta optimizada,8.011428836985425
Estadio Oeste → San Pedro,Ruta optimizada,11.226365737609814
Estadio Oeste → San Pedro,Ruta optimizada,10.101757856005825
Estadio Oeste → San Pedro,Ruta optimizada,8.456945500723988
Estadio Oeste → San Pedro,Ruta optimizada,10.489873225123889
Estadio Oeste → San Pedro,Ruta optimizada,12.001101610220159
Estadio Oeste → San Pedro,Ruta optimizada,9.207348239286913
Estadio Oeste → San Pedro,Ruta optimizada,7.989194933604671
Estadio Oeste → San Pedro,Ruta optimizada,9.582226589549053
Estadio Oeste → San Pedro,Ruta optimizada,8.253265096727961
Estadio Oeste → San Pedro,Ruta optimizada,9.235787800316766
Estadio Oeste → San Pedro,Ruta optimizada,10.300165109781029
Estadio Oeste → San Pedro,Ruta optimizada,7.77389302774403
Estadio Oeste → San Pedro,Ruta optimizada,7.329998511966602
Estadio Oeste → San Pedro,Ruta optimizada,10.726183094235035
Estadio Oeste → San Pedro,Ruta optimizada,9.475114922795889
Estadio Oeste → San Pedro,Ruta optimizada,6.619594165283793
Estadio Oeste → San Pedro,Ruta optimizada,10.759747289177051
Estadio Oeste → San Pedro,Ruta optimizada,10.581687058951706
Estadio Oeste → San Pedro,Ruta optimizada,8.711992452698938
Estadio Oeste → San Pedro,Ruta optimizada,8.13876969362281
Estadio Oeste → San Pedro,Ruta optimizada,11.02108474203224
Estadio Oeste → San Pedro,Ruta optimizada,10.194766130675882
Estadio Oeste → San Pedro,Ruta optimizada,14.140899742774018
Estadio Oeste → San Pedro,Ruta optimizada,10.274345495234112
Estadio Oeste → San Pedro,Ruta optimizada,10.458257413792849
Estadio Oeste → San Pedro,Ruta optimizada,9.428149234848844
Estadio Oeste → San Pedro,Ruta optimizada,11.60830899589119
Estadio Oeste → San Pedro,Ruta optimizada,11.201337155713247
Estadio Oeste → San Pedro,Ruta optimizada,12.037266411813015
Estadio Oeste → San Pedro,Ruta optimizada,9.077197835360357
Estadio Oeste → San Pedro,Ruta optimizada,9.050443527390826
Estadio Oeste → San Pedro,Ruta optimizada,8.921646881680491
Estadio Oeste → San Pedro,Ruta optimizada,10.41923043222921
Estadio Oeste → San Pedro,Ruta optimizada,12.854069937715728
Estadio Oeste → San Pedro,Ruta optimizada,9.825143847208432
Estadio Oeste → San Pedro,Ruta optimizada,9.183611012856758
Estadio Oeste → San Pedro,Ruta optimizada,9.958429486709615
Estadio Oeste → San Pedro,Ruta optimizada,9.382035552640465
Estadio Oeste → San Pedro,Ruta optimizada,11.156518448895214
Estadio Oeste → San Pedro,Ruta optimizada,7.367523162123796
Estadio Oeste → San Pedro,Ruta optimizada,9.051419652572704
Estadio Oeste → San Pedro,Ruta optimizada,8.749177079786941
Estadio Oeste → San Pedro,Ruta optimizada,6.689644270570555
Estadio Oeste → San Pedro,Ruta optimizada,8.458599156907786
Estadio Oeste → San Pedro,Ruta optimizada,8.851296341066266
Estadio Oeste → San Pedro,Ruta optimizada,9.284275972794386
Estadio Oeste → San Pedro,Ruta optimizada,10.882855494268428
Estadio Oeste → San Pedro,Ruta optimizada,9.736076785469265
Estadio Oeste → San Pedro,Ruta optimizada,8.469122557699231
Estadio Oeste → San Pedro,Ruta optimizada,9.959725926370163
Estadio Oeste → San Pedro,Ruta optimizada,11.487271737781338
Estadio Oeste → San Pedro,Ruta optimizada,8.329783254674867
Estadio Oeste → San Pedro,Ruta optimizada,9.002974033829972
Estadio Oeste → San Pedro,Ruta optimizada,10.230656742604785
Estadio Oeste → San Pedro,Ruta optimizada,9.256949740007075
Estadio Oeste → San Pedro,Ruta optimizada,10.768720445472479
Estadio Oeste → San Pedro,Ruta optimizada,9.69369305385214
Estadio Oeste → San Pedro,Ruta optimizada,11.395565243717401
Estadio Oeste → San Pedro,Ruta optimizada,8.3814252058478
Estadio Oeste → San Pedro,Ruta optimizada,9.891265923386152
Estadio Oeste → San Pedro,Ruta optimizada,9.869283101061216
Estadio Oeste → San Pedro,Ruta optimizada,7.90519815906233
Estadio Oeste → San Pedro,Ruta optimizada,7.598725728228306
Estadio Oeste → San Pedro,Ruta optimizada,10.921410109561192
Estadio Oeste → San Pedro,Ruta optimizada,9.541333755929193
Estadio Oeste → San Pedro,Ruta optimizada,8.379846653353583
Estadio Oeste → San Pedro,Ruta optimizada,9.950540726782082
Estadio Oeste → San Pedro,Ruta optimizada,11.562227340221373
Estadio Oeste → San Pedro,Ruta optimizada,7.152869243740409
Estadio Oeste → San Pedro,Ruta optimizada,7.93320528088561
Estadio Oeste → San Pedro,Ruta optimizada,8.443885390054247
Estadio Oeste → San Pedro,Ruta optimizada,13.09543870631189
Estadio Oeste → San Pedro,Ruta optimizada,10.014064846726463
Estadio Oeste → San Pedro,Ruta optimizada,11.251734064331899
Estadio Oeste → San Pedro,Ruta optimizada,8.548413867433002
Estadio Oeste → San Pedro,Ruta optimizada,8.547359644599121
Estadio Oeste → San Pedro,Ruta optimizada,10.595581819304428
Estadio Oeste → San Pedro,Ruta optimizada,10.157237829363217
Estadio Oeste → San Pedro,Ruta optimizada,10.972318671564919
Estadio Oeste → San Pedro,Ruta optimizada,9.592350339830471
Estadio Oeste → San Pedro,Ruta optimizada,10.303257988719931
Estadio Oeste → San Pedro,Ruta optimizada,10.648803558479118
Estadio Oeste → San Pedro,Ruta optimizada,11.58138447053814
Estadio Oeste → San Pedro,Ruta optimizada,11.002801201713703
Estadio Oeste → San Pedro,Ruta optimizada,7.867025022945361
Estadio Oeste → San Pedro,Ruta optimizada,6.9004698890586145
Estadio Oeste → San Pedro,Ruta optimizada,11.71192673448283
Estadio Oeste → San Pedro,Ruta optimizada,11.560662435342499
Estadio Oeste → San Pedro,Ruta optimizada,8.697026430509343
Estadio Oeste → San Pedro,Ruta optimizada,7.175734276963817
Estadio Oeste → San Pedro,Ruta optimizada,9.892534079671563
Estadio Oeste → San Pedro,Ruta optimizada,11.453445588967906
Estadio Oeste → San Pedro,Ruta optimizada,13.666341828209122
Estadio Oeste → San Pedro,Ruta optimizada,10.872868552772694
Estadio Oeste → San Pedro,Ruta optimizada,9.195864106177938
Estadio Oeste → San Pedro,Ruta optimizada,8.09692827013525
Estadio Oeste → San Pedro,Ruta optimizada,9.928027720810977
Estadio Oeste → San Pedro,Ruta optimizada,9.10527966915241
Estadio Oeste → San Pedro,Ruta optimizada,8.534347246356758
Estadio Oeste → San Pedro,Ruta optimizada,13.8390904458642
Estadio Oeste → San Pedro,Ruta optimizada,13.195777660578388
Estadio Oeste → San Pedro,Ruta optimizada,11.873038644375601
Estadio Oeste → San Pedro,Ruta optimizada,8.598518786350049
Estadio Oeste → San Pedro,Ruta optimizada,11.533734667297361
Estadio Oeste → San Pedro,Ruta optimizada,10.879798961584957
Estadio Oeste → San Pedro,Ruta optimizada,10.670156633690757
Estadio Oeste → San Pedro,Ruta optimizada,12.17797836586224
Estadio Oeste → San Pedro,Ruta optimizada,10.685840482419646
Estadio Oeste → San Pedro,Ruta optimizada,11.05258529959809
Estadio Oeste → San Pedro,Ruta optimizada,10.83737304715913
Estadio Oeste → San Pedro,Ruta optimizada,10.3330467402861
Estadio Oeste → San Pedro,Ruta optimizada,7.644550707401279
Estadio Oeste → San Pedro,Ruta optimizada,9.724172304624672
Estadio Oeste → San Pedro,Ruta optimizada,9.195118996517266
Estadio Oeste → San Pedro,Ruta optimizada,8.137049374420794
Estadio Oeste → San Pedro,Ruta optimizada,13.188639879436344
Estadio Oeste → San Pedro,Ruta optimizada,12.929409513611276
Estadio Oeste → San Pedro,Ruta optimizada,11.7863354786737
Estadio Oeste → San Pedro,Ruta optimizada,10.427344461778958
Estadio Oeste → San Pedro,Ruta optimizada,12.477340360209503
Estadio Oeste → San Pedro,Ruta optimizada,10.159586440997733
Estadio Oeste → San Pedro,Ruta optimizada,10.361316581176348
Estadio Oeste → San Pedro,Ruta optimizada,8.366346108786912
Estadio Oeste → San Pedro,Ruta optimizada,10.271677554069758
Estadio Oeste → San Pedro,Ruta optimizada,9.64176100723693
Estadio Oeste → San Pedro,Ruta optimizada,8.164374815709708
Estadio Oeste → San Pedro,Ruta optimizada,9.667512177717345
Estadio Oeste → San Pedro,Ruta optimizada,10.016480679483942
Estadio Oeste → San Pedro,Ruta optimizada,12.562314461605826
Estadio Oeste → San Pedro,Ruta optimizada,11.106208242929824
Estadio Oeste → San Pedro,Ruta optimizada,10.02117198679001
Estadio Oeste → San Pedro,Ruta optimizada,10.175158861131091
Estadio Oeste → San Pedro,Ruta optimizada,10.39206809171872
Estadio Oeste → San Pedro,Ruta optimizada,9.489210362807828
Estadio Oeste → San Pedro,Ruta optimizada,8.405315217721204
Estadio Oeste → San Pedro,Ruta optimizada,9.633434858766691
Estadio Oeste → San Pedro,Ruta optimizada,8.588811736698869
Estadio Oeste → San Pedro,Ruta optimizada,8.39694898548342
Estadio Oeste → San Pedro,Ruta optimizada,10.920232396528105
Estadio Oeste → San Pedro,Ruta optimizada,9.875851385913784
Estadio Oeste → San Pedro,Ruta optimizada,7.396965980621906
Estadio Oeste → San Pedro,Ruta optimizada,9.236865608689207
Estadio Oeste → San Pedro,Ruta optimizada,11.202602774765378
Estadio Oeste → San Pedro,Ruta optimizada,11.534820093135561
Estadio Oeste → San Pedro,Ruta optimizada,11.034704324922483
Estadio Oeste → San Pedro,Ruta optimizada,9.598662197688258
Estadio Oeste → San Pedro,Ruta optimizada,8.753275196107063
Estadio Oeste → San Pedro,Ruta optimizada,8.567831645336536
Estadio Oeste → San Pedro,Ruta optimizada,10.43394920556738
Estadio Oeste → San Pedro,Ruta optimizada,10.888273522471076
Estadio Oeste → San Pedro,Ruta optimizada,11.845758558309083
Estadio Oeste → San Pedro,Ruta optimizada,12.019365827958236
Estadio Oeste → San Pedro,Ruta optimizada,10.030224933618161
Estadio Oeste → San Pedro,Ruta optimizada,8.193585391728481
Estadio Oeste → San Pedro,Ruta optimizada,8.865525420337018
Estadio Oeste → San Pedro,Ruta optimizada,10.206538166872695
Estadio Oeste → San Pedro,Ruta optimizada,9.32586233934687
Estadio Oeste → San Pedro,Ruta optimizada,9.048249363178094
Estadio Oeste → San Pedro,Ruta optimizada,10.019325165867762
Estadio Oeste → San Pedro,Ruta optimizada,9.657711935252825
Estadio Oeste → San Pedro,Ruta optimizada,9.024685469288446
Estadio Oeste → San Pedro,Ruta optimizada,9.61976361216115
Estadio Oeste → San Pedro,Ruta optimizada,9.648999400597848
Estadio Oeste → San Pedro,Ruta optimizada,10.044354486423913
Estadio Oeste → San Pedro,Ruta optimizada,11.198497932862239
Estadio Oeste → San Pedro,Ruta optimizada,7.870591388688623
Estadio Oeste → San Pedro,Ruta optimizada,9.056095824921707
Estadio Oeste → San Pedro,Ruta optimizada,12.209370095818375
Estadio Oeste → San Pedro,Ruta optimizada,8.7850253957572
Estadio Oeste → San Pedro,Ruta optimizada,7.629528472166351
Estadio Oeste → San Pedro,Ruta optimizada,7.007844742117206
Estadio Oeste → San Pedro,Ruta optimizada,9.943696198337255
Estadio Oeste → San Pedro,Ruta optimizada,10.046846995538202
Estadio Oeste → San Pedro,Ruta optimizada,9.16591372507559
Estadio Oeste → San Pedro,Ruta optimizada,11.76045755849797
Estadio Oeste → San Pedro,Ruta optimizada,6.4000075211188765
Estadio Oeste → San Pedro,Ruta optimizada,10.45887605155784
Estadio Oeste → San Pedro,Ruta optimizada,12.429992166244368
Estadio Oeste → San Pedro,Ruta optimizada,8.570206412213917
Estadio Oeste → San Pedro,Ruta optimizada,8.975038298105847
Estadio Oeste → San Pedro,Ruta optimizada,9.161458765930272
Estadio Oeste → San Pedro,Ruta optimizada,8.491724446520498
Estadio Oeste → San Pedro,Ruta optimizada,8.930770538356963
Estadio Oeste → San Pedro,Ruta optimizada,12.27293670090122
Estadio Oeste → San Pedro,Ruta optimizada,13.602242451068099
Estadio Oeste → San Pedro,Ruta optimizada,9.14416999251004
Estadio Oeste → San Pedro,Ruta optimizada,13.120085113603936
Estadio Oeste → San Pedro,Ruta optimizada,9.675790420068454
Estadio Oeste → San Pedro,Ruta optimizada,12.893673208089151
Estadio Oeste → San Pedro,Ruta optimizada,10.037606731841244
Estadio Oeste → San Pedro,Ruta optimizada,10.43348020434808
Estadio Oeste → San Pedro,Ruta optimizada,10.51216959805214
Estadio Oeste → San Pedro,Ruta optimizada,15.304070885168542
Estadio Oeste → San Pedro,Ruta optimizada,11.35563461629421
Estadio Oeste → San Pedro,Ruta optimizada,8.453914842228865
Estadio Oeste → San Pedro,Ruta optimizada,11.640517499928158
Estadio Oeste → San Pedro,Ruta optimizada,9.329266841025053
Estadio Oeste → San Pedro,Ruta optimizada,9.53871602201806
Estadio Oeste → San Pedro,Ruta optimizada,11.915792571107758
Estadio Oeste → San Pedro,Ruta optimizada,9.757197291268232
Estadio Oeste → San Pedro,Ruta optimizada,10.204131514452902
Estadio Oeste → San Pedro,Ruta optimizada,9.746047578855816
Estadio Oeste → San Pedro,Ruta optimizada,9.759869595063668
Estadio Oeste → San Pedro,Ruta optimizada,10.410934369611395
Estadio Oeste → San Pedro,Ruta optimizada,7.733368256189684
Estadio Oeste → San Pedro,Ruta optimizada,11.372401138406977
Estadio Oeste → San Pedro,Ruta optimizada,8.234341739879847
Estadio Oeste → San Pedro,Ruta optimizada,8.205308902678315
Estadio Oeste → San Pedro,Ruta optimizada,9.438639506925522
Estadio Oeste → San Pedro,Ruta optimizada,10.444163725695576
Estadio Oeste → San Pedro,Ruta optimizada,8.810025118844184
Estadio Oeste → San Pedro,Ruta optimizada,11.535367201335065
Estadio Oeste → San Pedro,Ruta optimizada,8.493097045517093
Estadio Oeste → San Pedro,Ruta optimizada,9.499044934745388
Estadio Oeste → San Pedro,Ruta optimizada,9.499825321456653
Estadio Oeste → San Pedro,Ruta optimizada,9.730350397282425
Estadio Oeste → San Pedro,Ruta optimizada,10.014047333981884
Estadio Oeste → San Pedro,Ruta optimizada,8.637948435658185
Estadio Oeste → San Pedro,Ruta optimizada,10.160124805492185
Estadio Oeste → San Pedro,Ruta optimizada,9.91028114875747
Estadio Oeste → San Pedro,Ruta optimizada,7.11722936592654
Estadio Oeste → San Pedro,Ruta optimizada,7.102433033068375
Estadio Oeste → San Pedro,Ruta optimizada,10.093426085092066
Estadio Oeste → San Pedro,Ruta optimizada,9.71736764744488
Estadio Oeste → San Pedro,Ruta optimizada,9.742354651952803
Estadio Oeste → San Pedro,Ruta optimizada,9.518883448635183
Estadio Oeste → San Pedro,Ruta optimizada,10.342055462490077
Estadio Oeste → San Pedro,Ruta optimizada,11.409630340555138
Estadio Oeste → San Pedro,Ruta optimizada,8.351114427583248
Estadio Oeste → San Pedro,Ruta optimizada,8.615292239625145
Estadio Oeste → San Pedro,Ruta optimizada,8.309696141902114
Estadio Oeste → San Pedro,Ruta optimizada,10.648617080813445
Estadio Oeste → San Pedro,Ruta optimizada,11.507275768511361
Estadio Oeste → San Pedro,Ruta optimizada,8.90599694470157
Estadio Oeste → San Pedro,Ruta optimizada,6.782208570447499
Estadio Oeste → San Pedro,Ruta optimizada,7.7204286828672775
Estadio Oeste → San Pedro,Ruta optimizada,9.098539189794222
Estadio Oeste → San Pedro,Ruta optimizada,8.58539681790113
Estadio Oeste → San Pedro,Ruta optimizada,9.018289009089766
Estadio Oeste → San Pedro,Ruta optimizada,9.773446095073755
Estadio Oeste → San Pedro,Ruta optimizada,9.355343662268458
Estadio Oeste → San Pedro,Ruta optimizada,11.498299309133841
Estadio Oeste → San Pedro,Ruta optimizada,8.98854158487768
Estadio Oeste → San Pedro,Ruta optimizada,8.80406539935326
Estadio Oeste → San Pedro,Ruta optimizada,10.254938454528547
Estadio Oeste → San Pedro,Ruta optimizada,8.179783736811729
Estadio Oeste → San Pedro,Ruta optimizada,10.540806020188974
Estadio Oeste → San Pedro,Ruta optimizada,10.083739908018604
Estadio Oeste → San Pedro,Ruta optimizada,9.75762592348676
Estadio Oeste → San Pedro,Ruta optimizada,12.373297229736806
Estadio Oeste → San Pedro,Ruta optimizada,9.315614685140849
Estadio Oeste → San Pedro,Ruta optimizada,13.38045354817341
Estadio Oeste → San Pedro,Ruta optimizada,9.897368489624732
Estadio Oeste → San Pedro,Ruta optimizada,7.883477385072324
Estadio Oeste → San Pedro,Ruta optimizada,10.159910808096518
Estadio Oeste → San Pedro,Ruta optimizada,8.391796752974402
Estadio Oeste → San Pedro,Ruta optimizada,8.8748198888252
Estadio Oeste → San Pedro,Ruta optimizada,10.70412236373939
Estadio Oeste → San Pedro,Ruta optimizada,11.51067134945279
Estadio Oeste → San Pedro,Ruta optimizada,8.965716950205788
Estadio Oeste → San Pedro,Ruta optimizada,11.620538354327051
Estadio Oeste → San Pedro,Ruta optimizada,11.001033766199736
Estadio Oeste → San Pedro,Ruta optimizada,11.746739446104352
Estadio Oeste → San Pedro,Ruta optimizada,10.673342257236794
Estadio Oeste → San Pedro,Ruta optimizada,11.912814527532676
Estadio Oeste → San Pedro,Ruta optimizada,7.63504564229551
Estadio Oeste → San Pedro,Ruta optimizada,9.315540780401436
Estadio Oeste → San Pedro,Ruta optimizada,8.334816398085719
Estadio Oeste → San Pedro,Ruta optimizada,9.48291503605096
Estadio Oeste → San Pedro,Ruta optimizada,9.347810016369953
Estadio Oeste → San Pedro,Ruta optimizada,9.743518398746092
Estadio Oeste → San Pedro,Ruta optimizada,13.128374255805655
Estadio Oeste → San Pedro,Ruta optimizada,9.445389093216585
Estadio Oeste → San Pedro,Ruta optimizada,9.88337933842841
Estadio Oeste → San Pedro,Ruta optimizada,9.359812874827703
Estadio Oeste → San Pedro,Ruta optimizada,9.870777984836835
Estadio Oeste → San Pedro,Ruta optimizada,9.908327075494324
Estadio Oeste → San Pedro,Ruta optimizada,10.495829313510967
Estadio Oeste → San Pedro,Ruta optimizada,11.58760539672165
Estadio Oeste → San Pedro,Ruta optimizada,12.755705690288154
Estadio Oeste → San Pedro,Ruta optimizada,11.009063021592615
Estadio Oeste → San Pedro,Ruta optimizada,10.39778372064028
Estadio Oeste → San Pedro,Ruta optimizada,8.231034194436113
Estadio Oeste → San Pedro,Ruta optimizada,9.730122415016845
Estadio Oeste → San Pedro,Ruta optimizada,11.752736280482058
Estadio Oeste → San Pedro,Ruta optimizada,11.524174392540562
Estadio Oeste → San Pedro,Ruta optimizada,9.995148101697927
Estadio Oeste → San Pedro,Ruta optimizada,11.449027978891753
Estadio Oeste → San Pedro,Ruta optimizada,10.046660572790872
Estadio Oeste → San Pedro,Ruta optimizada,11.465638654857681
Estadio Oeste → San Pedro,Ruta optimizada,10.091994722777434
Estadio Oeste → San Pedro,Ruta optimizada,9.04384357571647
Estadio Oeste → San Pedro,Ruta optimizada,10.063331721900552
Estadio Oeste → San Pedro,Ruta optimizada,6.318898299578887
Estadio Oeste → San Pedro,Ruta optimizada,10.144567083919029
Estadio Oeste → San Pedro,Ruta optimizada,5.840265766040255
Estadio Oeste → San Pedro,Ruta optimizada,7.686779325690317
Estadio Oeste → San Pedro,Ruta optimizada,10.33662632006296
Estadio Oeste → San Pedro,Ruta optimizada,11.012564400023841
Estadio Oeste → San Pedro,Ruta optimizada,8.288149455830403
Estadio Oeste → San Pedro,Ruta optimizada,9.153857447793948
Estadio Oeste → San Pedro,Ruta optimizada,12.248866176657126
Estadio Oeste → San Pedro,Ruta optimizada,9.054750270023474
Estadio Oeste → San Pedro,Ruta optimizada,13.783347950592846
Estadio Oeste → San Pedro,Ruta optimizada,9.805161712586298
Estadio Oeste → San Pedro,Ruta optimizada,10.63547600347432
Estadio Oeste → San Pedro,Ruta optimizada,12.185175301234844
Estadio Oeste → San Pedro,Ruta optimizada,10.356478965306781
Estadio Oeste → San Pedro,Ruta optimizada,8.77530594544448
Estadio Oeste → San Pedro,Ruta optimizada,9.523640113670583
Estadio Oeste → San Pedro,Ruta optimizada,10.065010789809408
Estadio Oeste → San Pedro,Ruta optimizada,7.901730918093416
Estadio Oeste → San Pedro,Ruta optimizada,9.258961122652847
Estadio Oeste → San Pedro,Ruta optimizada,8.430482788635274
Estadio Oeste → San Pedro,Ruta optimizada,11.320081962963416
Estadio Oeste → San Pedro,Ruta optimizada,9.848269503268517
Estadio Oeste → San Pedro,Ruta optimizada,9.209660102220584
Estadio Oeste → San Pedro,Ruta optimizada,9.20047370340868
Estadio Oeste → San Pedro,Ruta optimizada,10.134226866226557
Estadio Oeste → San Pedro,Ruta optimizada,10.677889319156815
Estadio Oeste → San Pedro,Ruta optimizada,8.356212398284818
Estadio Oeste → San Pedro,Ruta optimizada,8.649665189643704
Estadio Oeste → San Pedro,Ruta optimizada,11.738921896382799
Estadio Oeste → San Pedro,Ruta optimizada,9.461087663972105
Estadio Oeste → San Pedro,Ruta optimizada,8.267520607337142
Estadio Oeste → San Pedro,Ruta optimizada,10.081884520233059
Estadio Oeste → San Pedro,Ruta optimizada,11.078309851478469
Estadio Oeste → San Pedro,Ruta optimizada,7.687480892736922
Estadio Oeste → San Pedro,Ruta optimizada,10.15288207535036
Estadio Oeste → San Pedro,Ruta optimizada,10.991386596471257
Estadio Oeste → San Pedro,Ruta optimizada,10.708032183189811
Estadio Oeste → San Pedro,Ruta optimizada,10.805387259175859
Estadio Oeste → San Pedro,Ruta optimizada,8.207565070891778
Estadio Oeste → San Pedro,Ruta optimizada,10.558579692083615
Estadio Oeste → San Pedro,Ruta optimizada,9.184899994054872
Estadio Oeste → San Pedro,Ruta optimizada,8.902491212680358
Estadio Oeste → San Pedro,Ruta optimizada,11.208118909247643
Estadio Oeste → San Pedro,Ruta optimizada,12.322027674488714
Estadio Oeste → San Pedro,Ruta optimizada,13.179196233057755
Estadio Oeste → San Pedro,Ruta optimizada,12.398143841537577
Estadio Oeste → San Pedro,Ruta optimizada,9.27270086709918
Estadio Oeste → San Pedro,Ruta optimizada,10.850739816384115
Estadio Oeste → San Pedro,Ruta optimizada,11.01270431774811
Estadio Oeste → San Pedro,Ruta optimizada,10.251491668994227
Estadio Oeste → San Pedro,Ruta optimizada,9.657263638518431
Estadio Oeste → San Pedro,Ruta optimizada,11.05689035560728
Estadio Oeste → San Pedro,Ruta base,11.16480434278198
Estadio Oeste → San Pedro,Ruta base,9.385460501250154
Estadio Oeste → San Pedro,Ruta base,12.498959843788533
Estadio Oeste → San Pedro,Ruta base,12.58399304124805
Estadio Oeste → San Pedro,Ruta base,8.267894901237987
Estadio Oeste → San Pedro,Ruta base,9.00653400453103
Estadio Oeste → San Pedro,Ruta base,11.243934129417433
Estadio Oeste → San Pedro,Ruta base,10.636768193532305
Estadio Oeste → San Pedro,Ruta base,10.740904084555318
Estadio Oeste → San Pedro,Ruta base,9.888398011773385
Estadio Oeste → San Pedro,Ruta base,12.619537923134713
Estadio Oeste → San Pedro,Ruta base,12.305884187667747
Estadio Oeste → San Pedro,Ruta base,10.727009099843082
Estadio Oeste → San Pedro,Ruta base,12.96294712909387
Estadio Oeste → San Pedro,Ruta base,11.863771649174998
Estadio Oeste → San Pedro,Ruta base,9.439736437686259
Estadio Oeste → San Pedro,Ruta base,11.82222568895311
Estadio Oeste → San Pedro,Ruta base,9.3425457127127
Estadio Oeste → San Pedro,Ruta base,12.322745004608977
Estadio Oeste → San Pedro,Ruta base,11.036543371143168
Estadio Oeste → San Pedro,Ruta base,10.535314092645045
Estadio Oeste → San Pedro,Ruta base,10.174748217951729
Estadio Oeste → San Pedro,Ruta base,13.272281644110823
Estadio Oeste → San Pedro,Ruta base,10.786409596190525
Estadio Oeste → San Pedro,Ruta base,10.316459362965652
Estadio Oeste → San Pedro,Ruta base,10.108096069870722
Estadio Oeste → San Pedro,Ruta base,12.455516162190808
Estadio Oeste → San Pedro,Ruta base,11.751636527969147
Estadio Oeste → San Pedro,Ruta base,11.50157910824325
Estadio Oeste → San Pedro,Ruta base,11.672434518021301
Estadio Oeste → San Pedro,Ruta base,15.459854836015841
Estadio Oeste → San Pedro,Ruta base,10.819346851241619
Estadio Oeste → San Pedro,Ruta base,10.266999955920934
Estadio Oeste → San Pedro,Ruta base,10.287980785077437
Estadio Oeste → San Pedro,Ruta base,11.865604319791553
Estadio Oeste → San Pedro,Ruta base,13.342993663252022
Estadio Oeste → San Pedro,Ruta base,10.568772446378356
Estadio Oeste → San Pedro,Ruta base,9.631320598825953
Estadio Oeste → San Pedro,Ruta base,9.057146096121173
Estadio Oeste → San Pedro,Ruta base,12.128221222905346
Estadio Oeste → San Pedro,Ruta base,12.325899494597763
Estadio Oeste → San Pedro,Ruta base,12.267287948643672
Estadio Oeste → San Pedro,Ruta base,9.732031529023402
Estadio Oeste → San Pedro,Ruta base,11.137210534189208
Estadio Oeste → San Pedro,Ruta base,10.669852370084273
Estadio Oeste → San Pedro,Ruta base,11.16618603769069
Estadio Oeste → San Pedro,Ruta base,12.453380445560448
Estadio Oeste → San Pedro,Ruta base,11.66455716215734
Estadio Oeste → San Pedro,Ruta base,11.981103706507628
Estadio Oeste → San Pedro,Ruta base,11.14843126112018
Estadio Oeste → San Pedro,Ruta base,11.107342156587908
Estadio Oeste → San Pedro,Ruta base,11.7673468107398
Estadio Oeste → San Pedro,Ruta base,8.752175810147703
Estadio Oeste → San Pedro,Ruta base,11.042649139570063
Estadio Oeste → San Pedro,Ruta base,10.276184010539549
Estadio Oeste → San Pedro,Ruta base,9.726123715438682
Estadio Oeste → San Pedro,Ruta base,10.884094734221307
Estadio Oeste → San Pedro,Ruta base,13.375120795861239
Estadio Oeste → San Pedro,Ruta base,9.372932264233688
Estadio Oeste → San Pedro,Ruta base,12.758801448040268
Estadio Oeste → San Pedro,Ruta base,8.61320832053242
Estadio Oeste → San Pedro,Ruta base,10.61107202178792
Estadio Oeste → San Pedro,Ruta base,11.511778361881614
Estadio Oeste → San Pedro,Ruta base,11.812329918080753
Estadio Oeste → San Pedro,Ruta base,11.88908667623574
Estadio Oeste → San Pedro,Ruta base,12.851983233017581
Estadio Oeste → San Pedro,Ruta base,10.133807042212188
Estadio Oeste → San Pedro,Ruta base,10.038496314705656
Estadio Oeste → San Pedro,Ruta base,12.26094446570744
Estadio Oeste → San Pedro,Ruta base,10.819905476866058
Estadio Oeste → San Pedro,Ruta base,9.220796842744594
Estadio Oeste → San Pedro,Ruta base,8.844653385053906
Estadio Oeste → San Pedro,Ruta base,9.707141570182685
Estadio Oeste → San Pedro,Ruta base,11.986969635380197
Estadio Oeste → San Pedro,Ruta base,11.269197357602756
Estadio Oeste → San Pedro,Ruta base,11.745741211141615
Estadio Oeste → San Pedro,Ruta base,10.428116638957377
Estadio Oeste → San Pedro,Ruta base,11.10814523690355
Estadio Oeste → San Pedro,Ruta base,11.749454821068054
Estadio Oeste → San Pedro,Ruta base,10.489171006462202
Estadio Oeste → San Pedro,Ruta base,11.466258310754009
Estadio Oeste → San Pedro,Ruta base,9.740638598993307
Estadio Oeste → San Pedro,Ruta base,10.391541829754871
Estadio Oeste → San Pedro,Ruta base,10.172125608243356
Estadio Oeste → San Pedro,Ruta base,9.145293474782592
Estadio Oeste → San Pedro,Ruta base,11.732144814602902
Estadio Oeste → San Pedro,Ruta base,10.144915880786217
Estadio Oeste → San Pedro,Ruta base,10.613409477820722
Estadio Oeste → San Pedro,Ruta base,11.755322894328142
Estadio Oeste → San Pedro,Ruta base,12.164198350984142
Estadio Oeste → San Pedro,Ruta base,12.367516910804245
Estadio Oeste → San Pedro,Ruta base,10.50280473681736
Estadio Oeste → San Pedro,Ruta base,10.179176631792812
Estadio Oeste → San Pedro,Ruta base,10.388305713802174
Estadio Oeste → San Pedro,Ruta base,8.555568147953016
Estadio Oeste → San Pedro,Ruta base,8.996511498809006
Estadio Oeste → San Pedro,Ruta base,9.089167030204944
Estadio Oeste → San Pedro,Ruta base,9.608677659831757
Estadio Oeste → San Pedro,Ruta base,12.097405577721542
Estadio Oeste → San Pedro,Ruta base,9.940680171931206
Estadio Oeste → San Pedro,Ruta base,10.37158035116278
Estadio Oeste → San Pedro,Ruta base,13.529210140769148
Estadio Oeste → San Pedro,Ruta base,10.297821850751436
Estadio Oeste → San Pedro,Ruta base,12.33777714636583
Estadio Oeste → San Pedro,Ruta base,9.299874807482103
Estadio Oeste → San Pedro,Ruta base,10.699831603885936
Estadio Oeste → San Pedro,Ruta base,9.445202347456185
Estadio Oeste → San Pedro,Ruta base,10.131156675778055
Estadio Oeste → San Pedro,Ruta base,12.751249729210384
Estadio Oeste → San Pedro,Ruta base,8.86630025808065
Estadio Oeste → San Pedro,Ruta base,12.023347928927295
Estadio Oeste → San Pedro,Ruta base,11.685896671604812
Estadio Oeste → San Pedro,Ruta base,10.186863994596425
Estadio Oeste → San Pedro,Ruta base,8.554669771357265
Estadio Oeste → San Pedro,Ruta base,10.937909148539562
Estadio Oeste → San Pedro,Ruta base,10.143463791819977
Estadio Oeste → San Pedro,Ruta base,11.612159569727321
Estadio Oeste → San Pedro,Ruta base,10.457823380718624
Estadio Oeste → San Pedro,Ruta base,13.78066679292609
Estadio Oeste → San Pedro,Ruta base,10.529076883672925
Estadio Oeste → San Pedro,Ruta base,9.223935271509582
Estadio Oeste → San Pedro,Ruta base,11.452207874968954
Estadio Oeste → San Pedro,Ruta base,11.272301004303575
Estadio Oeste → San Pedro,Ruta base,13.5038577299275
Estadio Oeste → San Pedro,Ruta base,12.193790096160331
Estadio Oeste → San Pedro,Ruta base,11.499685555934779
Estadio Oeste → San Pedro,Ruta base,13.846481104682343
Estadio Oeste → San Pedro,Ruta base,9.276910337002123
Estadio Oeste → San Pedro,Ruta base,10.111583630258046
Estadio Oeste → San Pedro,Ruta base,9.233401789907075
Estadio Oeste → San Pedro,Ruta base,10.078299387624414
Estadio Oeste → San Pedro,Ruta base,8.644319742144035
Estadio Oeste → San Pedro,Ruta base,11.59449274512352
Estadio Oeste → San Pedro,Ruta base,10.23050702646381
Estadio Oeste → San Pedro,Ruta base,8.499162789254003
Estadio Oeste → San Pedro,Ruta base,9.453948989457372
Estadio Oeste → San Pedro,Ruta base,11.318819495470157
Estadio Oeste → San Pedro,Ruta base,12.582391438682386
Estadio Oeste → San Pedro,Ruta base,14.743782677738666
Estadio Oeste → San Pedro,Ruta base,17.087237158362377
Estadio Oeste → San Pedro,Ruta base,11.85018243539852
Estadio Oeste → San Pedro,Ruta base,9.80448516176256
Estadio Oeste → San Pedro,Ruta base,7.789668582904362
Estadio Oeste → San Pedro,Ruta base,11.362779263290392
Estadio Oeste → San Pedro,Ruta base,9.439909855950482
Estadio Oeste → San Pedro,Ruta base,10.14155609864972
Estadio Oeste → San Pedro,Ruta base,9.97729984251528
Estadio Oeste → San Pedro,Ruta base,10.752343929116225
Estadio Oeste → San Pedro,Ruta base,12.755088689743808
Estadio Oeste → San Pedro,Ruta base,11.166921890503598
Estadio Oeste → San Pedro,Ruta base,10.690293339085976
Estadio Oeste → San Pedro,Ruta base,9.410596050430167
Estadio Oeste → San Pedro,Ruta base,8.354630692520063
Estadio Oeste → San Pedro,Ruta base,10.145034774302083
Estadio Oeste → San Pedro,Ruta base,10.953485575981466
Estadio Oeste → San Pedro,Ruta base,14.7933828083358
Estadio Oeste → San Pedro,Ruta base,11.221213867829992
Estadio Oeste → San Pedro,Ruta base,12.653892343173819
Estadio Oeste → San Pedro,Ruta base,10.357849617044744
Estadio Oeste → San Pedro,Ruta base,9.157785437620303
Estadio Oeste → San Pedro,Ruta base,9.02790747438932
Estadio Oeste → San Pedro,Ruta base,10.212464092751508
Estadio Oeste → San Pedro,Ruta base,15.095700537249973
Estadio Oeste → San Pedro,Ruta base,9.621983204754674
Estadio Oeste → San Pedro,Ruta base,12.493245405373042
Estadio Oeste → San Pedro,Ruta base,9.521746798865664
Estadio Oeste → San Pedro,Ruta base,12.74027728078636
Estadio Oeste → San Pedro,Ruta base,11.410711123824486
Estadio Oeste → San Pedro,Ruta base,10.658933228119837
Estadio Oeste → San Pedro,Ruta base,11.351804838887833
Estadio Oeste → San Pedro,Ruta base,10.015403616805273
Estadio Oeste → San Pedro,Ruta base,11.357468337535419
Estadio Oeste → San Pedro,Ruta base,10.0145303739642
Estadio Oeste → San Pedro,Ruta base,8.944105991831227
Estadio Oeste → San Pedro,Ruta base,9.270347293634627
Estadio Oeste → San Pedro,Ruta base,10.978650028547538
Estadio Oeste → San Pedro,Ruta base,13.884955878965945
Estadio Oeste → San Pedro,Ruta base,11.166161836113805
Estadio Oeste → San Pedro,Ruta base,10.840494280337753
Estadio Oeste → San Pedro,Ruta base,11.382124959061576
Estadio Oeste → San Pedro,Ruta base,12.893865169189052
Estadio Oeste → San Pedro,Ruta base,11.158698979794286
Estadio Oeste → San Pedro,Ruta base,10.167544886367006
Estadio Oeste → San Pedro,Ruta base,13.505937939236112
Estadio Oeste → San Pedro,Ruta base,11.619606503772404
Estadio Oeste → San Pedro,Ruta base,13.588248950875794
Estadio Oeste → San Pedro,Ruta base,11.528758824783367
Estadio Oeste → San Pedro,Ruta base,9.134288162156741
Estadio Oeste → San Pedro,Ruta base,8.943800305257886
Estadio Oeste → San Pedro,Ruta base,13.987651131789082
Estadio Oeste → San Pedro,Ruta base,13.651290751662298
Estadio Oeste → San Pedro,Ruta base,10.894693302591868
Estadio Oeste → San Pedro,Ruta base,10.241811715554874
Estadio Oeste → San Pedro,Ruta base,13.774025432468447
Estadio Oeste → San Pedro,Ruta base,9.515396473950688
Estadio Oeste → San Pedro,Ruta base,9.660494801628356
Estadio Oeste → San Pedro,Ruta base,11.971336241917234
Estadio Oeste → San Pedro,Ruta base,10.098764396956916
Estadio Oeste → San Pedro,Ruta base,11.061031034191371
Estadio Oeste → San Pedro,Ruta base,10.47414975800257
Estadio Oeste → San Pedro,Ruta base,11.26445180721493
Estadio Oeste → San Pedro,Ruta base,13.807383721520868
Estadio Oeste → San Pedro,Ruta base,10.853006698992635
Estadio Oeste → San Pedro,Ruta base,11.996337178492132
Estadio Oeste → San Pedro,Ruta base,7.819667995449534
Estadio Oeste → San Pedro,Ruta base,10.807659127773166
Estadio Oeste → San Pedro,Ruta base,9.389052728769201
Estadio Oeste → San Pedro,Ruta base,8.932237279927993
Estadio Oeste → San Pedro,Ruta base,9.741216487030915
Estadio Oeste → San Pedro,Ruta base,10.231793293743332
Estadio Oeste → San Pedro,Ruta base,12.286175018123553
Estadio Oeste → San Pedro,Ruta base,9.055962084759539
Estadio Oeste → San Pedro,Ruta base,11.22987603081413
Estadio Oeste → San Pedro,Ruta base,10.092034491175342
Estadio Oeste → San Pedro,Ruta base,10.203334487959948
Estadio Oeste → San Pedro,Ruta base,12.455246045141486
Estadio Oeste → San Pedro,Ruta base,11.8359685801739
Estadio Oeste → San Pedro,Ruta base,13.471402910568488
Estadio Oeste → San Pedro,Ruta base,11.030152178477156
Estadio Oeste → San Pedro,Ruta base,9.867966021371304
Estadio Oeste → San Pedro,Ruta base,10.498256747232627
Estadio Oeste → San Pedro,Ruta base,11.264692554111855
Estadio Oeste → San Pedro,Ruta base,11.363011866677489
Estadio Oeste → San Pedro,Ruta base,9.379786805613003
Estadio Oeste → San Pedro,Ruta base,11.029964936134293
Estadio Oeste → San Pedro,Ruta base,11.678262949525958
Estadio Oeste → San Pedro,Ruta base,15.484200258108993
Estadio Oeste → San Pedro,Ruta base,14.534435969252568
Estadio Oeste → San Pedro,Ruta base,9.846384934224835
Estadio Oeste → San Pedro,Ruta base,10.335918462175135
Estadio Oeste → San Pedro,Ruta base,9.044630225787172
Estadio Oeste → San Pedro,Ruta base,10.319360021568636
Estadio Oeste → San Pedro,Ruta base,11.348009500160744
Estadio Oeste → San Pedro,Ruta base,13.458541084467095
Estadio Oeste → San Pedro,Ruta base,9.471718875488431
Estadio Oeste → San Pedro,Ruta base,10.006206692072038
Estadio Oeste → San Pedro,Ruta base,7.887216878750788
Estadio Oeste → San Pedro,Ruta base,10.496072640119342
Estadio Oeste → San Pedro,Ruta base,9.240712267634573
Estadio Oeste → San Pedro,Ruta base,10.559934112058373
Estadio Oeste → San Pedro,Ruta base,9.71363636606555
Estadio Oeste → San Pedro,Ruta base,10.466678878597957
Estadio Oeste → San Pedro,Ruta base,8.489394601914318
Estadio Oeste → San Pedro,Ruta base,8.610125181698717
Estadio Oeste → San Pedro,Ruta base,15.735728615980872
Estadio Oeste → San Pedro,Ruta base,8.952020045371375
Estadio Oeste → San Pedro,Ruta base,9.145308988528155
Estadio Oeste → San Pedro,Ruta base,14.062220424647078
Estadio Oeste → San Pedro,Ruta base,16.92988116957018
Estadio Oeste → San Pedro,Ruta base,9.293796053012832
Estadio Oeste → San Pedro,Ruta base,10.553672002411023
Estadio Oeste → San Pedro,Ruta base,11.944234177683876
Estadio Oeste → San Pedro,Ruta base,14.481467081586556
Estadio Oeste → San Pedro,Ruta base,9.870851015722758
Estadio Oeste → San Pedro,Ruta base,10.827717507825634
Estadio Oeste → San Pedro,Ruta base,12.217950883931815
Estadio Oeste → San Pedro,Ruta base,11.890341079145836
Estadio Oeste → San Pedro,Ruta base,10.565439285040146
Estadio Oeste → San Pedro,Ruta base,10.822015067741015
Estadio Oeste → San Pedro,Ruta base,8.790122107741883
Estadio Oeste → San Pedro,Ruta base,10.764605650152797
Estadio Oeste → San Pedro,Ruta base,10.592243333765662
Estadio Oeste → San Pedro,Ruta base,11.478077885658166
Estadio Oeste → San Pedro,Ruta base,10.164629665372605
Estadio Oeste → San Pedro,Ruta base,11.96437695707572
Estadio Oeste → San Pedro,Ruta base,12.454180814645914
Estadio Oeste → San Pedro,Ruta base,10.503393600223294
Estadio Oeste → San Pedro,Ruta base,11.286975646211273
Estadio Oeste → San Pedro,Ruta base,11.364423797268973
Estadio Oeste → San Pedro,Ruta base,11.046631712856778
Estadio Oeste → San Pedro,Ruta base,10.165649960251915
Estadio Oeste → San Pedro,Ruta base,11.733114017150788
Estadio Oeste → San Pedro,Ruta base,10.751974312177074
Estadio Oeste → San Pedro,Ruta base,15.702207889247534
Estadio Oeste → San Pedro,Ruta base,14.246687805887905
Estadio Oeste → San Pedro,Ruta base,11.86403248020739
Estadio Oeste → San Pedro,Ruta base,10.065827392109318
Estadio Oeste → San Pedro,Ruta base,9.437726906587438
Estadio Oeste → San Pedro,Ruta base,12.715908667163447
Estadio Oeste → San Pedro,Ruta base,11.381606187800248
Estadio Oeste → San Pedro,Ruta base,12.191616644222664
Estadio Oeste → San Pedro,Ruta base,8.258984543380969
Estadio Oeste → San Pedro,Ruta base,12.154392836196374
Estadio Oeste → San Pedro,Ruta base,11.778863516582291
Estadio Oeste → San Pedro,Ruta base,9.263588870291281
Estadio Oeste → San Pedro,Ruta base,10.346670808275857
Estadio Oeste → San Pedro,Ruta base,11.528767689846392
Estadio Oeste → San Pedro,Ruta base,11.065841616595572
Estadio Oeste → San Pedro,Ruta base,10.585625233295875
Estadio Oeste → San Pedro,Ruta base,10.917451533683773
Estadio Oeste → San Pedro,Ruta base,10.548656762975858
Estadio Oeste → San Pedro,Ruta base,10.906456037053763
Estadio Oeste → San Pedro,Ruta base,13.839399854549795
Estadio Oeste → San Pedro,Ruta base,7.4487851555972595
Estadio Oeste → San Pedro,Ruta base,10.785695142243263
Estadio Oeste → San Pedro,Ruta base,11.23076566100607
Estadio Oeste → San Pedro,Ruta base,11.319560417849965
Estadio Oeste → San Pedro,Ruta base,10.157083593379078
Estadio Oeste → San Pedro,Ruta base,8.115970335588862
Estadio Oeste → San Pedro,Ruta base,11.732821756388345
Estadio Oeste → San Pedro,Ruta base,14.304786317203869
Estadio Oeste → San Pedro,Ruta base,9.299301509638878
Estadio Oeste → San Pedro,Ruta base,12.806878014519445
Estadio Oeste → San Pedro,Ruta base,10.245189730434143
Estadio Oeste → San Pedro,Ruta base,10.763007543824617
Estadio Oeste → San Pedro,Ruta base,9.609693915784828
Estadio Oeste → San Pedro,Ruta base,10.36737929888922
Estadio Oeste → San Pedro,Ruta base,13.782792441721975
Estadio Oeste → San Pedro,Ruta base,11.86903434980359
Estadio Oeste → San Pedro,Ruta base,14.19593576497723
Estadio Oeste → San Pedro,Ruta base,12.844050802922656
Estadio Oeste → San Pedro,Ruta base,11.61546577761227
Estadio Oeste → San Pedro,Ruta base,14.26936016662774
Estadio Oeste → San Pedro,Ruta base,11.873467623425705
Estadio Oeste → San Pedro,Ruta base,12.737874340943023
Estadio Oeste → San Pedro,Ruta base,10.819553127154311
Estadio Oeste → San Pedro,Ruta base,10.855198570280754
Estadio Oeste → San Pedro,Ruta base,9.695986737442116
Estadio Oeste → San Pedro,Ruta base,11.911608514843543
Estadio Oeste → San Pedro,Ruta base,9.832603146660308
Estadio Oeste → San Pedro,Ruta base,12.246794927651777
Estadio Oeste → San Pedro,Ruta base,10.718813286256491
Estadio Oeste → San Pedro,Ruta base,13.055660041176898
Estadio Oeste → San Pedro,Ruta base,12.535761720026501
Estadio Oeste → San Pedro,Ruta base,14.852183883990037
Estadio Oeste → San Pedro,Ruta base,12.594575503663156
Estadio Oeste → San Pedro,Ruta base,8.912462128272152
Estadio Oeste → San Pedro,Ruta base,10.782042926940122
Estadio Oeste → San Pedro,Ruta base,9.310825448667554
Estadio Oeste → San Pedro,Ruta base,10.112734540128995
Estadio Oeste → San Pedro,Ruta base,14.252374502826724
Estadio Oeste → San Pedro,Ruta base,11.7285189742237
Estadio Oeste → San Pedro,Ruta base,10.178263488446932
Estadio Oeste → San Pedro,Ruta base,9.700452412924669
Estadio Oeste → San Pedro,Ruta base,11.160633227779599
Estadio Oeste → San Pedro,Ruta base,8.873021204449623
Estadio Oeste → San Pedro,Ruta base,9.84686819106353
Estadio Oeste → San Pedro,Ruta base,11.603786806428937
Estadio Oeste → San Pedro,Ruta base,13.169034011820948
Estadio Oeste → San Pedro,Ruta base,12.095566329746271
Estadio Oeste → San Pedro,Ruta base,7.558052705282248
Estadio Oeste → San Pedro,Ruta base,11.253671479249569
Estadio Oeste → San Pedro,Ruta base,11.086333916518864
Estadio Oeste → San Pedro,Ruta base,11.198251132779198
Estadio Oeste → San Pedro,Ruta base,13.532617318192328
Estadio Oeste → San Pedro,Ruta base,8.146470175124346
Estadio Oeste → San Pedro,Ruta base,9.853648594085207
Estadio Oeste → San Pedro,Ruta base,12.116751954028478
Estadio Oeste → San Pedro,Ruta base,8.745186763014386
Estadio Oeste → San Pedro,Ruta base,13.617909141208797
Estadio Oeste → San Pedro,Ruta base,11.41976942540316
Estadio Oeste → San Pedro,Ruta base,12.804137870029365
Estadio Oeste → San Pedro,Ruta base,10.100318275846451
Estadio Oeste → San Pedro,Ruta base,12.096518582056587
Estadio Oeste → San Pedro,Ruta base,12.323672273204936
Estadio Oeste → San Pedro,Ruta base,10.999225001581173
Estadio Oeste → San Pedro,Ruta base,11.508259720966596
Estadio Oeste → San Pedro,Ruta base,11.231833907791334
Estadio Oeste → San Pedro,Ruta base,9.817517579626374
Estadio Oeste → San Pedro,Ruta base,10.960713831912814
Estadio Oeste → San Pedro,Ruta base,10.798712094546477
Estadio Oeste → San Pedro,Ruta base,11.577885345455586
Estadio Oeste → San Pedro,Ruta base,12.343573023017928
Estadio Oeste → San Pedro,Ruta base,9.145310347713272
Estadio Oeste → San Pedro,Ruta base,10.767657497601354
Estadio Oeste → San Pedro,Ruta base,13.63581022862688
Estadio Oeste → San Pedro,Ruta base,9.81896694051716
Estadio Oeste → San Pedro,Ruta base,9.865337394827218
Estadio Oeste → San Pedro,Ruta base,11.630743272373774
Estadio Oeste → San Pedro,Ruta base,12.58515898708233
Estadio Oeste → San Pedro,Ruta base,10.497942940217673
Estadio Oeste → San Pedro,Ruta base,13.365536830979527
Estadio Oeste → San Pedro,Ruta base,12.370816089036571
Estadio Oeste → San Pedro,Ruta base,12.186586205792874
Estadio Oeste → San Pedro,Ruta base,12.045159822321903
Estadio Oeste → San Pedro,Ruta base,15.929367917835544
Estadio Oeste → San Pedro,Ruta base,10.779288725575386
Estadio Oeste → San Pedro,Ruta base,8.043663012014287
Estadio Oeste → San Pedro,Ruta base,14.40584859260932
Estadio Oeste → San Pedro,Ruta base,10.534098019814415
Estadio Oeste → San Pedro,Ruta base,11.283485651781193
Estadio Oeste → San Pedro,Ruta base,13.07792367580656
Estadio Oeste → San Pedro,Ruta base,8.911346436083555
Estadio Oeste → San Pedro,Ruta base,9.135563604060552
Estadio Oeste → San Pedro,Ruta base,8.648149717967625
Estadio Oeste → San Pedro,Ruta base,9.89444536603111
Estadio Oeste → San Pedro,Ruta base,11.903621881220042
Estadio Oeste → San Pedro,Ruta base,11.71970918687762
Estadio Oeste → San Pedro,Ruta base,11.419512026290823
Estadio Oeste → San Pedro,Ruta base,8.673828396836852
Estadio Oeste → San Pedro,Ruta base,7.445094837891588
Estadio Oeste → San Pedro,Ruta base,11.196925723871665
Estadio Oeste → San Pedro,Ruta base,9.941749946560863
Estadio Oeste → San Pedro,Ruta base,11.639504984287026
Estadio Oeste → San Pedro,Ruta base,12.001377418537068
Estadio Oeste → San Pedro,Ruta base,11.301397565028932
Estadio Oeste → San Pedro,Ruta base,12.352628031981583
Estadio Oeste → San Pedro,Ruta base,11.334277419149913
Estadio Oeste → San Pedro,Ruta base,11.555036740997203
Estadio Oeste → San Pedro,Ruta base,9.980285833354646
Estadio Oeste → San Pedro,Ruta base,10.834510950733435
Estadio Oeste → San Pedro,Ruta base,11.375128323676343
Estadio Oeste → San Pedro,Ruta base,11.904538516523324
Estadio Oeste → San Pedro,Ruta base,10.379841959157774
Estadio Oeste → San Pedro,Ruta base,11.679116039846727
Estadio Oeste → San Pedro,Ruta base,10.390561084898339
Estadio Oeste → San Pedro,Ruta base,10.661488321148804
Estadio Oeste → San Pedro,Ruta base,12.412119182258376
Estadio Oeste → San Pedro,Ruta base,8.128820303244567
Estadio Oeste → San Pedro,Ruta base,8.925811364927574
Estadio Oeste → San Pedro,Ruta base,9.030816362676068
Estadio Oeste → San Pedro,Ruta base,7.79064573567268
Estadio Oeste → San Pedro,Ruta base,9.573785094835937
Estadio Oeste → San Pedro,Ruta base,12.428884319340193
Estadio Oeste → San Pedro,Ruta base,10.521621934575588
Estadio Oeste → San Pedro,Ruta base,11.253798019921332
Estadio Oeste → San Pedro,Ruta base,12.770181761087112
Estadio Oeste → San Pedro,Ruta base,13.567409799143022
Estadio Oeste → San Pedro,Ruta base,11.128964571817388
Estadio Oeste → San Pedro,Ruta base,13.51438917907559
Estadio Oeste → San Pedro,Ruta base,11.205382334218934
Estadio Oeste → San Pedro,Ruta base,9.310230619482944
Estadio Oeste → San Pedro,Ruta base,10.057584807651072
Estadio Oeste → San Pedro,Ruta base,8.583392556290452
Estadio Oeste → San Pedro,Ruta base,9.594837379769944
Estadio Oeste → San Pedro,Ruta base,10.502947059568124
Estadio Oeste → San Pedro,Ruta base,12.054267673007057
Estadio Oeste → San Pedro,Ruta base,14.03307978777716
Estadio Oeste → San Pedro,Ruta base,9.125974480371466
Estadio Oeste → San Pedro,Ruta base,12.114173970727062
Estadio Oeste → San Pedro,Ruta base,8.956242224834032
Estadio Oeste → San Pedro,Ruta base,11.970041650853362
Estadio Oeste → San Pedro,Ruta base,10.649253181682731
Estadio Oeste → San Pedro,Ruta base,8.566092220197424
Estadio Oeste → San Pedro,Ruta base,12.563040405949117
Estadio Oeste → San Pedro,Ruta base,9.962476468101347
Estadio Oeste → San Pedro,Ruta base,10.03475671961116
Estadio Oeste → San Pedro,Ruta base,9.197037682639012
Estadio Oeste → San Pedro,Ruta base,9.793488200520839
Estadio Oeste → San Pedro,Ruta base,11.994706331253559
Estadio Oeste → San Pedro,Ruta base,10.656753862016963
Estadio Oeste → San Pedro,Ruta base,11.309138971701836
Estadio Oeste → San Pedro,Ruta base,11.166728438817225
Estadio Oeste → San Pedro,Ruta base,13.591235739059258
Estadio Oeste → San Pedro,Ruta base,10.574517838460173
Estadio Oeste → San Pedro,Ruta base,8.752896724977111
Estadio Oeste → San Pedro,Ruta base,12.981023904924152
Estadio Oeste → San Pedro,Ruta base,10.71497260020716
Estadio Oeste → San Pedro,Ruta base,13.116751912540757
Estadio Oeste → San Pedro,Ruta base,11.614625952037168
Estadio Oeste → San Pedro,Ruta base,10.966471279194423
Estadio Oeste → San Pedro,Ruta base,11.273606163919593
Estadio Oeste → San Pedro,Ruta base,14.923920763934237
Estadio Oeste → San Pedro,Ruta base,14.760234265043122
Estadio Oeste → San Pedro,Ruta base,11.073506948174254
Estadio Oeste → San Pedro,Ruta base,11.59460822939435
Estadio Oeste → San Pedro,Ruta base,12.617578342186537
Estadio Oeste → San Pedro,Ruta base,9.8606272229159
Estadio Oeste → San Pedro,Ruta base,11.412200717644188
Estadio Oeste → San Pedro,Ruta base,11.101825775368397
Estadio Oeste → San Pedro,Ruta base,11.856308601427008
Estadio Oeste → San Pedro,Ruta base,9.697997356571431
Estadio Oeste → San Pedro,Ruta base,8.36480210282011
Estadio Oeste → San Pedro,Ruta base,8.2190121056293
Estadio Oeste → San Pedro,Ruta base,9.196989259758515
Estadio Oeste → San Pedro,Ruta base,10.188311124310758
Estadio Oeste → San Pedro,Ruta base,10.364854792889124
Estadio Oeste → San Pedro,Ruta base,14.799142823151577
Estadio Oeste → San Pedro,Ruta base,13.111260054536961
Estadio Oeste → San Pedro,Ruta base,9.821240243673795
Estadio Oeste → San Pedro,Ruta base,11.625738609579017
Estadio Oeste → San Pedro,Ruta base,10.91078324775222
Estadio Oeste → San Pedro,Ruta base,10.510216481901425
Estadio Oeste → San Pedro,Ruta base,11.338628771495259
Estadio Oeste → San Pedro,Ruta base,12.140734211378938
Estadio Oeste → San Pedro,Ruta base,10.32645715896069
Estadio Oeste → San Pedro,Ruta base,12.76217877496185
Estadio Oeste → San Pedro,Ruta base,9.155941857441906
Estadio Oeste → San Pedro,Ruta base,11.440897872139182
Estadio Oeste → San Pedro,Ruta base,16.870513130951874
Estadio Oeste → San Pedro,Ruta base,11.626216775591084
Estadio Oeste → San Pedro,Ruta base,13.20515563577207
Estadio Oeste → San Pedro,Ruta base,11.06238733255713
Estadio Oeste → San Pedro,Ruta base,12.152554422401227
Estadio Oeste → San Pedro,Ruta base,10.994607857597247
Estadio Oeste → San Pedro,Ruta base,10.710725549870908
Estadio Oeste → San Pedro,Ruta base,9.969509258405372
Estadio Oeste → San Pedro,Ruta base,11.505355798342615
Estadio Oeste → San Pedro,Ruta base,9.83012740262131
Estadio Oeste → San Pedro,Ruta base,12.388090683394301
Estadio Oeste → San Pedro,Ruta base,13.187480943360285
Estadio Oeste → San Pedro,Ruta base,11.490007286872858
Estadio Oeste → San Pedro,Ruta base,10.620966415978229
Estadio Oeste → San Pedro,Ruta base,11.416406112577533
Estadio Oeste → San Pedro,Ruta base,10.744537250891092
Estadio Oeste → San Pedro,Ruta base,12.544830689182845
Estadio Oeste → San Pedro,Ruta base,8.24036342328502
Estadio Oeste → San Pedro,Ruta base,10.409251008145324
Estadio Oeste → San Pedro,Ruta base,8.200334512027014
Estadio Oeste → San Pedro,Ruta base,8.835395439042301
Estadio Oeste → San Pedro,Ruta base,13.044340678534324
Estadio Oeste → San Pedro,Ruta base,12.864648814772483
Estadio Oeste → San Pedro,Ruta base,9.930514408123491
Estadio Oeste → San Pedro,Ruta base,8.758742564479816
Estadio Oeste → San Pedro,Ruta base,7.160339430563169
Estadio Oeste → San Pedro,Ruta base,10.29051164980944
Estadio Oeste → San Pedro,Ruta base,15.836401483299893
Estadio Oeste → San Pedro,Ruta base,11.828238068569766
Estadio Oeste → San Pedro,Ruta base,10.296530429878278
Estadio Oeste → San Pedro,Ruta base,12.05712960262202
Estadio Oeste → San Pedro,Ruta base,8.832517683118455
Estadio Oeste → San Pedro,Ruta base,10.431384471578742
Estadio Oeste → San Pedro,Ruta base,10.977401710654886
Estadio Oeste → San Pedro,Ruta base,10.530594360837728
Estadio Oeste → San Pedro,Ruta base,11.825424755736734
Estadio Oeste → San Pedro,Ruta base,11.300984254155177
Estadio Oeste → San Pedro,Ruta base,12.006642439759611
Estadio Oeste → San Pedro,Ruta base,9.925443270182166
Estadio Oeste → San Pedro,Ruta base,12.808143918453249
Estadio Oeste → San Pedro,Ruta base,13.766722362068814
Estadio Oeste → San Pedro,Ruta base,9.37224182238035
Estadio Oeste → San Pedro,Ruta base,9.527200155791348
Estadio Oeste → San Pedro,Ruta base,13.59224719009927
Estadio Oeste → San Pedro,Ruta base,10.512219972295307
Estadio Oeste → San Pedro,Ruta base,13.800984555480662
Estadio Oeste → San Pedro,Ruta base,10.400300771974072
Estadio Oeste → San Pedro,Ruta base,14.041954453480402
Estadio Oeste → San Pedro,Ruta base,11.316669240032954
Estadio Oeste → San Pedro,Ruta base,11.160209613226069
Estadio Oeste → San Pedro,Ruta base,13.925257575696476
Estadio Oeste → San Pedro,Ruta base,10.719532434570002
Estadio Oeste → San Pedro,Ruta base,9.69208627409028
Estadio Oeste → San Pedro,Ruta base,10.96287077495957
Estadio Oeste → San Pedro,Ruta base,11.988134817010216
Estadio Oeste → San Pedro,Ruta base,9.052048570012706
Estadio Oeste → San Pedro,Ruta base,12.263290491565757
Estadio Oeste → San Pedro,Ruta base,9.692226623677096
Estadio Oeste → San Pedro,Ruta base,13.085438281199917
Estadio Oeste → San Pedro,Ruta base,7.9001654888761745
Estadio Oeste → San Pedro,Ruta base,9.62538367503621
Estadio Oeste → San Pedro,Ruta base,8.672515341355902
Estadio Oeste → San Pedro,Ruta base,9.954846742560171
Estadio Oeste → San Pedro,Ruta base,11.594521600462905
Estadio Oeste → San Pedro,Ruta base,10.607942841794323
Estadio Oeste → San Pedro,Ruta base,10.657060276953592
Estadio Oeste → San Pedro,Ruta base,10.658119832900484
Estadio Oeste → San Pedro,Ruta base,11.354963874114544
Estadio Oeste → San Pedro,Ruta base,9.561459005074406
Estadio Oeste → San Pedro,Ruta base,11.762108198386779
Estadio Oeste → San Pedro,Ruta base,11.972596196281323
Estadio Oeste → San Pedro,Ruta base,11.389981191995325
Estadio Oeste → San Pedro,Ruta base,11.842157999922252
Estadio Oeste → San Pedro,Ruta base,11.665535167687898
Estadio Oeste → San Pedro,Ruta base,15.006815023677541
Estadio Oeste → San Pedro,Ruta base,11.269909261197066
Estadio Oeste → San Pedro,Ruta base,10.73671791636843
Estadio Oeste → San Pedro,Ruta base,9.728803904936827
Estadio Oeste → San Pedro,Ruta base,9.58764949010238
Estadio Oeste → San Pedro,Ruta base,8.920655644520606
Estadio Oeste → San Pedro,Ruta base,9.352229859958522
Estadio Oeste → San Pedro,Ruta base,11.022694419554243
Estadio Oeste → San Pedro,Ruta base,11.588008176739608
Estadio Oeste → San Pedro,Ruta base,10.893099871719237
Estadio Oeste → San Pedro,Ruta base,9.865660031972952
Estadio Oeste → San Pedro,Ruta base,12.695168954151942
Estadio Oeste → San Pedro,Ruta base,12.537182906047008
Estadio Oeste → San Pedro,Ruta base,10.549370851707268
Estadio Oeste → San Pedro,Ruta base,9.73276875056214
Estadio Oeste → San Pedro,Ruta base,11.8893707354293
Estadio Oeste → San Pedro,Ruta base,11.42809712135093
Estadio Oeste → San Pedro,Ruta base,9.072259974281488
Estadio Oeste → San Pedro,Ruta base,10.84806265248833
Estadio Oeste → San Pedro,Ruta base,11.258825317515184
Estadio Oeste → San Pedro,Ruta base,9.370512253578516
Estadio Oeste → San Pedro,Ruta base,11.421337207102795
Estadio Oeste → San Pedro,Ruta base,8.88810825989368
Estadio Oeste → San Pedro,Ruta base,13.758435734717736
Estadio Oeste → San Pedro,Ruta base,12.95030189475478
Estadio Oeste → San Pedro,Ruta base,10.421469505430833
Estadio Oeste → San Pedro,Ruta base,11.672302706340503
Estadio Oeste → San Pedro,Ruta base,7.498616378069714
Estadio Oeste → San Pedro,Ruta base,9.381351091475839
Estadio Oeste → San Pedro,Ruta base,10.5713336322318
Estadio Oeste → San Pedro,Ruta base,9.643111294792966
Estadio Oeste → San Pedro,Ruta base,12.250340234860676
Estadio Oeste → San Pedro,Ruta base,15.052941195236365
Estadio Oeste → San Pedro,Ruta base,9.064936390593656
Estadio Oeste → San Pedro,Ruta base,9.955775678318936
Estadio Oeste → San Pedro,Ruta base,11.075445466960371
Estadio Oeste → San Pedro,Ruta base,14.677962371350455
Estadio Oeste → San Pedro,Ruta base,9.210254097188692
Estadio Oeste → San Pedro,Ruta base,11.856164100313944
Estadio Oeste → San Pedro,Ruta base,14.915731838405668
Estadio Oeste → San Pedro,Ruta base,8.47897331433128
Estadio Oeste → San Pedro,Ruta base,8.966041114145224
Estadio Oeste → San Pedro,Ruta base,9.924381822895073
Estadio Oeste → San Pedro,Ruta base,10.117073886538067
Estadio Oeste → San Pedro,Ruta base,12.307721599426639
Estadio Oeste → San Pedro,Ruta base,11.460344236293945
Estadio Oeste → San Pedro,Ruta base,8.614035520336694
Estadio Oeste → San Pedro,Ruta base,12.033220841962882
Estadio Oeste → San Pedro,Ruta base,10.07307025184826
Estadio Oeste → San Pedro,Ruta base,13.631330066682567
Estadio Oeste → San Pedro,Ruta base,9.95463903706672
Estadio Oeste → San Pedro,Ruta base,9.807483970652164
Estadio Oeste → San Pedro,Ruta base,11.554044022736667
Estadio Oeste → San Pedro,Ruta base,12.525225912059547
Estadio Oeste → San Pedro,Ruta base,11.949890477982986
Estadio Oeste → San Pedro,Ruta base,8.66375180056445
Estadio Oeste → San Pedro,Ruta base,11.755448614844047
Estadio Oeste → San Pedro,Ruta base,9.131178601199464
Estadio Oeste → San Pedro,Ruta base,11.032055941129839
Estadio Oeste → San Pedro,Ruta base,8.853717869261596
Estadio Oeste → San Pedro,Ruta base,11.391529343574833
Estadio Oeste → San Pedro,Ruta base,9.692179915755599
Estadio Oeste → San Pedro,Ruta base,9.200100758980188
Estadio Oeste → San Pedro,Ruta base,12.686401388824587
Estadio Oeste → San Pedro,Ruta base,11.157908930234289
Estadio Oeste → San Pedro,Ruta base,10.015564496660097
Estadio Oeste → San Pedro,Ruta base,13.254571175471986
Estadio Oeste → San Pedro,Ruta base,10.572394489326415
Estadio Oeste → San Pedro,Ruta base,10.971377893089537
Estadio Oeste → San Pedro,Ruta base,11.796077130283473
Estadio Oeste → San Pedro,Ruta base,10.214654804397698
Estadio Oeste → San Pedro,Ruta base,12.04133751340824
Estadio Oeste → San Pedro,Ruta base,10.407529301878194
Estadio Oeste → San Pedro,Ruta base,10.104557275454944
Estadio Oeste → San Pedro,Ruta base,13.390849210402886
Estadio Oeste → San Pedro,Ruta base,9.298382793414733
Estadio Oeste → San Pedro,Ruta base,7.748401170722379
Estadio Oeste → San Pedro,Ruta base,14.069456702044942
Estadio Oeste → San Pedro,Ruta base,16.69456139073537
Estadio Oeste → San Pedro,Ruta base,9.961842781425549
Estadio Oeste → San Pedro,Ruta base,8.448822574935813
Estadio Oeste → San Pedro,Ruta base,10.556109534969325
Estadio Oeste → San Pedro,Ruta base,10.380500914978244
Estadio Oeste → San Pedro,Ruta base,10.44499109313065
Estadio Oeste → San Pedro,Ruta base,9.325431801403754
Estadio Oeste → San Pedro,Ruta base,11.76989002608252
Estadio Oeste → San Pedro,Ruta base,11.962525692361405
Estadio Oeste → San Pedro,Ruta base,8.823282020438455
Estadio Oeste → San Pedro,Ruta base,12.214678006602186
Estadio Oeste → San Pedro,Ruta base,14.127530042829068
Estadio Oeste → San Pedro,Ruta base,11.228703916325362
Estadio Oeste → San Pedro,Ruta base,10.14687239759833
Estadio Oeste → San Pedro,Ruta base,10.457104019667804
Estadio Oeste → San Pedro,Ruta base,11.973733028355788
Estadio Oeste → San Pedro,Ruta base,8.304341014069276
Estadio Oeste → San Pedro,Ruta base,11.05300188027955
Estadio Oeste → San Pedro,Ruta base,10.024690735970742
Estadio Oeste → San Pedro,Ruta base,14.677200299937462
Estadio Oeste → San Pedro,Ruta base,10.684195811357412
Estadio Oeste → San Pedro,Ruta base,14.153013433506526
Estadio Oeste → San Pedro,Ruta base,9.051542627769463
Estadio Oeste → San Pedro,Ruta base,12.181233756437473
Estadio Oeste → San Pedro,Ruta base,11.281020936441246
Estadio Oeste → San Pedro,Ruta base,9.497273719830998
Estadio Oeste → San Pedro,Ruta base,11.229531161101447
Estadio Oeste → San Pedro,Ruta base,13.073500436650669
Estadio Oeste → San Pedro,Ruta base,10.434624509789721
Estadio Oeste → San Pedro,Ruta base,8.730824015403755
Estadio Oeste → San Pedro,Ruta base,10.839958121295561
Estadio Oeste → San Pedro,Ruta base,9.167547450744394
Estadio Oeste → San Pedro,Ruta base,10.581085882606088
Estadio Oeste → San Pedro,Ruta base,11.05778332768402
Estadio Oeste → San Pedro,Ruta base,8.585030142254412
Estadio Oeste → San Pedro,Ruta base,8.28700003438302
Estadio Oeste → San Pedro,Ruta base,11.82427004031394
Estadio Oeste → San Pedro,Ruta base,10.479671290219175
Estadio Oeste → San Pedro,Ruta base,7.499646900057056
Estadio Oeste → San Pedro,Ruta base,11.879525087061014
Estadio Oeste → San Pedro,Ruta base,11.913291059278318
Estadio Oeste → San Pedro,Ruta base,9.87819508152278
Estadio Oeste → San Pedro,Ruta base,9.190501108498013
Estadio Oeste → San Pedro,Ruta base,12.076596566634535
Estadio Oeste → San Pedro,Ruta base,11.185125209686912
Estadio Oeste → San Pedro,Ruta base,15.962727248094515
Estadio Oeste → San Pedro,Ruta base,11.514060945020796
Estadio Oeste → San Pedro,Ruta base,11.285638215197476
Estadio Oeste → San Pedro,Ruta base,10.518850929875112
Estadio Oeste → San Pedro,Ruta base,12.483316004040532
Estadio Oeste → San Pedro,Ruta base,12.291117882590427
Estadio Oeste → San Pedro,Ruta base,13.129945390177275
Estadio Oeste → San Pedro,Ruta base,10.078642455012908
Estadio Oeste → San Pedro,Ruta base,9.795047850813514
Estadio Oeste → San Pedro,Ruta base,9.940736797271127
Estadio Oeste → San Pedro,Ruta base,11.877714733202165
Estadio Oeste → San Pedro,Ruta base,14.033653935611728
Estadio Oeste → San Pedro,Ruta base,11.138263907856299
Estadio Oeste → San Pedro,Ruta base,10.36069488939877
Estadio Oeste → San Pedro,Ruta base,11.562180527294798
Estadio Oeste → San Pedro,Ruta base,10.443656638160892
Estadio Oeste → San Pedro,Ruta base,12.416667264761745
Estadio Oeste → San Pedro,Ruta base,8.091242178966496
Estadio Oeste → San Pedro,Ruta base,9.59959282069984
Estadio Oeste → San Pedro,Ruta base,9.7631995223549
Estadio Oeste → San Pedro,Ruta base,7.7385420862377785
Estadio Oeste → San Pedro,Ruta base,9.493487451729651
Estadio Oeste → San Pedro,Ruta base,9.419164050643067
Estadio Oeste → San Pedro,Ruta base,10.431263796960696
Estadio Oeste → San Pedro,Ruta base,12.731609597503406
Estadio Oeste → San Pedro,Ruta base,10.862597697637707
Estadio Oeste → San Pedro,Ruta base,9.268973053364174
Estadio Oeste → San Pedro,Ruta base,10.884867004322846
Estadio Oeste → San Pedro,Ruta base,12.631624913427226
Estadio Oeste → San Pedro,Ruta base,9.642739378197179
Estadio Oeste → San Pedro,Ruta base,9.652930606044325
Estadio Oeste → San Pedro,Ruta base,11.682128601878464
Estadio Oeste → San Pedro,Ruta base,11.049243925600681
Estadio Oeste → San Pedro,Ruta base,12.183820001811789
Estadio Oeste → San Pedro,Ruta base,11.056414527250244
Estadio Oeste → San Pedro,Ruta base,11.860804026070005
Estadio Oeste → San Pedro,Ruta base,9.641771241342832
Estadio Oeste → San Pedro,Ruta base,11.182497792872189
Estadio Oeste → San Pedro,Ruta base,10.729770733550454
Estadio Oeste → San Pedro,Ruta base,8.962905678815584
Estadio Oeste → San Pedro,Ruta base,8.54947148878651
Estadio Oeste → San Pedro,Ruta base,12.335377096341167
Estadio Oeste → San Pedro,Ruta base,10.630199157972937
Estadio Oeste → San Pedro,Ruta base,9.230630617617802
Estadio Oeste → San Pedro,Ruta base,10.901068253793655
Estadio Oeste → San Pedro,Ruta base,13.14463624185783
Estadio Oeste → San Pedro,Ruta base,8.001627633801684
Estadio Oeste → San Pedro,Ruta base,8.88302414290203
Estadio Oeste → San Pedro,Ruta base,9.553053214989786
Estadio Oeste → San Pedro,Ruta base,13.930312874619942
Estadio Oeste → San Pedro,Ruta base,11.423560027825276
Estadio Oeste → San Pedro,Ruta base,12.150827199544809
Estadio Oeste → San Pedro,Ruta base,9.34222188540549
Estadio Oeste → San Pedro,Ruta base,9.303336322993234
Estadio Oeste → San Pedro,Ruta base,11.448281521184247
Estadio Oeste → San Pedro,Ruta base,11.040314838376029
Estadio Oeste → San Pedro,Ruta base,11.984369339143896
Estadio Oeste → San Pedro,Ruta base,10.52322900640416
Estadio Oeste → San Pedro,Ruta base,11.78037009020241
Estadio Oeste → San Pedro,Ruta base,11.29036618537103
Estadio Oeste → San Pedro,Ruta base,12.97590057904271
Estadio Oeste → San Pedro,Ruta base,12.623837340222014
Estadio Oeste → San Pedro,Ruta base,8.85175282979176
Estadio Oeste → San Pedro,Ruta base,7.647485624277342
Estadio Oeste → San Pedro,Ruta base,12.598397169986788
Estadio Oeste → San Pedro,Ruta base,13.311109305479402
Estadio Oeste → San Pedro,Ruta base,9.579249883253555
Estadio Oeste → San Pedro,Ruta base,8.301352963510922
Estadio Oeste → San Pedro,Ruta base,11.45396432057118
Estadio Oeste → San Pedro,Ruta base,12.776549002142538
Estadio Oeste → San Pedro,Ruta base,14.200930966587393
Estadio Oeste → San Pedro,Ruta base,11.715486535582212
Estadio Oeste → San Pedro,Ruta base,9.906502540501117
Estadio Oeste → San Pedro,Ruta base,9.254973977421287
Estadio Oeste → San Pedro,Ruta base,10.80328410850949
Estadio Oeste → San Pedro,Ruta base,10.463238152517745
Estadio Oeste → San Pedro,Ruta base,9.549227475752973
Estadio Oeste → San Pedro,Ruta base,14.867181300765264
Estadio Oeste → San Pedro,Ruta base,14.260095796725306
Estadio Oeste → San Pedro,Ruta base,12.632106697032825
Estadio Oeste → San Pedro,Ruta base,9.582095171105825
Estadio Oeste → San Pedro,Ruta base,12.477315000529645
Estadio Oeste → San Pedro,Ruta base,12.56587259049028
Estadio Oeste → San Pedro,Ruta base,11.903208892144098
Estadio Oeste → San Pedro,Ruta base,13.367088851247614
Estadio Oeste → San Pedro,Ruta base,11.97146207415402
Estadio Oeste → San Pedro,Ruta base,12.318013577706584
Estadio Oeste → San Pedro,Ruta base,12.410642760808276
Estadio Oeste → San Pedro,Ruta base,11.404586551115303
Estadio Oeste → San Pedro,Ruta base,8.351226597393042
Estadio Oeste → San Pedro,Ruta base,11.185011890992742
Estadio Oeste → San Pedro,Ruta base,10.373031220362444
Estadio Oeste → San Pedro,Ruta base,9.240671811598991
Estadio Oeste → San Pedro,Ruta base,14.352665156991295
Estadio Oeste → San Pedro,Ruta base,14.567103450939715
Estadio Oeste → San Pedro,Ruta base,13.603147578399904
Estadio Oeste → San Pedro,Ruta base,11.464909942116105
Estadio Oeste → San Pedro,Ruta base,13.652415687963263
Estadio Oeste → San Pedro,Ruta base,11.020001202495518
Estadio Oeste → San Pedro,Ruta base,11.229299761134596
Estadio Oeste → San Pedro,Ruta base,9.108985063871925
Estadio Oeste → San Pedro,Ruta base,11.556925177703086
Estadio Oeste → San Pedro,Ruta base,10.842933532273657
Estadio Oeste → San Pedro,Ruta base,9.175198117835697
Estadio Oeste → San Pedro,Ruta base,10.91692911051053
Estadio Oeste → San Pedro,Ruta base,10.707975970036767
Estadio Oeste → San Pedro,Ruta base,14.283133447196626
Estadio Oeste → San Pedro,Ruta base,12.645224869131052
Estadio Oeste → San Pedro,Ruta base,11.2706547485062
Estadio Oeste → San Pedro,Ruta base,11.121657466247237
Estadio Oeste → San Pedro,Ruta base,11.089027138016608
Estadio Oeste → San Pedro,Ruta base,10.683077594059675
Estadio Oeste → San Pedro,Ruta base,9.453147856213649
Estadio Oeste → San Pedro,Ruta base,10.755240567946544
Estadio Oeste → San Pedro,Ruta base,9.667545912160532
Estadio Oeste → San Pedro,Ruta base,9.126670437905533
Estadio Oeste → San Pedro,Ruta base,11.965056354586473
Estadio Oeste → San Pedro,Ruta base,11.23908289566644
Estadio Oeste → San Pedro,Ruta base,8.352904176540155
Estadio Oeste → San Pedro,Ruta base,10.924262877910794
Estadio Oeste → San Pedro,Ruta base,12.449956537895416
Estadio Oeste → San Pedro,Ruta base,12.720845110383868
Estadio Oeste → San Pedro,Ruta base,12.370899729448144
Estadio Oeste → San Pedro,Ruta base,11.223743877692202
Estadio Oeste → San Pedro,Ruta base,9.572320502432952
Estadio Oeste → San Pedro,Ruta base,9.259502976091254
Estadio Oeste → San Pedro,Ruta base,11.428141497087712
Estadio Oeste → San Pedro,Ruta base,11.645648171033361
Estadio Oeste → San Pedro,Ruta base,13.467096295874851
Estadio Oeste → San Pedro,Ruta base,12.330179059131677
Estadio Oeste → San Pedro,Ruta base,11.291496179566833
Estadio Oeste → San Pedro,Ruta base,9.069596912589384
Estadio Oeste → San Pedro,Ruta base,10.629948546066117
Estadio Oeste → San Pedro,Ruta base,11.25906437527692
Estadio Oeste → San Pedro,Ruta base,10.8637240963675
Estadio Oeste → San Pedro,Ruta base,9.6611972605848
Estadio Oeste → San Pedro,Ruta base,11.44352147106029
Estadio Oeste → San Pedro,Ruta base,10.420432773143862
Estadio Oeste → San Pedro,Ruta base,10.23427838245388
Estadio Oeste → San Pedro,Ruta base,11.05047517253923
Estadio Oeste → San Pedro,Ruta base,10.409608587925344
Estadio Oeste → San Pedro,Ruta base,11.486905661256026
Estadio Oeste → San Pedro,Ruta base,11.751258007858846
Estadio Oeste → San Pedro,Ruta base,8.925738850301816
Estadio Oeste → San Pedro,Ruta base,10.014195689496658
Estadio Oeste → San Pedro,Ruta base,13.382303331251855
Estadio Oeste → San Pedro,Ruta base,9.427621764472132
Estadio Oeste → San Pedro,Ruta base,8.25372060422082
Estadio Oeste → San Pedro,Ruta base,8.121566599240342
Estadio Oeste → San Pedro,Ruta base,11.160783417590439
Estadio Oeste → San Pedro,Ruta base,11.026641317211636
Estadio Oeste → San Pedro,Ruta base,10.784241646134891
Estadio Oeste → San Pedro,Ruta base,13.213756701036726
Estadio Oeste → San Pedro,Ruta base,7.183796448614502
Estadio Oeste → San Pedro,Ruta base,11.39981781949389
Estadio Oeste → San Pedro,Ruta base,13.80832520769489
Estadio Oeste → San Pedro,Ruta base,9.600993641810591
Estadio Oeste → San Pedro,Ruta base,10.228237908449643
Estadio Oeste → San Pedro,Ruta base,9.937795848617423
Estadio Oeste → San Pedro,Ruta base,9.588444593748024
Estadio Oeste → San Pedro,Ruta base,10.144417443789047
Estadio Oeste → San Pedro,Ruta base,13.299376894276959
Estadio Oeste → San Pedro,Ruta base,14.766088423852848
Estadio Oeste → San Pedro,Ruta base,10.234502201496046
Estadio Oeste → San Pedro,Ruta base,14.351198088041821
Estadio Oeste → San Pedro,Ruta base,10.99662580466189
Estadio Oeste → San Pedro,Ruta base,13.79016362913139
Estadio Oeste → San Pedro,Ruta base,11.324017297930805
Estadio Oeste → San Pedro,Ruta base,11.274299801566466
Estadio Oeste → San Pedro,Ruta base,11.45497367353121
Estadio Oeste → San Pedro,Ruta base,17.73296134111118
Estadio Oeste → San Pedro,Ruta base,12.356242469412905
Estadio Oeste → San Pedro,Ruta base,9.575192217124423
Estadio Oeste → San Pedro,Ruta base,13.090290056009188
Estadio Oeste → San Pedro,Ruta base,10.542636086602217
Estadio Oeste → San Pedro,Ruta base,10.426784092972262
Estadio Oeste → San Pedro,Ruta base,12.706964903827844
Estadio Oeste → San Pedro,Ruta base,10.884041112887706
Estadio Oeste → San Pedro,Ruta base,11.212660388162682
Estadio Oeste → San Pedro,Ruta base,10.809808445265743
Estadio Oeste → San Pedro,Ruta base,11.280759049733124
Estadio Oeste → San Pedro,Ruta base,11.75887206521812
Estadio Oeste → San Pedro,Ruta base,8.20114437610932
Estadio Oeste → San Pedro,Ruta base,12.431974518368461
Estadio Oeste → San Pedro,Ruta base,8.925647467495974
Estadio Oeste → San Pedro,Ruta base,8.73218805630456
Estadio Oeste → San Pedro,Ruta base,10.78096907027522
Estadio Oeste → San Pedro,Ruta base,11.473763794894971
Estadio Oeste → San Pedro,Ruta base,10.076932105782904
Estadio Oeste → San Pedro,Ruta base,12.097479103374377
Estadio Oeste → San Pedro,Ruta base,8.965378663444051
Estadio Oeste → San Pedro,Ruta base,10.662735085994042
Estadio Oeste → San Pedro,Ruta base,10.395593894258045
Estadio Oeste → San Pedro,Ruta base,10.758112237536881
Estadio Oeste → San Pedro,Ruta base,11.45936864448447
Estadio Oeste → San Pedro,Ruta base,9.564155876833818
Estadio Oeste → San Pedro,Ruta base,12.198005909603182
Estadio Oeste → San Pedro,Ruta base,10.908161548545637
Estadio Oeste → San Pedro,Ruta base,8.149763771339842
Estadio Oeste → San Pedro,Ruta base,7.860535155637816
Estadio Oeste → San Pedro,Ruta base,10.60441751069904
Estadio Oeste → San Pedro,Ruta base,10.57827205588326
Estadio Oeste → San Pedro,Ruta base,10.928853813486015
Estadio Oeste → San Pedro,Ruta base,10.816203169900268
Estadio Oeste → San Pedro,Ruta base,11.711424828162455
Estadio Oeste → San Pedro,Ruta base,12.86168207472552
Estadio Oeste → San Pedro,Ruta base,9.449271484183125
Estadio Oeste → San Pedro,Ruta base,9.406957089986996
Estadio Oeste → San Pedro,Ruta base,9.388084277610762
Estadio Oeste → San Pedro,Ruta base,11.812620460405054
Estadio Oeste → San Pedro,Ruta base,12.807344376679724
Estadio Oeste → San Pedro,Ruta base,10.098832452939334
Estadio Oeste → San Pedro,Ruta base,7.448545386945959
Estadio Oeste → San Pedro,Ruta base,8.759783152499459
Estadio Oeste → San Pedro,Ruta base,9.7872857273371
Estadio Oeste → San Pedro,Ruta base,9.793698156723647
Estadio Oeste → San Pedro,Ruta base,10.092131476945465
Estadio Oeste → San Pedro,Ruta base,11.304260484706445
Estadio Oeste → San Pedro,Ruta base,10.582156788010247
Estadio Oeste → San Pedro,Ruta base,13.150988110455808
Estadio Oeste → San Pedro,Ruta base,9.907125913561627
Estadio Oeste → San Pedro,Ruta base,9.647675181167868
Estadio Oeste → San Pedro,Ruta base,11.794601804935278
Estadio Oeste → San Pedro,Ruta base,8.607129258289413
Estadio Oeste → San Pedro,Ruta base,11.758382712167851
Estadio Oeste → San Pedro,Ruta base,11.228341087368774
Estadio Oeste → San Pedro,Ruta base,11.105654375377323
Estadio Oeste → San Pedro,Ruta base,13.676351998946142
Estadio Oeste → San Pedro,Ruta base,10.109954386977112
Estadio Oeste → San Pedro,Ruta base,15.140434081174396
Estadio Oeste → San Pedro,Ruta base,10.705101572842983
Estadio Oeste → San Pedro,Ruta base,8.754755305722787
Estadio Oeste → San Pedro,Ruta base,10.826929310377178
Estadio Oeste → San Pedro,Ruta base,9.26259356675813
Estadio Oeste → San Pedro,Ruta base,9.584506851558677
Estadio Oeste → San Pedro,Ruta base,12.095291587470102
Estadio Oeste → San Pedro,Ruta base,12.098089610110444
Estadio Oeste → San Pedro,Ruta base,10.006127654096773
Estadio Oeste → San Pedro,Ruta base,12.720642430678742
Estadio Oeste → San Pedro,Ruta base,12.400892228454195
Estadio Oeste → San Pedro,Ruta base,13.269741932198256
Estadio Oeste → San Pedro,Ruta base,12.020575641461543
Estadio Oeste → San Pedro,Ruta base,13.312839425569775
Estadio Oeste → San Pedro,Ruta base,8.242011083568137
Estadio Oeste → San Pedro,Ruta base,10.557440762905774
Estadio Oeste → San Pedro,Ruta base,9.707683242155966
Estadio Oeste → San Pedro,Ruta base,10.92342662435229
Estadio Oeste → San Pedro,Ruta base,10.117240706638265
Estadio Oeste → San Pedro,Ruta base,10.665068246878278
Estadio Oeste → San Pedro,Ruta base,15.383822891105712
Estadio Oeste → San Pedro,Ruta base,10.422343905526738
Estadio Oeste → San Pedro,Ruta base,11.314236886431852
Estadio Oeste → San Pedro,Ruta base,10.53148381693179
Estadio Oeste → San Pedro,Ruta base,10.848467354374703
Estadio Oeste → San Pedro,Ruta base,10.865441813505052
Estadio Oeste → San Pedro,Ruta base,11.978437010791806
Estadio Oeste → San Pedro,Ruta base,12.901392303893658
Estadio Oeste → San Pedro,Ruta base,13.947953041873077
Estadio Oeste → San Pedro,Ruta base,11.263699168792321
Estadio Oeste → San Pedro,Ruta base,11.455642180511534
Estadio Oeste → San Pedro,Ruta base,9.265128314670001
Estadio Oeste → San Pedro,Ruta base,10.880879244070254
Estadio Oeste → San Pedro,Ruta base,12.811106690852428
Estadio Oeste → San Pedro,Ruta base,12.522675952522647
Estadio Oeste → San Pedro,Ruta base,11.078206302899856
Estadio Oeste → San Pedro,Ruta base,12.35627007798095
Estadio Oeste → San Pedro,Ruta base,11.59921858003655
Estadio Oeste → San Pedro,Ruta base,12.982119211504397
Estadio Oeste → San Pedro,Ruta base,11.280203298023547
Estadio Oeste → San Pedro,Ruta base,9.99883696630405
Estadio Oeste → San Pedro,Ruta base,12.067486364052325
Estadio Oeste → San Pedro,Ruta base,6.9037832650292
Estadio Oeste → San Pedro,Ruta base,11.431513536195062
Estadio Oeste → San Pedro,Ruta base,6.507291176731403
Estadio Oeste → San Pedro,Ruta base,8.339090456588826
Estadio Oeste → San Pedro,Ruta base,12.316396869145208
Estadio Oeste → San Pedro,Ruta base,11.714977545420385
Estadio Oeste → San Pedro,Ruta base,9.3179469743842
Estadio Oeste → San Pedro,Ruta base,9.838302653914734
Estadio Oeste → San Pedro,Ruta base,13.25150555094714
Estadio Oeste → San Pedro,Ruta base,10.448580259131816
Estadio Oeste → San Pedro,Ruta base,15.303366057756845
Estadio Oeste → San Pedro,Ruta base,10.661347733015948
Estadio Oeste → San Pedro,Ruta base,12.012143894624934
Estadio Oeste → San Pedro,Ruta base,13.35598016702469
Estadio Oeste → San Pedro,Ruta base,10.933323434763684
Estadio Oeste → San Pedro,Ruta base,10.001674481768106
Estadio Oeste → San Pedro,Ruta base,10.465612341640647
Estadio Oeste → San Pedro,Ruta base,11.045475721012986
Estadio Oeste → San Pedro,Ruta base,9.012054277759821
Estadio Oeste → San Pedro,Ruta base,10.469187534834466
Estadio Oeste → San Pedro,Ruta base,9.787449970294189
Estadio Oeste → San Pedro,Ruta base,12.78988433706316
Estadio Oeste → San Pedro,Ruta base,11.253557922885872
Estadio Oeste → San Pedro,Ruta base,10.36668299482474
Estadio Oeste → San Pedro,Ruta base,10.401807631218855
Estadio Oeste → San Pedro,Ruta base,11.371371580235376
Estadio Oeste → San Pedro,Ruta base,11.877427045267096
Estadio Oeste → San Pedro,Ruta base,9.153213007093429
Estadio Oeste → San Pedro,Ruta base,9.14573574925425
Estadio Oeste → San Pedro,Ruta base,12.827148863949928
Estadio Oeste → San Pedro,Ruta base,10.251421040968001
Estadio Oeste → San Pedro,Ruta base,9.052484999553123
Estadio Oeste → San Pedro,Ruta base,11.462367343388072
Estadio Oeste → San Pedro,Ruta base,11.818826579811786
Estadio Oeste → San Pedro,Ruta base,8.823881360703355
Estadio Oeste → San Pedro,Ruta base,11.151998804302528
Estadio Oeste → San Pedro,Ruta base,12.043832704550267
Estadio Oeste → San Pedro,Ruta base,11.354027078226395
Estadio Oeste → San Pedro,Ruta base,11.763116381311066
Estadio Oeste → San Pedro,Ruta base,8.872496607534165
Estadio Oeste → San Pedro,Ruta base,11.877410649119566
Estadio Oeste → San Pedro,Ruta base,10.217061814804822
Estadio Oeste → San Pedro,Ruta base,10.042350492312195
Estadio Oeste → San Pedro,Ruta base,12.622383539565096
Estadio Oeste → San Pedro,Ruta base,13.71046036861019
Estadio Oeste → San Pedro,Ruta base,14.284897119536486
Estadio Oeste → San Pedro,Ruta base,13.657661596598281
Estadio Oeste → San Pedro,Ruta base,10.73348328582162
Estadio Oeste → San Pedro,Ruta base,11.846503020360844
Estadio Oeste → San Pedro,Ruta base,12.473087522144438
Estadio Oeste → San Pedro,Ruta base,11.349143031442852
Estadio Oeste → San Pedro,Ruta base,10.974393654540552
Estadio Oeste → San Pedro,Ruta base,12.078729813758239
Cuatro Reinas → Paso Ancho,Ruta optimizada,8.399511138041218
Cuatro Reinas → Paso Ancho,Ruta optimizada,8.787281753447242
Cuatro Reinas → Paso Ancho,Ruta optimizada,7.38772674330108
Cuatro Reinas → Paso Ancho,Ruta optimizada,6.6173291992865755
Cuatro Reinas → Paso Ancho,Ruta optimizada,6.3664812492388485
Cuatro Reinas → Paso Ancho,Ruta optimizada,9.094826918377754
Cuatro Reinas → Paso Ancho,Ruta optimizada,7.896827699151585
Cuatro Reinas → Paso Ancho,Ruta optimizada,8.326987256408723
Cuatro Reinas → Paso Ancho,Ruta optimizada,7.578577173224649
Cuatro Reinas → Paso Ancho,Ruta optimizada,10.08430525057924
Cuatro Reinas → Paso Ancho,Ruta optimizada,10.068947974854108
Cuatro Reinas → Paso Ancho,Ruta optimizada,7.7427469446547725
Cuatro Reinas → Paso Ancho,Ruta optimizada,7.619850541117434
Cuatro Reinas → Paso Ancho,Ruta optimizada,8.042216019225343
Cuatro Reinas → Paso Ancho,Ruta optimizada,6.942238520223037
Cuatro Reinas → Paso Ancho,Ruta optimizada,7.423563358311179
Cuatro Reinas → Paso Ancho,Ruta optimizada,7.479671803642902
Cuatro Reinas → Paso Ancho,Ruta optimizada,8.76529469373579
Cuatro Reinas → Paso Ancho,Ruta optimizada,8.014581968715694
Cuatro Reinas → Paso Ancho,Ruta optimizada,7.415734100705683
Cuatro Reinas → Paso Ancho,Ruta optimizada,10.214115547438803
Cuatro Reinas → Paso Ancho,Ruta optimizada,7.615760721590097
Cuatro Reinas → Paso Ancho,Ruta optimizada,6.438600331550414
Cuatro Reinas → Paso Ancho,Ruta optimizada,9.004708810433408
Cuatro Reinas → Paso Ancho,Ruta optimizada,5.898493101663189
Cuatro Reinas → Paso Ancho,Ruta optimizada,8.619967720455906
Cuatro Reinas → Paso Ancho,Ruta optimizada,8.589541611482394
Cuatro Reinas → Paso Ancho,Ruta optimizada,8.374642336419484
Cuatro Reinas → Paso Ancho,Ruta optimizada,8.397466920597822
Cuatro Reinas → Paso Ancho,Ruta optimizada,6.033494742443662
Cuatro Reinas → Paso Ancho,Ruta optimizada,8.896509432179505
Cuatro Reinas → Paso Ancho,Ruta optimizada,9.07603058060218
Cuatro Reinas → Paso Ancho,Ruta optimizada,6.941765031703699
Cuatro Reinas → Paso Ancho,Ruta optimizada,10.46586197266075
Cuatro Reinas → Paso Ancho,Ruta optimizada,6.962885407466115
Cuatro Reinas → Paso Ancho,Ruta optimizada,6.5469304008002975
Cuatro Reinas → Paso Ancho,Ruta optimizada,6.055243949847936
Cuatro Reinas → Paso Ancho,Ruta optimizada,8.364068512478815
Cuatro Reinas → Paso Ancho,Ruta optimizada,9.046580423928306
Cuatro Reinas → Paso Ancho,Ruta optimizada,8.659408938846788
Cuatro Reinas → Paso Ancho,Ruta optimizada,7.908677037174761
Cuatro Reinas → Paso Ancho,Ruta optimizada,7.315293237937372
Cuatro Reinas → Paso Ancho,Ruta optimizada,9.70814392181452
Cuatro Reinas → Paso Ancho,Ruta optimizada,7.135899789510429
Cuatro Reinas → Paso Ancho,Ruta optimizada,6.767931518135475
Cuatro Reinas → Paso Ancho,Ruta optimizada,9.662198730681318
Cuatro Reinas → Paso Ancho,Ruta optimizada,8.555362338567686
Cuatro Reinas → Paso Ancho,Ruta optimizada,8.361318496633718
Cuatro Reinas → Paso Ancho,Ruta optimizada,8.91489610750092
Cuatro Reinas → Paso Ancho,Ruta optimizada,7.182671729567732
Cuatro Reinas → Paso Ancho,Ruta optimizada,7.301035812545324
Cuatro Reinas → Paso Ancho,Ruta optimizada,9.231246960266205
Cuatro Reinas → Paso Ancho,Ruta optimizada,7.509249442550623
Cuatro Reinas → Paso Ancho,Ruta optimizada,9.147219013440715
Cuatro Reinas → Paso Ancho,Ruta optimizada,8.308238973684192
Cuatro Reinas → Paso Ancho,Ruta optimizada,6.503743575321322
Cuatro Reinas → Paso Ancho,Ruta optimizada,9.173616011582771
Cuatro Reinas → Paso Ancho,Ruta optimizada,6.5206839942202715
Cuatro Reinas → Paso Ancho,Ruta optimizada,8.81937390902841
Cuatro Reinas → Paso Ancho,Ruta optimizada,8.693726622957215
Cuatro Reinas → Paso Ancho,Ruta optimizada,9.519169437510204
Cuatro Reinas → Paso Ancho,Ruta optimizada,6.74506838617631
Cuatro Reinas → Paso Ancho,Ruta optimizada,7.588340887734137
Cuatro Reinas → Paso Ancho,Ruta optimizada,8.111703841778636
Cuatro Reinas → Paso Ancho,Ruta optimizada,8.263948249067335
Cuatro Reinas → Paso Ancho,Ruta optimizada,9.622997984841737
Cuatro Reinas → Paso Ancho,Ruta optimizada,8.1898921124885
Cuatro Reinas → Paso Ancho,Ruta optimizada,8.201658876148834
Cuatro Reinas → Paso Ancho,Ruta optimizada,9.636098326482296
Cuatro Reinas → Paso Ancho,Ruta optimizada,11.494130760448096
Cuatro Reinas → Paso Ancho,Ruta optimizada,6.772367193870475
Cuatro Reinas → Paso Ancho,Ruta optimizada,8.017572579016727
Cuatro Reinas → Paso Ancho,Ruta optimizada,8.951060331831663
Cuatro Reinas → Paso Ancho,Ruta optimizada,8.053444104158936
Cuatro Reinas → Paso Ancho,Ruta optimizada,10.438397411934638
Cuatro Reinas → Paso Ancho,Ruta optimizada,8.04788179713815
Cuatro Reinas → Paso Ancho,Ruta optimizada,6.763994052757251
Cuatro Reinas → Paso Ancho,Ruta optimizada,9.226665948662385
Cuatro Reinas → Paso Ancho,Ruta optimizada,5.531621819457661
Cuatro Reinas → Paso Ancho,Ruta optimizada,7.500586762107891
Cuatro Reinas → Paso Ancho,Ruta optimizada,11.68014771932189
Cuatro Reinas → Paso Ancho,Ruta optimizada,8.515811239532802
Cuatro Reinas → Paso Ancho,Ruta optimizada,8.555703165777429
Cuatro Reinas → Paso Ancho,Ruta optimizada,7.437628251471676
Cuatro Reinas → Paso Ancho,Ruta optimizada,8.136121859602234
Cuatro Reinas → Paso Ancho,Ruta optimizada,8.46401138000302
Cuatro Reinas → Paso Ancho,Ruta optimizada,11.159847463620002
Cuatro Reinas → Paso Ancho,Ruta optimizada,6.701120069981462
Cuatro Reinas → Paso Ancho,Ruta optimizada,5.293910941063056
Cuatro Reinas → Paso Ancho,Ruta optimizada,8.517239058448725
Cuatro Reinas → Paso Ancho,Ruta optimizada,10.86340230834415
Cuatro Reinas → Paso Ancho,Ruta optimizada,7.265484869990407
Cuatro Reinas → Paso Ancho,Ruta optimizada,6.359932481789832
Cuatro Reinas → Paso Ancho,Ruta optimizada,7.345356354814677
Cuatro Reinas → Paso Ancho,Ruta optimizada,8.928357284642674
Cuatro Reinas → Paso Ancho,Ruta optimizada,7.571626337805606
Cuatro Reinas → Paso Ancho,Ruta optimizada,8.012577246870851
Cuatro Reinas → Paso Ancho,Ruta optimizada,5.759352748613616
Cuatro Reinas → Paso Ancho,Ruta optimizada,7.56703445812313
Cuatro Reinas → Paso Ancho,Ruta optimizada,9.351656829592057
Cuatro Reinas → Paso Ancho,Ruta optimizada,7.828307418238943
Cuatro Reinas → Paso Ancho,Ruta optimizada,6.588889560310049
Cuatro Reinas → Paso Ancho,Ruta optimizada,9.871738283852801
Cuatro Reinas → Paso Ancho,Ruta optimizada,9.78455815581851
Cuatro Reinas → Paso Ancho,Ruta optimizada,7.698244120806264
Cuatro Reinas → Paso Ancho,Ruta optimizada,7.2027486627311434
Cuatro Reinas → Paso Ancho,Ruta optimizada,9.81762354159555
Cuatro Reinas → Paso Ancho,Ruta optimizada,7.064533452403741
Cuatro Reinas → Paso Ancho,Ruta optimizada,7.793056547613944
Cuatro Reinas → Paso Ancho,Ruta optimizada,10.252011882048714
Cuatro Reinas → Paso Ancho,Ruta optimizada,8.578973441172685
Cuatro Reinas → Paso Ancho,Ruta optimizada,7.310110520673838
Cuatro Reinas → Paso Ancho,Ruta optimizada,6.0086495441952845
Cuatro Reinas → Paso Ancho,Ruta optimizada,8.264751738341364
Cuatro Reinas → Paso Ancho,Ruta optimizada,7.891943176232586
Cuatro Reinas → Paso Ancho,Ruta optimizada,7.75737506508778
Cuatro Reinas → Paso Ancho,Ruta optimizada,9.36013867637395
Cuatro Reinas → Paso Ancho,Ruta optimizada,6.543731781458653
Cuatro Reinas → Paso Ancho,Ruta optimizada,6.762493195960661
Cuatro Reinas → Paso Ancho,Ruta optimizada,7.225645637083412
Cuatro Reinas → Paso Ancho,Ruta optimizada,7.65280233546407
Cuatro Reinas → Paso Ancho,Ruta optimizada,6.21730922223612
Cuatro Reinas → Paso Ancho,Ruta optimizada,6.992766405208595
Cuatro Reinas → Paso Ancho,Ruta optimizada,7.371199996519626
Cuatro Reinas → Paso Ancho,Ruta optimizada,8.064964935709034
Cuatro Reinas → Paso Ancho,Ruta optimizada,7.169271701444997
Cuatro Reinas → Paso Ancho,Ruta optimizada,9.36574834798438
Cuatro Reinas → Paso Ancho,Ruta optimizada,5.427005499393244
Cuatro Reinas → Paso Ancho,Ruta optimizada,8.243488749407872
Cuatro Reinas → Paso Ancho,Ruta optimizada,7.824989623202762
Cuatro Reinas → Paso Ancho,Ruta optimizada,8.343745977516598
Cuatro Reinas → Paso Ancho,Ruta optimizada,11.270559177644829
Cuatro Reinas → Paso Ancho,Ruta optimizada,8.150275174059553
Cuatro Reinas → Paso Ancho,Ruta optimizada,8.097571156791592
Cuatro Reinas → Paso Ancho,Ruta optimizada,8.850800263452376
Cuatro Reinas → Paso Ancho,Ruta optimizada,6.343723394277163
Cuatro Reinas → Paso Ancho,Ruta optimizada,8.454911678779213
Cuatro Reinas → Paso Ancho,Ruta optimizada,9.124674027141682
Cuatro Reinas → Paso Ancho,Ruta optimizada,7.716688113291195
Cuatro Reinas → Paso Ancho,Ruta optimizada,8.711429635671802
Cuatro Reinas → Paso Ancho,Ruta optimizada,7.867900933001577
Cuatro Reinas → Paso Ancho,Ruta optimizada,7.021712979359707
Cuatro Reinas → Paso Ancho,Ruta optimizada,6.646462747824216
Cuatro Reinas → Paso Ancho,Ruta optimizada,9.204597979440528
Cuatro Reinas → Paso Ancho,Ruta optimizada,10.514190524410871
Cuatro Reinas → Paso Ancho,Ruta optimizada,7.231961594638246
Cuatro Reinas → Paso Ancho,Ruta optimizada,8.683198147659166
Cuatro Reinas → Paso Ancho,Ruta optimizada,6.862415096606758
Cuatro Reinas → Paso Ancho,Ruta optimizada,7.133487624487011
Cuatro Reinas → Paso Ancho,Ruta optimizada,7.136587726841345
Cuatro Reinas → Paso Ancho,Ruta optimizada,6.629370917470676
Cuatro Reinas → Paso Ancho,Ruta optimizada,7.77426934277571
Cuatro Reinas → Paso Ancho,Ruta optimizada,9.438325933935573
Cuatro Reinas → Paso Ancho,Ruta optimizada,8.590118953571093
Cuatro Reinas → Paso Ancho,Ruta optimizada,7.5515175422082566
Cuatro Reinas → Paso Ancho,Ruta optimizada,10.566017667726038
Cuatro Reinas → Paso Ancho,Ruta optimizada,8.462343522095976
Cuatro Reinas → Paso Ancho,Ruta optimizada,10.022115770266439
Cuatro Reinas → Paso Ancho,Ruta optimizada,6.535168472988752
Cuatro Reinas → Paso Ancho,Ruta optimizada,12.03423114101888
Cuatro Reinas → Paso Ancho,Ruta optimizada,7.802968389568583
Cuatro Reinas → Paso Ancho,Ruta optimizada,6.644126497180065
Cuatro Reinas → Paso Ancho,Ruta optimizada,7.069931510757401
Cuatro Reinas → Paso Ancho,Ruta optimizada,9.264453035434972
Cuatro Reinas → Paso Ancho,Ruta optimizada,9.973052290138432
Cuatro Reinas → Paso Ancho,Ruta optimizada,9.119155012940602
Cuatro Reinas → Paso Ancho,Ruta optimizada,8.732337209953211
Cuatro Reinas → Paso Ancho,Ruta optimizada,7.020737498423732
Cuatro Reinas → Paso Ancho,Ruta optimizada,7.816346052914908
Cuatro Reinas → Paso Ancho,Ruta optimizada,6.021524766194637
Cuatro Reinas → Paso Ancho,Ruta optimizada,7.047835154128879
Cuatro Reinas → Paso Ancho,Ruta optimizada,8.658746180834871
Cuatro Reinas → Paso Ancho,Ruta optimizada,5.962985590729541
Cuatro Reinas → Paso Ancho,Ruta optimizada,11.500364223276094
Cuatro Reinas → Paso Ancho,Ruta optimizada,9.777341087498376
Cuatro Reinas → Paso Ancho,Ruta optimizada,6.510840043689145
Cuatro Reinas → Paso Ancho,Ruta optimizada,9.237243352939329
Cuatro Reinas → Paso Ancho,Ruta optimizada,8.750558766899864
Cuatro Reinas → Paso Ancho,Ruta optimizada,7.806933420245789
Cuatro Reinas → Paso Ancho,Ruta optimizada,8.73056698045975
Cuatro Reinas → Paso Ancho,Ruta optimizada,7.3538336550866505
Cuatro Reinas → Paso Ancho,Ruta optimizada,7.757753994134695
Cuatro Reinas → Paso Ancho,Ruta optimizada,8.737376832801083
Cuatro Reinas → Paso Ancho,Ruta optimizada,8.525056562014763
Cuatro Reinas → Paso Ancho,Ruta optimizada,8.401619693797613
Cuatro Reinas → Paso Ancho,Ruta optimizada,8.64830249955894
Cuatro Reinas → Paso Ancho,Ruta optimizada,9.505092533964842
Cuatro Reinas → Paso Ancho,Ruta optimizada,9.532895109657824
Cuatro Reinas → Paso Ancho,Ruta optimizada,6.754289314778776
Cuatro Reinas → Paso Ancho,Ruta optimizada,7.6381898867007045
Cuatro Reinas → Paso Ancho,Ruta optimizada,9.751123292485998
Cuatro Reinas → Paso Ancho,Ruta optimizada,9.996094328297273
Cuatro Reinas → Paso Ancho,Ruta optimizada,8.595911978866342
Cuatro Reinas → Paso Ancho,Ruta optimizada,7.742836303220364
Cuatro Reinas → Paso Ancho,Ruta optimizada,9.224157330005877
Cuatro Reinas → Paso Ancho,Ruta optimizada,8.671120697877143
Cuatro Reinas → Paso Ancho,Ruta optimizada,6.410537513614235
Cuatro Reinas → Paso Ancho,Ruta optimizada,8.058622194366587
Cuatro Reinas → Paso Ancho,Ruta optimizada,6.290659787522207
Cuatro Reinas → Paso Ancho,Ruta optimizada,7.410079600927355
Cuatro Reinas → Paso Ancho,Ruta optimizada,8.018734161870407
Cuatro Reinas → Paso Ancho,Ruta optimizada,9.953710647110006
Cuatro Reinas → Paso Ancho,Ruta optimizada,6.028848398512153
Cuatro Reinas → Paso Ancho,Ruta optimizada,7.709343810025431
Cuatro Reinas → Paso Ancho,Ruta optimizada,9.271450508836272
Cuatro Reinas → Paso Ancho,Ruta optimizada,8.759218653081568
Cuatro Reinas → Paso Ancho,Ruta optimizada,8.946939297103794
Cuatro Reinas → Paso Ancho,Ruta optimizada,6.993988253686477
Cuatro Reinas → Paso Ancho,Ruta optimizada,8.311344723451821
Cuatro Reinas → Paso Ancho,Ruta optimizada,8.22921572617571
Cuatro Reinas → Paso Ancho,Ruta optimizada,9.772766641757743
Cuatro Reinas → Paso Ancho,Ruta optimizada,8.100566260160122
Cuatro Reinas → Paso Ancho,Ruta optimizada,8.37855056299775
Cuatro Reinas → Paso Ancho,Ruta optimizada,8.508101942584844
Cuatro Reinas → Paso Ancho,Ruta optimizada,6.865756741988101
Cuatro Reinas → Paso Ancho,Ruta optimizada,8.800829163719905
Cuatro Reinas → Paso Ancho,Ruta optimizada,6.7324016844088685
Cuatro Reinas → Paso Ancho,Ruta optimizada,8.491506646981579
Cuatro Reinas → Paso Ancho,Ruta optimizada,7.405313524581997
Cuatro Reinas → Paso Ancho,Ruta optimizada,9.71705751114415
Cuatro Reinas → Paso Ancho,Ruta optimizada,8.209660257586624
Cuatro Reinas → Paso Ancho,Ruta optimizada,10.540800335951612
Cuatro Reinas → Paso Ancho,Ruta optimizada,5.566598285193947
Cuatro Reinas → Paso Ancho,Ruta optimizada,10.252894215040456
Cuatro Reinas → Paso Ancho,Ruta optimizada,9.117758308575098
Cuatro Reinas → Paso Ancho,Ruta optimizada,8.295279759752686
Cuatro Reinas → Paso Ancho,Ruta optimizada,11.12660694987438
Cuatro Reinas → Paso Ancho,Ruta optimizada,6.298619887962679
Cuatro Reinas → Paso Ancho,Ruta optimizada,8.296944796117627
Cuatro Reinas → Paso Ancho,Ruta optimizada,9.54249654673613
Cuatro Reinas → Paso Ancho,Ruta optimizada,8.806209792302928
Cuatro Reinas → Paso Ancho,Ruta optimizada,7.4849383180830795
Cuatro Reinas → Paso Ancho,Ruta optimizada,8.538168031921623
Cuatro Reinas → Paso Ancho,Ruta optimizada,7.981273741820849
Cuatro Reinas → Paso Ancho,Ruta optimizada,7.827031195824909
Cuatro Reinas → Paso Ancho,Ruta optimizada,7.5741060132923606
Cuatro Reinas → Paso Ancho,Ruta optimizada,9.725269409782346
Cuatro Reinas → Paso Ancho,Ruta optimizada,8.590356867870028
Cuatro Reinas → Paso Ancho,Ruta optimizada,11.980451872964302
Cuatro Reinas → Paso Ancho,Ruta optimizada,9.641615235043368
Cuatro Reinas → Paso Ancho,Ruta optimizada,6.538450111165775
Cuatro Reinas → Paso Ancho,Ruta optimizada,8.760717597717429
Cuatro Reinas → Paso Ancho,Ruta optimizada,6.960592622443877
Cuatro Reinas → Paso Ancho,Ruta optimizada,8.222979984782388
Cuatro Reinas → Paso Ancho,Ruta optimizada,8.691106253667206
Cuatro Reinas → Paso Ancho,Ruta optimizada,6.923405101475058
Cuatro Reinas → Paso Ancho,Ruta optimizada,7.576275426524424
Cuatro Reinas → Paso Ancho,Ruta optimizada,7.018178194348194
Cuatro Reinas → Paso Ancho,Ruta optimizada,8.019485160788843
Cuatro Reinas → Paso Ancho,Ruta optimizada,7.9158979758218075
Cuatro Reinas → Paso Ancho,Ruta optimizada,7.997767651493307
Cuatro Reinas → Paso Ancho,Ruta optimizada,10.86655235311951
Cuatro Reinas → Paso Ancho,Ruta optimizada,8.827478056627827
Cuatro Reinas → Paso Ancho,Ruta optimizada,8.778410726662608
Cuatro Reinas → Paso Ancho,Ruta optimizada,9.495967033878012
Cuatro Reinas → Paso Ancho,Ruta optimizada,10.950013253919094
Cuatro Reinas → Paso Ancho,Ruta optimizada,10.017653920035798
Cuatro Reinas → Paso Ancho,Ruta optimizada,6.907863730344635
Cuatro Reinas → Paso Ancho,Ruta optimizada,8.547585559259723
Cuatro Reinas → Paso Ancho,Ruta optimizada,9.252778388244145
Cuatro Reinas → Paso Ancho,Ruta optimizada,9.121174354969877
Cuatro Reinas → Paso Ancho,Ruta optimizada,7.86072888433531
Cuatro Reinas → Paso Ancho,Ruta optimizada,8.866709803006579
Cuatro Reinas → Paso Ancho,Ruta optimizada,7.03518291814773
Cuatro Reinas → Paso Ancho,Ruta optimizada,7.679443711023952
Cuatro Reinas → Paso Ancho,Ruta optimizada,6.4171500254578495
Cuatro Reinas → Paso Ancho,Ruta optimizada,9.779125058213246
Cuatro Reinas → Paso Ancho,Ruta optimizada,7.488931019354964
Cuatro Reinas → Paso Ancho,Ruta optimizada,6.88442993932304
Cuatro Reinas → Paso Ancho,Ruta optimizada,8.467054095650408
Cuatro Reinas → Paso Ancho,Ruta optimizada,8.842871717589977
Cuatro Reinas → Paso Ancho,Ruta optimizada,7.044666364503949
Cuatro Reinas → Paso Ancho,Ruta optimizada,8.617048509545942
Cuatro Reinas → Paso Ancho,Ruta optimizada,7.3327317533368825
Cuatro Reinas → Paso Ancho,Ruta optimizada,8.185457186014652
Cuatro Reinas → Paso Ancho,Ruta optimizada,8.065567198576176
Cuatro Reinas → Paso Ancho,Ruta optimizada,8.278765400505554
Cuatro Reinas → Paso Ancho,Ruta optimizada,7.270818480208943
Cuatro Reinas → Paso Ancho,Ruta optimizada,7.1634492768920905
Cuatro Reinas → Paso Ancho,Ruta optimizada,8.861178347036049
Cuatro Reinas → Paso Ancho,Ruta optimizada,6.325990415599196
Cuatro Reinas → Paso Ancho,Ruta optimizada,10.193033339722689
Cuatro Reinas → Paso Ancho,Ruta optimizada,7.063063883307265
Cuatro Reinas → Paso Ancho,Ruta optimizada,10.970066574753659
Cuatro Reinas → Paso Ancho,Ruta optimizada,9.294488560923698
Cuatro Reinas → Paso Ancho,Ruta optimizada,8.260341135390371
Cuatro Reinas → Paso Ancho,Ruta optimizada,7.704017346381085
Cuatro Reinas → Paso Ancho,Ruta optimizada,9.039151161964584
Cuatro Reinas → Paso Ancho,Ruta optimizada,8.30260833501193
Cuatro Reinas → Paso Ancho,Ruta optimizada,8.772823992255077
Cuatro Reinas → Paso Ancho,Ruta optimizada,8.983130792488176
Cuatro Reinas → Paso Ancho,Ruta optimizada,8.497073002522901
Cuatro Reinas → Paso Ancho,Ruta optimizada,9.49167377047762
Cuatro Reinas → Paso Ancho,Ruta optimizada,7.267149449208471
Cuatro Reinas → Paso Ancho,Ruta optimizada,7.70524077093902
Cuatro Reinas → Paso Ancho,Ruta optimizada,9.140626401143258
Cuatro Reinas → Paso Ancho,Ruta optimizada,7.194134348102058
Cuatro Reinas → Paso Ancho,Ruta optimizada,8.240147844955782
Cuatro Reinas → Paso Ancho,Ruta optimizada,10.044161556863083
Cuatro Reinas → Paso Ancho,Ruta optimizada,7.9816839858065425
Cuatro Reinas → Paso Ancho,Ruta optimizada,7.493391709898534
Cuatro Reinas → Paso Ancho,Ruta optimizada,9.692733449652376
Cuatro Reinas → Paso Ancho,Ruta optimizada,6.931701152727072
Cuatro Reinas → Paso Ancho,Ruta optimizada,7.42542071452421
Cuatro Reinas → Paso Ancho,Ruta optimizada,9.759860954125624
Cuatro Reinas → Paso Ancho,Ruta optimizada,7.217878017640192
Cuatro Reinas → Paso Ancho,Ruta optimizada,8.601620697396577
Cuatro Reinas → Paso Ancho,Ruta optimizada,8.450201796099668
Cuatro Reinas → Paso Ancho,Ruta optimizada,10.425019286698102
Cuatro Reinas → Paso Ancho,Ruta optimizada,6.4891761614400805
Cuatro Reinas → Paso Ancho,Ruta optimizada,7.709720044792402
Cuatro Reinas → Paso Ancho,Ruta optimizada,7.425803283840996
Cuatro Reinas → Paso Ancho,Ruta optimizada,8.189541878730939
Cuatro Reinas → Paso Ancho,Ruta optimizada,9.050271352076168
Cuatro Reinas → Paso Ancho,Ruta optimizada,8.969662259560522
Cuatro Reinas → Paso Ancho,Ruta optimizada,9.840485416195513
Cuatro Reinas → Paso Ancho,Ruta optimizada,8.828057313863182
Cuatro Reinas → Paso Ancho,Ruta optimizada,6.588549845921386
Cuatro Reinas → Paso Ancho,Ruta optimizada,6.766656350074487
Cuatro Reinas → Paso Ancho,Ruta optimizada,7.3973744216135655
Cuatro Reinas → Paso Ancho,Ruta optimizada,7.594897664032113
Cuatro Reinas → Paso Ancho,Ruta optimizada,7.707927279403586
Cuatro Reinas → Paso Ancho,Ruta optimizada,9.322015557967298
Cuatro Reinas → Paso Ancho,Ruta optimizada,7.288412996439874
Cuatro Reinas → Paso Ancho,Ruta optimizada,9.72830093563339
Cuatro Reinas → Paso Ancho,Ruta optimizada,10.33163801088075
Cuatro Reinas → Paso Ancho,Ruta optimizada,8.225949655947279
Cuatro Reinas → Paso Ancho,Ruta optimizada,7.6414673229813115
Cuatro Reinas → Paso Ancho,Ruta optimizada,10.394593574010605
Cuatro Reinas → Paso Ancho,Ruta optimizada,7.3494993838055525
Cuatro Reinas → Paso Ancho,Ruta optimizada,8.640955703506766
Cuatro Reinas → Paso Ancho,Ruta optimizada,8.461288738551628
Cuatro Reinas → Paso Ancho,Ruta optimizada,10.384526019398903
Cuatro Reinas → Paso Ancho,Ruta optimizada,8.689446940966398
Cuatro Reinas → Paso Ancho,Ruta optimizada,8.172303607109868
Cuatro Reinas → Paso Ancho,Ruta optimizada,9.530022449668548
Cuatro Reinas → Paso Ancho,Ruta optimizada,7.743714700960245
Cuatro Reinas → Paso Ancho,Ruta optimizada,9.053324896817909
Cuatro Reinas → Paso Ancho,Ruta optimizada,7.869320965987417
Cuatro Reinas → Paso Ancho,Ruta optimizada,7.894508825840847
Cuatro Reinas → Paso Ancho,Ruta optimizada,6.330841839763153
Cuatro Reinas → Paso Ancho,Ruta optimizada,7.898754724947335
Cuatro Reinas → Paso Ancho,Ruta optimizada,7.091061946182672
Cuatro Reinas → Paso Ancho,Ruta optimizada,8.87934725362873
Cuatro Reinas → Paso Ancho,Ruta optimizada,11.662473246877926
Cuatro Reinas → Paso Ancho,Ruta optimizada,7.597288038347364
Cuatro Reinas → Paso Ancho,Ruta optimizada,9.19086988996209
Cuatro Reinas → Paso Ancho,Ruta optimizada,9.926414455476833
Cuatro Reinas → Paso Ancho,Ruta optimizada,6.762415089601111
Cuatro Reinas → Paso Ancho,Ruta optimizada,9.35813396375434
Cuatro Reinas → Paso Ancho,Ruta optimizada,8.110443777243232
Cuatro Reinas → Paso Ancho,Ruta optimizada,7.412269103533899
Cuatro Reinas → Paso Ancho,Ruta optimizada,9.567044374712573
Cuatro Reinas → Paso Ancho,Ruta optimizada,7.552246778516727
Cuatro Reinas → Paso Ancho,Ruta optimizada,7.506865711738017
Cuatro Reinas → Paso Ancho,Ruta optimizada,8.516903409550006
Cuatro Reinas → Paso Ancho,Ruta optimizada,10.353476846482096
Cuatro Reinas → Paso Ancho,Ruta optimizada,8.098520708497738
Cuatro Reinas → Paso Ancho,Ruta optimizada,8.721234193834958
Cuatro Reinas → Paso Ancho,Ruta optimizada,6.378986969384271
Cuatro Reinas → Paso Ancho,Ruta optimizada,7.797723653541719
Cuatro Reinas → Paso Ancho,Ruta optimizada,8.624297168857293
Cuatro Reinas → Paso Ancho,Ruta optimizada,7.420573644573071
Cuatro Reinas → Paso Ancho,Ruta optimizada,8.96838162514472
Cuatro Reinas → Paso Ancho,Ruta optimizada,8.61472490111574
Cuatro Reinas → Paso Ancho,Ruta optimizada,8.288231864183755
Cuatro Reinas → Paso Ancho,Ruta optimizada,9.709396178284479
Cuatro Reinas → Paso Ancho,Ruta optimizada,9.978933113750683
Cuatro Reinas → Paso Ancho,Ruta optimizada,6.448296190990374
Cuatro Reinas → Paso Ancho,Ruta optimizada,7.296386888829923
Cuatro Reinas → Paso Ancho,Ruta optimizada,8.562870584132922
Cuatro Reinas → Paso Ancho,Ruta optimizada,8.318106474065615
Cuatro Reinas → Paso Ancho,Ruta optimizada,11.239151349029406
Cuatro Reinas → Paso Ancho,Ruta optimizada,9.42175526233687
Cuatro Reinas → Paso Ancho,Ruta optimizada,7.1561807412891865
Cuatro Reinas → Paso Ancho,Ruta optimizada,7.270137219029894
Cuatro Reinas → Paso Ancho,Ruta optimizada,6.642055495811521
Cuatro Reinas → Paso Ancho,Ruta optimizada,8.437004289998855
Cuatro Reinas → Paso Ancho,Ruta optimizada,7.247124015926893
Cuatro Reinas → Paso Ancho,Ruta optimizada,7.161282754355009
Cuatro Reinas → Paso Ancho,Ruta optimizada,6.917197297948809
Cuatro Reinas → Paso Ancho,Ruta optimizada,9.217040943895626
Cuatro Reinas → Paso Ancho,Ruta optimizada,7.3479808838949
Cuatro Reinas → Paso Ancho,Ruta optimizada,7.380405930401787
Cuatro Reinas → Paso Ancho,Ruta optimizada,6.445732101363199
Cuatro Reinas → Paso Ancho,Ruta optimizada,8.216184052152045
Cuatro Reinas → Paso Ancho,Ruta optimizada,8.073812031616464
Cuatro Reinas → Paso Ancho,Ruta optimizada,9.241886700282656
Cuatro Reinas → Paso Ancho,Ruta optimizada,10.185836516420203
Cuatro Reinas → Paso Ancho,Ruta optimizada,8.519560484096363
Cuatro Reinas → Paso Ancho,Ruta optimizada,7.809135508928268
Cuatro Reinas → Paso Ancho,Ruta optimizada,6.394085995491261
Cuatro Reinas → Paso Ancho,Ruta optimizada,8.206700140857237
Cuatro Reinas → Paso Ancho,Ruta optimizada,8.543518763672914
Cuatro Reinas → Paso Ancho,Ruta optimizada,8.793751186882883
Cuatro Reinas → Paso Ancho,Ruta optimizada,5.9038701815759875
Cuatro Reinas → Paso Ancho,Ruta optimizada,10.020983022002932
Cuatro Reinas → Paso Ancho,Ruta optimizada,8.688417104845405
Cuatro Reinas → Paso Ancho,Ruta optimizada,7.7008906001318485
Cuatro Reinas → Paso Ancho,Ruta optimizada,7.64671887286756
Cuatro Reinas → Paso Ancho,Ruta optimizada,5.965885156640412
Cuatro Reinas → Paso Ancho,Ruta optimizada,8.294874468977847
Cuatro Reinas → Paso Ancho,Ruta optimizada,7.370158851009824
Cuatro Reinas → Paso Ancho,Ruta optimizada,7.0584039764101405
Cuatro Reinas → Paso Ancho,Ruta optimizada,10.739713089375474
Cuatro Reinas → Paso Ancho,Ruta optimizada,10.416150678265387
Cuatro Reinas → Paso Ancho,Ruta optimizada,9.43140473047917
Cuatro Reinas → Paso Ancho,Ruta optimizada,8.570034143107582
Cuatro Reinas → Paso Ancho,Ruta optimizada,6.825403974108618
Cuatro Reinas → Paso Ancho,Ruta optimizada,8.498541140105592
Cuatro Reinas → Paso Ancho,Ruta optimizada,8.945635230329092
Cuatro Reinas → Paso Ancho,Ruta optimizada,7.879885474497252
Cuatro Reinas → Paso Ancho,Ruta optimizada,7.826234822680251
Cuatro Reinas → Paso Ancho,Ruta optimizada,7.507611822886392
Cuatro Reinas → Paso Ancho,Ruta optimizada,6.826332898722316
Cuatro Reinas → Paso Ancho,Ruta optimizada,9.571986348317985
Cuatro Reinas → Paso Ancho,Ruta optimizada,9.270445854990912
Cuatro Reinas → Paso Ancho,Ruta optimizada,7.3066463222384055
Cuatro Reinas → Paso Ancho,Ruta optimizada,7.599281744585026
Cuatro Reinas → Paso Ancho,Ruta optimizada,11.061297441464127
Cuatro Reinas → Paso Ancho,Ruta optimizada,10.03846425757033
Cuatro Reinas → Paso Ancho,Ruta optimizada,5.780830189924879
Cuatro Reinas → Paso Ancho,Ruta optimizada,7.974376169883663
Cuatro Reinas → Paso Ancho,Ruta optimizada,6.991981584097938
Cuatro Reinas → Paso Ancho,Ruta optimizada,6.848674521816013
Cuatro Reinas → Paso Ancho,Ruta optimizada,7.074437237104694
Cuatro Reinas → Paso Ancho,Ruta optimizada,8.39322652965834
Cuatro Reinas → Paso Ancho,Ruta optimizada,8.098113623975335
Cuatro Reinas → Paso Ancho,Ruta optimizada,6.7852329219976655
Cuatro Reinas → Paso Ancho,Ruta optimizada,6.760814824538258
Cuatro Reinas → Paso Ancho,Ruta optimizada,5.926744572543807
Cuatro Reinas → Paso Ancho,Ruta optimizada,7.8890474533632595
Cuatro Reinas → Paso Ancho,Ruta optimizada,8.218286217879536
Cuatro Reinas → Paso Ancho,Ruta optimizada,9.36135829249232
Cuatro Reinas → Paso Ancho,Ruta optimizada,9.175889924110969
Cuatro Reinas → Paso Ancho,Ruta optimizada,7.543194660614531
Cuatro Reinas → Paso Ancho,Ruta optimizada,7.624569138453368
Cuatro Reinas → Paso Ancho,Ruta optimizada,11.229483095912896
Cuatro Reinas → Paso Ancho,Ruta optimizada,7.294544987698588
Cuatro Reinas → Paso Ancho,Ruta optimizada,6.704814467911304
Cuatro Reinas → Paso Ancho,Ruta optimizada,7.223878115172682
Cuatro Reinas → Paso Ancho,Ruta optimizada,8.129635821477692
Cuatro Reinas → Paso Ancho,Ruta optimizada,9.695409944668409
Cuatro Reinas → Paso Ancho,Ruta optimizada,7.5673508044057085
Cuatro Reinas → Paso Ancho,Ruta optimizada,6.310605948376142
Cuatro Reinas → Paso Ancho,Ruta optimizada,8.355395207260468
Cuatro Reinas → Paso Ancho,Ruta optimizada,7.128672959202256
Cuatro Reinas → Paso Ancho,Ruta optimizada,6.582365225680215
Cuatro Reinas → Paso Ancho,Ruta optimizada,6.849414447586047
Cuatro Reinas → Paso Ancho,Ruta optimizada,8.426609485199979
Cuatro Reinas → Paso Ancho,Ruta optimizada,6.324679176509932
Cuatro Reinas → Paso Ancho,Ruta optimizada,9.873846294585096
Cuatro Reinas → Paso Ancho,Ruta optimizada,7.877255348267331
Cuatro Reinas → Paso Ancho,Ruta optimizada,8.539538068985435
Cuatro Reinas → Paso Ancho,Ruta optimizada,9.512045254211314
Cuatro Reinas → Paso Ancho,Ruta optimizada,7.2893664744115405
Cuatro Reinas → Paso Ancho,Ruta optimizada,8.128938530822438
Cuatro Reinas → Paso Ancho,Ruta optimizada,8.384862330386422
Cuatro Reinas → Paso Ancho,Ruta optimizada,8.458723598292112
Cuatro Reinas → Paso Ancho,Ruta optimizada,11.624821437754767
Cuatro Reinas → Paso Ancho,Ruta optimizada,6.583394626014213
Cuatro Reinas → Paso Ancho,Ruta optimizada,7.934791189843424
Cuatro Reinas → Paso Ancho,Ruta optimizada,11.063614892814728
Cuatro Reinas → Paso Ancho,Ruta optimizada,6.921818030996544
Cuatro Reinas → Paso Ancho,Ruta optimizada,10.546103651475073
Cuatro Reinas → Paso Ancho,Ruta optimizada,8.278531914162635
Cuatro Reinas → Paso Ancho,Ruta optimizada,9.64784200594059
Cuatro Reinas → Paso Ancho,Ruta optimizada,8.954663035418712
Cuatro Reinas → Paso Ancho,Ruta optimizada,8.711414411509839
Cuatro Reinas → Paso Ancho,Ruta optimizada,6.614155188601752
Cuatro Reinas → Paso Ancho,Ruta optimizada,7.468589401755632
Cuatro Reinas → Paso Ancho,Ruta optimizada,8.903432945725248
Cuatro Reinas → Paso Ancho,Ruta optimizada,7.9476504406972515
Cuatro Reinas → Paso Ancho,Ruta optimizada,6.991066972072723
Cuatro Reinas → Paso Ancho,Ruta optimizada,6.701185998167441
Cuatro Reinas → Paso Ancho,Ruta optimizada,10.467106911590099
Cuatro Reinas → Paso Ancho,Ruta optimizada,10.429447467713825
Cuatro Reinas → Paso Ancho,Ruta optimizada,6.988998625577215
Cuatro Reinas → Paso Ancho,Ruta optimizada,8.143828624517026
Cuatro Reinas → Paso Ancho,Ruta optimizada,9.864246385366055
Cuatro Reinas → Paso Ancho,Ruta optimizada,8.752212605350497
Cuatro Reinas → Paso Ancho,Ruta optimizada,8.141706118235332
Cuatro Reinas → Paso Ancho,Ruta optimizada,8.74757080609028
Cuatro Reinas → Paso Ancho,Ruta optimizada,7.159461440319663
Cuatro Reinas → Paso Ancho,Ruta optimizada,7.453709663344389
Cuatro Reinas → Paso Ancho,Ruta optimizada,9.249215698636526
Cuatro Reinas → Paso Ancho,Ruta optimizada,8.474186576612372
Cuatro Reinas → Paso Ancho,Ruta optimizada,8.505740851868387
Cuatro Reinas → Paso Ancho,Ruta optimizada,8.461082844598256
Cuatro Reinas → Paso Ancho,Ruta optimizada,7.089509986393094
Cuatro Reinas → Paso Ancho,Ruta optimizada,9.057616101482328
Cuatro Reinas → Paso Ancho,Ruta optimizada,9.51076538030113
Cuatro Reinas → Paso Ancho,Ruta optimizada,8.947202325947156
Cuatro Reinas → Paso Ancho,Ruta optimizada,8.894289520380546
Cuatro Reinas → Paso Ancho,Ruta optimizada,6.9601250044655725
Cuatro Reinas → Paso Ancho,Ruta optimizada,7.863091670182659
Cuatro Reinas → Paso Ancho,Ruta optimizada,7.776455941389985
Cuatro Reinas → Paso Ancho,Ruta optimizada,7.754229989522512
Cuatro Reinas → Paso Ancho,Ruta optimizada,7.725910057802562
Cuatro Reinas → Paso Ancho,Ruta optimizada,8.537601929253116
Cuatro Reinas → Paso Ancho,Ruta optimizada,8.665949734996765
Cuatro Reinas → Paso Ancho,Ruta optimizada,8.766362560263389
Cuatro Reinas → Paso Ancho,Ruta optimizada,10.988603555219361
Cuatro Reinas → Paso Ancho,Ruta optimizada,7.815241442685216
Cuatro Reinas → Paso Ancho,Ruta optimizada,8.900178705847075
Cuatro Reinas → Paso Ancho,Ruta optimizada,8.520383444098982
Cuatro Reinas → Paso Ancho,Ruta optimizada,6.364609864447352
Cuatro Reinas → Paso Ancho,Ruta optimizada,6.765453940710214
Cuatro Reinas → Paso Ancho,Ruta optimizada,9.113204737394039
Cuatro Reinas → Paso Ancho,Ruta optimizada,7.769123338525756
Cuatro Reinas → Paso Ancho,Ruta optimizada,8.073017922536744
Cuatro Reinas → Paso Ancho,Ruta optimizada,6.536277063248213
Cuatro Reinas → Paso Ancho,Ruta optimizada,8.375911708860622
Cuatro Reinas → Paso Ancho,Ruta optimizada,7.490856978398949
Cuatro Reinas → Paso Ancho,Ruta optimizada,8.119472859989436
Cuatro Reinas → Paso Ancho,Ruta optimizada,8.3602213057123
Cuatro Reinas → Paso Ancho,Ruta optimizada,6.3569166312845296
Cuatro Reinas → Paso Ancho,Ruta optimizada,9.365484775501958
Cuatro Reinas → Paso Ancho,Ruta optimizada,6.6281301443884155
Cuatro Reinas → Paso Ancho,Ruta optimizada,8.054956642052154
Cuatro Reinas → Paso Ancho,Ruta optimizada,7.273622471112204
Cuatro Reinas → Paso Ancho,Ruta optimizada,9.403334578555405
Cuatro Reinas → Paso Ancho,Ruta optimizada,8.32874370169593
Cuatro Reinas → Paso Ancho,Ruta optimizada,9.328347220596227
Cuatro Reinas → Paso Ancho,Ruta optimizada,8.663809909091432
Cuatro Reinas → Paso Ancho,Ruta optimizada,8.290461539366843
Cuatro Reinas → Paso Ancho,Ruta optimizada,7.030337871710686
Cuatro Reinas → Paso Ancho,Ruta optimizada,7.32658319713363
Cuatro Reinas → Paso Ancho,Ruta optimizada,7.704076260136025
Cuatro Reinas → Paso Ancho,Ruta optimizada,8.032825557381814
Cuatro Reinas → Paso Ancho,Ruta optimizada,7.661955016233195
Cuatro Reinas → Paso Ancho,Ruta optimizada,10.121749665246899
Cuatro Reinas → Paso Ancho,Ruta optimizada,8.91489392990274
Cuatro Reinas → Paso Ancho,Ruta optimizada,7.034684903223934
Cuatro Reinas → Paso Ancho,Ruta optimizada,10.31854979284508
Cuatro Reinas → Paso Ancho,Ruta optimizada,6.428035806888048
Cuatro Reinas → Paso Ancho,Ruta optimizada,8.761922133208042
Cuatro Reinas → Paso Ancho,Ruta optimizada,7.094210018671693
Cuatro Reinas → Paso Ancho,Ruta optimizada,10.785245237138701
Cuatro Reinas → Paso Ancho,Ruta optimizada,9.208406377392265
Cuatro Reinas → Paso Ancho,Ruta optimizada,6.975692084229405
Cuatro Reinas → Paso Ancho,Ruta optimizada,9.470591080173751
Cuatro Reinas → Paso Ancho,Ruta optimizada,5.858203479755062
Cuatro Reinas → Paso Ancho,Ruta optimizada,8.886953348595842
Cuatro Reinas → Paso Ancho,Ruta optimizada,7.69858257817416
Cuatro Reinas → Paso Ancho,Ruta optimizada,7.457745905837407
Cuatro Reinas → Paso Ancho,Ruta optimizada,9.09745841283131
Cuatro Reinas → Paso Ancho,Ruta optimizada,9.214140677827794
Cuatro Reinas → Paso Ancho,Ruta optimizada,8.269198466308216
Cuatro Reinas → Paso Ancho,Ruta optimizada,8.543175223964687
Cuatro Reinas → Paso Ancho,Ruta optimizada,8.516530615261962
Cuatro Reinas → Paso Ancho,Ruta optimizada,7.44298519149229
Cuatro Reinas → Paso Ancho,Ruta optimizada,8.639360712015844
Cuatro Reinas → Paso Ancho,Ruta optimizada,6.236933765541533
Cuatro Reinas → Paso Ancho,Ruta optimizada,4.750940954089588
Cuatro Reinas → Paso Ancho,Ruta optimizada,8.401681075235683
Cuatro Reinas → Paso Ancho,Ruta optimizada,8.861284824276094
Cuatro Reinas → Paso Ancho,Ruta optimizada,7.273650562465225
Cuatro Reinas → Paso Ancho,Ruta optimizada,7.114409055331049
Cuatro Reinas → Paso Ancho,Ruta optimizada,9.87713709379581
Cuatro Reinas → Paso Ancho,Ruta optimizada,7.496029260359769
Cuatro Reinas → Paso Ancho,Ruta optimizada,7.305771600698531
Cuatro Reinas → Paso Ancho,Ruta optimizada,7.605175777549161
Cuatro Reinas → Paso Ancho,Ruta optimizada,9.050270022765254
Cuatro Reinas → Paso Ancho,Ruta optimizada,6.012423486013851
Cuatro Reinas → Paso Ancho,Ruta optimizada,7.919181034962654
Cuatro Reinas → Paso Ancho,Ruta optimizada,7.1981789542102
Cuatro Reinas → Paso Ancho,Ruta optimizada,7.815118925094884
Cuatro Reinas → Paso Ancho,Ruta optimizada,8.292437611529273
Cuatro Reinas → Paso Ancho,Ruta optimizada,7.49833931863825
Cuatro Reinas → Paso Ancho,Ruta optimizada,8.256143555999962
Cuatro Reinas → Paso Ancho,Ruta optimizada,6.139182610796689
Cuatro Reinas → Paso Ancho,Ruta optimizada,7.548928630374083
Cuatro Reinas → Paso Ancho,Ruta optimizada,6.72520119284547
Cuatro Reinas → Paso Ancho,Ruta optimizada,8.483009475413146
Cuatro Reinas → Paso Ancho,Ruta optimizada,7.770855652509515
Cuatro Reinas → Paso Ancho,Ruta optimizada,7.640160118692402
Cuatro Reinas → Paso Ancho,Ruta optimizada,8.423553780452895
Cuatro Reinas → Paso Ancho,Ruta optimizada,7.477773127338584
Cuatro Reinas → Paso Ancho,Ruta optimizada,6.90448816788278
Cuatro Reinas → Paso Ancho,Ruta optimizada,5.3705100287785035
Cuatro Reinas → Paso Ancho,Ruta optimizada,8.2158559254494
Cuatro Reinas → Paso Ancho,Ruta optimizada,8.302035454173788
Cuatro Reinas → Paso Ancho,Ruta optimizada,8.059754877504764
Cuatro Reinas → Paso Ancho,Ruta optimizada,7.4060046600153
Cuatro Reinas → Paso Ancho,Ruta optimizada,9.488098598448838
Cuatro Reinas → Paso Ancho,Ruta optimizada,7.180140341595889
Cuatro Reinas → Paso Ancho,Ruta optimizada,10.590360890038712
Cuatro Reinas → Paso Ancho,Ruta optimizada,7.9372004688106
Cuatro Reinas → Paso Ancho,Ruta optimizada,6.958880244060029
Cuatro Reinas → Paso Ancho,Ruta optimizada,7.858928048956261
Cuatro Reinas → Paso Ancho,Ruta optimizada,8.246446180502383
Cuatro Reinas → Paso Ancho,Ruta optimizada,8.67173596722944
Cuatro Reinas → Paso Ancho,Ruta optimizada,10.990676783137664
Cuatro Reinas → Paso Ancho,Ruta optimizada,8.315111271375708
Cuatro Reinas → Paso Ancho,Ruta optimizada,9.195916584941784
Cuatro Reinas → Paso Ancho,Ruta optimizada,9.154690955542215
Cuatro Reinas → Paso Ancho,Ruta optimizada,8.88250514511728
Cuatro Reinas → Paso Ancho,Ruta optimizada,10.355043577517005
Cuatro Reinas → Paso Ancho,Ruta optimizada,7.570263701642015
Cuatro Reinas → Paso Ancho,Ruta optimizada,7.571229448185749
Cuatro Reinas → Paso Ancho,Ruta optimizada,6.764540470059427
Cuatro Reinas → Paso Ancho,Ruta optimizada,7.483101803298964
Cuatro Reinas → Paso Ancho,Ruta optimizada,5.892578704990067
Cuatro Reinas → Paso Ancho,Ruta optimizada,9.11072741635464
Cuatro Reinas → Paso Ancho,Ruta optimizada,7.425342359780037
Cuatro Reinas → Paso Ancho,Ruta optimizada,8.919963076356415
Cuatro Reinas → Paso Ancho,Ruta optimizada,8.042373959359931
Cuatro Reinas → Paso Ancho,Ruta optimizada,6.54566986384732
Cuatro Reinas → Paso Ancho,Ruta optimizada,11.194947614266749
Cuatro Reinas → Paso Ancho,Ruta optimizada,7.059908178088308
Cuatro Reinas → Paso Ancho,Ruta optimizada,6.610532201759491
Cuatro Reinas → Paso Ancho,Ruta optimizada,7.523533900714419
Cuatro Reinas → Paso Ancho,Ruta optimizada,8.597622299824245
Cuatro Reinas → Paso Ancho,Ruta optimizada,6.86062822151202
Cuatro Reinas → Paso Ancho,Ruta optimizada,9.223617293371529
Cuatro Reinas → Paso Ancho,Ruta optimizada,8.391441218151021
Cuatro Reinas → Paso Ancho,Ruta optimizada,7.633997261847998
Cuatro Reinas → Paso Ancho,Ruta optimizada,7.001672692862608
Cuatro Reinas → Paso Ancho,Ruta optimizada,8.235141589976806
Cuatro Reinas → Paso Ancho,Ruta optimizada,7.845246996381917
Cuatro Reinas → Paso Ancho,Ruta optimizada,5.919130801194652
Cuatro Reinas → Paso Ancho,Ruta optimizada,8.308022674849568
Cuatro Reinas → Paso Ancho,Ruta optimizada,6.698096680752597
Cuatro Reinas → Paso Ancho,Ruta optimizada,7.434751660083403
Cuatro Reinas → Paso Ancho,Ruta optimizada,7.376635235260112
Cuatro Reinas → Paso Ancho,Ruta optimizada,7.329195698228122
Cuatro Reinas → Paso Ancho,Ruta optimizada,7.625666268273759
Cuatro Reinas → Paso Ancho,Ruta optimizada,7.633377652974338
Cuatro Reinas → Paso Ancho,Ruta optimizada,7.049002586144937
Cuatro Reinas → Paso Ancho,Ruta optimizada,7.0927525028155625
Cuatro Reinas → Paso Ancho,Ruta optimizada,9.639617473441355
Cuatro Reinas → Paso Ancho,Ruta optimizada,8.762640445255006
Cuatro Reinas → Paso Ancho,Ruta optimizada,8.879559216928232
Cuatro Reinas → Paso Ancho,Ruta optimizada,10.2260973645317
Cuatro Reinas → Paso Ancho,Ruta optimizada,7.521753092923604
Cuatro Reinas → Paso Ancho,Ruta optimizada,8.46394030974659
Cuatro Reinas → Paso Ancho,Ruta optimizada,7.677277129601665
Cuatro Reinas → Paso Ancho,Ruta optimizada,7.348675258425729
Cuatro Reinas → Paso Ancho,Ruta optimizada,9.785941379772083
Cuatro Reinas → Paso Ancho,Ruta optimizada,6.951945650071819
Cuatro Reinas → Paso Ancho,Ruta optimizada,11.882914944498928
Cuatro Reinas → Paso Ancho,Ruta optimizada,11.281982997927232
Cuatro Reinas → Paso Ancho,Ruta optimizada,5.689187314264496
Cuatro Reinas → Paso Ancho,Ruta optimizada,9.382001538577235
Cuatro Reinas → Paso Ancho,Ruta optimizada,7.088890661507769
Cuatro Reinas → Paso Ancho,Ruta optimizada,9.725832024064568
Cuatro Reinas → Paso Ancho,Ruta optimizada,8.31622464592618
Cuatro Reinas → Paso Ancho,Ruta optimizada,5.409410583963775
Cuatro Reinas → Paso Ancho,Ruta optimizada,8.518891749375573
Cuatro Reinas → Paso Ancho,Ruta optimizada,9.223897600424824
Cuatro Reinas → Paso Ancho,Ruta optimizada,8.554710463918408
Cuatro Reinas → Paso Ancho,Ruta optimizada,10.244963581023583
Cuatro Reinas → Paso Ancho,Ruta optimizada,7.222262828495333
Cuatro Reinas → Paso Ancho,Ruta optimizada,10.201010666089934
Cuatro Reinas → Paso Ancho,Ruta optimizada,8.606401725995719
Cuatro Reinas → Paso Ancho,Ruta optimizada,6.592153140404673
Cuatro Reinas → Paso Ancho,Ruta optimizada,9.041236207154999
Cuatro Reinas → Paso Ancho,Ruta optimizada,10.11580310007463
Cuatro Reinas → Paso Ancho,Ruta optimizada,8.195427498847266
Cuatro Reinas → Paso Ancho,Ruta optimizada,8.914391140401948
Cuatro Reinas → Paso Ancho,Ruta optimizada,8.327820192098224
Cuatro Reinas → Paso Ancho,Ruta optimizada,5.603767427692678
Cuatro Reinas → Paso Ancho,Ruta optimizada,11.015228701408608
Cuatro Reinas → Paso Ancho,Ruta optimizada,10.024989104835269
Cuatro Reinas → Paso Ancho,Ruta optimizada,10.554676826742247
Cuatro Reinas → Paso Ancho,Ruta optimizada,8.755467319576612
Cuatro Reinas → Paso Ancho,Ruta optimizada,8.162301586408024
Cuatro Reinas → Paso Ancho,Ruta optimizada,7.818247128620013
Cuatro Reinas → Paso Ancho,Ruta optimizada,10.536200520822364
Cuatro Reinas → Paso Ancho,Ruta optimizada,9.118259131430525
Cuatro Reinas → Paso Ancho,Ruta optimizada,6.844657051701839
Cuatro Reinas → Paso Ancho,Ruta optimizada,7.828584898227646
Cuatro Reinas → Paso Ancho,Ruta optimizada,8.64736752764031
Cuatro Reinas → Paso Ancho,Ruta optimizada,7.126865511755638
Cuatro Reinas → Paso Ancho,Ruta optimizada,9.102841884833405
Cuatro Reinas → Paso Ancho,Ruta optimizada,11.200926317537736
Cuatro Reinas → Paso Ancho,Ruta optimizada,10.482882180826225
Cuatro Reinas → Paso Ancho,Ruta optimizada,8.803538073799803
Cuatro Reinas → Paso Ancho,Ruta optimizada,7.842310804988052
Cuatro Reinas → Paso Ancho,Ruta optimizada,9.633768761200662
Cuatro Reinas → Paso Ancho,Ruta optimizada,7.1002961925252395
Cuatro Reinas → Paso Ancho,Ruta optimizada,7.491701407050208
Cuatro Reinas → Paso Ancho,Ruta optimizada,6.997064949652377
Cuatro Reinas → Paso Ancho,Ruta optimizada,7.977967276800531
Cuatro Reinas → Paso Ancho,Ruta optimizada,8.34236721914786
Cuatro Reinas → Paso Ancho,Ruta optimizada,9.341933438421636
Cuatro Reinas → Paso Ancho,Ruta optimizada,8.700857893834938
Cuatro Reinas → Paso Ancho,Ruta optimizada,6.640761857167536
Cuatro Reinas → Paso Ancho,Ruta optimizada,8.744572791052393
Cuatro Reinas → Paso Ancho,Ruta optimizada,9.053410541364558
Cuatro Reinas → Paso Ancho,Ruta optimizada,9.147727975978043
Cuatro Reinas → Paso Ancho,Ruta optimizada,7.067418188625445
Cuatro Reinas → Paso Ancho,Ruta optimizada,8.092631138940144
Cuatro Reinas → Paso Ancho,Ruta optimizada,7.5524968093795195
Cuatro Reinas → Paso Ancho,Ruta optimizada,9.21613268021001
Cuatro Reinas → Paso Ancho,Ruta optimizada,5.810567786298239
Cuatro Reinas → Paso Ancho,Ruta optimizada,7.41599786318516
Cuatro Reinas → Paso Ancho,Ruta optimizada,10.705790488622782
Cuatro Reinas → Paso Ancho,Ruta optimizada,7.20389227815962
Cuatro Reinas → Paso Ancho,Ruta optimizada,10.077592172392212
Cuatro Reinas → Paso Ancho,Ruta optimizada,9.186536401864714
Cuatro Reinas → Paso Ancho,Ruta optimizada,5.898193562398274
Cuatro Reinas → Paso Ancho,Ruta optimizada,7.3473453178671955
Cuatro Reinas → Paso Ancho,Ruta optimizada,11.190873157224011
Cuatro Reinas → Paso Ancho,Ruta optimizada,6.060163586363304
Cuatro Reinas → Paso Ancho,Ruta optimizada,7.45172020429162
Cuatro Reinas → Paso Ancho,Ruta optimizada,7.667154329573198
Cuatro Reinas → Paso Ancho,Ruta optimizada,8.465256689875927
Cuatro Reinas → Paso Ancho,Ruta optimizada,9.866826256746014
Cuatro Reinas → Paso Ancho,Ruta optimizada,6.923256655682531
Cuatro Reinas → Paso Ancho,Ruta optimizada,8.222987434748093
Cuatro Reinas → Paso Ancho,Ruta optimizada,9.228920676026997
Cuatro Reinas → Paso Ancho,Ruta optimizada,7.499675627893564
Cuatro Reinas → Paso Ancho,Ruta optimizada,7.308004268043952
Cuatro Reinas → Paso Ancho,Ruta optimizada,7.326326478507656
Cuatro Reinas → Paso Ancho,Ruta optimizada,6.70188092494328
Cuatro Reinas → Paso Ancho,Ruta optimizada,8.206977414445136
Cuatro Reinas → Paso Ancho,Ruta optimizada,9.084865393229165
Cuatro Reinas → Paso Ancho,Ruta optimizada,7.508729009003796
Cuatro Reinas → Paso Ancho,Ruta optimizada,8.508412863982281
Cuatro Reinas → Paso Ancho,Ruta optimizada,5.8988680084728085
Cuatro Reinas → Paso Ancho,Ruta optimizada,6.042213632986439
Cuatro Reinas → Paso Ancho,Ruta optimizada,9.531207822413798
Cuatro Reinas → Paso Ancho,Ruta optimizada,7.964099908552836
Cuatro Reinas → Paso Ancho,Ruta optimizada,8.349028309464883
Cuatro Reinas → Paso Ancho,Ruta optimizada,6.761540355052152
Cuatro Reinas → Paso Ancho,Ruta optimizada,6.6785246196018795
Cuatro Reinas → Paso Ancho,Ruta optimizada,9.83555634361768
Cuatro Reinas → Paso Ancho,Ruta optimizada,8.28965830565974
Cuatro Reinas → Paso Ancho,Ruta optimizada,9.34220179683159
Cuatro Reinas → Paso Ancho,Ruta optimizada,7.8705017572534794
Cuatro Reinas → Paso Ancho,Ruta optimizada,9.503999042274774
Cuatro Reinas → Paso Ancho,Ruta optimizada,7.3381196457875815
Cuatro Reinas → Paso Ancho,Ruta optimizada,5.588663305813413
Cuatro Reinas → Paso Ancho,Ruta optimizada,7.180259574510717
Cuatro Reinas → Paso Ancho,Ruta optimizada,8.010354974180496
Cuatro Reinas → Paso Ancho,Ruta optimizada,8.633165857913369
Cuatro Reinas → Paso Ancho,Ruta optimizada,7.74315242805137
Cuatro Reinas → Paso Ancho,Ruta optimizada,9.826732697447941
Cuatro Reinas → Paso Ancho,Ruta optimizada,7.761006539956468
Cuatro Reinas → Paso Ancho,Ruta optimizada,6.58338460286709
Cuatro Reinas → Paso Ancho,Ruta optimizada,9.521647368535922
Cuatro Reinas → Paso Ancho,Ruta optimizada,7.123181812671663
Cuatro Reinas → Paso Ancho,Ruta optimizada,8.080903124259205
Cuatro Reinas → Paso Ancho,Ruta optimizada,6.682161668939306
Cuatro Reinas → Paso Ancho,Ruta optimizada,6.706878348834732
Cuatro Reinas → Paso Ancho,Ruta optimizada,7.123862545902539
Cuatro Reinas → Paso Ancho,Ruta optimizada,11.321975024943502
Cuatro Reinas → Paso Ancho,Ruta optimizada,8.348625095417987
Cuatro Reinas → Paso Ancho,Ruta optimizada,7.867414138049366
Cuatro Reinas → Paso Ancho,Ruta optimizada,7.537231586131697
Cuatro Reinas → Paso Ancho,Ruta optimizada,8.949223397142752
Cuatro Reinas → Paso Ancho,Ruta optimizada,8.173111107878151
Cuatro Reinas → Paso Ancho,Ruta optimizada,8.779978566395393
Cuatro Reinas → Paso Ancho,Ruta optimizada,11.466087963289096
Cuatro Reinas → Paso Ancho,Ruta optimizada,7.625687852198496
Cuatro Reinas → Paso Ancho,Ruta optimizada,11.895874288898767
Cuatro Reinas → Paso Ancho,Ruta optimizada,6.123451623620481
Cuatro Reinas → Paso Ancho,Ruta optimizada,8.361050928855635
Cuatro Reinas → Paso Ancho,Ruta optimizada,7.05130201685019
Cuatro Reinas → Paso Ancho,Ruta optimizada,8.480425227067995
Cuatro Reinas → Paso Ancho,Ruta optimizada,6.410349701476324
Cuatro Reinas → Paso Ancho,Ruta optimizada,7.090818627198389
Cuatro Reinas → Paso Ancho,Ruta optimizada,7.466937520224497
Cuatro Reinas → Paso Ancho,Ruta optimizada,6.409456415751321
Cuatro Reinas → Paso Ancho,Ruta optimizada,13.128869988027187
Cuatro Reinas → Paso Ancho,Ruta optimizada,10.024891074034068
Cuatro Reinas → Paso Ancho,Ruta optimizada,9.028771341740958
Cuatro Reinas → Paso Ancho,Ruta optimizada,8.460002726385472
Cuatro Reinas → Paso Ancho,Ruta optimizada,8.439093073970792
Cuatro Reinas → Paso Ancho,Ruta optimizada,7.845780414842344
Cuatro Reinas → Paso Ancho,Ruta optimizada,8.073177864873662
Cuatro Reinas → Paso Ancho,Ruta optimizada,7.877700113516507
Cuatro Reinas → Paso Ancho,Ruta optimizada,6.599484171975328
Cuatro Reinas → Paso Ancho,Ruta optimizada,8.089515486832584
Cuatro Reinas → Paso Ancho,Ruta optimizada,10.223952073066304
Cuatro Reinas → Paso Ancho,Ruta optimizada,8.694635643898051
Cuatro Reinas → Paso Ancho,Ruta optimizada,10.650028287927142
Cuatro Reinas → Paso Ancho,Ruta optimizada,9.624735284509605
Cuatro Reinas → Paso Ancho,Ruta optimizada,11.870751014345325
Cuatro Reinas → Paso Ancho,Ruta optimizada,8.658605816179739
Cuatro Reinas → Paso Ancho,Ruta optimizada,8.158099718348803
Cuatro Reinas → Paso Ancho,Ruta optimizada,8.064371276519351
Cuatro Reinas → Paso Ancho,Ruta optimizada,10.161858422439664
Cuatro Reinas → Paso Ancho,Ruta optimizada,7.533247548071039
Cuatro Reinas → Paso Ancho,Ruta optimizada,8.962313869362006
Cuatro Reinas → Paso Ancho,Ruta optimizada,5.911660098181456
Cuatro Reinas → Paso Ancho,Ruta optimizada,7.444476046295517
Cuatro Reinas → Paso Ancho,Ruta optimizada,10.527245270165125
Cuatro Reinas → Paso Ancho,Ruta optimizada,8.67017769145916
Cuatro Reinas → Paso Ancho,Ruta optimizada,10.026035142296912
Cuatro Reinas → Paso Ancho,Ruta optimizada,7.755682191602232
Cuatro Reinas → Paso Ancho,Ruta optimizada,7.9036819610474645
Cuatro Reinas → Paso Ancho,Ruta optimizada,6.478278351406792
Cuatro Reinas → Paso Ancho,Ruta optimizada,8.243838316648631
Cuatro Reinas → Paso Ancho,Ruta optimizada,9.82159480379978
Cuatro Reinas → Paso Ancho,Ruta optimizada,7.803860836487765
Cuatro Reinas → Paso Ancho,Ruta optimizada,8.081379541219015
Cuatro Reinas → Paso Ancho,Ruta optimizada,6.865315361851631
Cuatro Reinas → Paso Ancho,Ruta optimizada,7.294111618498869
Cuatro Reinas → Paso Ancho,Ruta optimizada,8.062103566649043
Cuatro Reinas → Paso Ancho,Ruta optimizada,8.937720808799629
Cuatro Reinas → Paso Ancho,Ruta optimizada,7.567911662342601
Cuatro Reinas → Paso Ancho,Ruta optimizada,9.237947849544728
Cuatro Reinas → Paso Ancho,Ruta optimizada,9.531460671754672
Cuatro Reinas → Paso Ancho,Ruta optimizada,6.997809930356248
Cuatro Reinas → Paso Ancho,Ruta optimizada,7.083772272453626
Cuatro Reinas → Paso Ancho,Ruta optimizada,5.816979436728443
Cuatro Reinas → Paso Ancho,Ruta optimizada,8.556779319034924
Cuatro Reinas → Paso Ancho,Ruta optimizada,7.18804304095962
Cuatro Reinas → Paso Ancho,Ruta optimizada,8.271115926905336
Cuatro Reinas → Paso Ancho,Ruta optimizada,7.4881699498965615
Cuatro Reinas → Paso Ancho,Ruta optimizada,7.935310010199735
Cuatro Reinas → Paso Ancho,Ruta optimizada,8.613825288278333
Cuatro Reinas → Paso Ancho,Ruta optimizada,8.03139997242406
Cuatro Reinas → Paso Ancho,Ruta optimizada,9.44938185320286
Cuatro Reinas → Paso Ancho,Ruta optimizada,7.221734518781922
Cuatro Reinas → Paso Ancho,Ruta optimizada,7.567607390743837
Cuatro Reinas → Paso Ancho,Ruta optimizada,7.653551339761209
Cuatro Reinas → Paso Ancho,Ruta optimizada,8.841561308493905
Cuatro Reinas → Paso Ancho,Ruta optimizada,6.834235351965991
Cuatro Reinas → Paso Ancho,Ruta optimizada,9.668581090695715
Cuatro Reinas → Paso Ancho,Ruta optimizada,6.230951293322821
Cuatro Reinas → Paso Ancho,Ruta optimizada,8.079793381950774
Cuatro Reinas → Paso Ancho,Ruta optimizada,8.619597199227238
Cuatro Reinas → Paso Ancho,Ruta optimizada,6.561320108610571
Cuatro Reinas → Paso Ancho,Ruta optimizada,8.891375344463729
Cuatro Reinas → Paso Ancho,Ruta optimizada,9.585944428563796
Cuatro Reinas → Paso Ancho,Ruta optimizada,7.640417383087488
Cuatro Reinas → Paso Ancho,Ruta optimizada,8.07380702079151
Cuatro Reinas → Paso Ancho,Ruta optimizada,7.846415258420483
Cuatro Reinas → Paso Ancho,Ruta optimizada,8.57327772557652
Cuatro Reinas → Paso Ancho,Ruta optimizada,9.36800271061673
Cuatro Reinas → Paso Ancho,Ruta optimizada,7.915025858566729
Cuatro Reinas → Paso Ancho,Ruta optimizada,7.694380548771888
Cuatro Reinas → Paso Ancho,Ruta optimizada,9.250931306329047
Cuatro Reinas → Paso Ancho,Ruta optimizada,8.68503908590986
Cuatro Reinas → Paso Ancho,Ruta optimizada,9.88358124588925
Cuatro Reinas → Paso Ancho,Ruta optimizada,7.14000413617173
Cuatro Reinas → Paso Ancho,Ruta optimizada,9.090333200001897
Cuatro Reinas → Paso Ancho,Ruta optimizada,8.467239633562402
Cuatro Reinas → Paso Ancho,Ruta optimizada,7.196629372745747
Cuatro Reinas → Paso Ancho,Ruta optimizada,8.981505874072488
Cuatro Reinas → Paso Ancho,Ruta optimizada,8.342254270755278
Cuatro Reinas → Paso Ancho,Ruta optimizada,7.087736319832414
Cuatro Reinas → Paso Ancho,Ruta optimizada,8.156486007884428
Cuatro Reinas → Paso Ancho,Ruta optimizada,8.751156253233813
Cuatro Reinas → Paso Ancho,Ruta optimizada,6.174710470295715
Cuatro Reinas → Paso Ancho,Ruta optimizada,8.668400819115014
Cuatro Reinas → Paso Ancho,Ruta optimizada,7.70363746160479
Cuatro Reinas → Paso Ancho,Ruta optimizada,8.836298873506566
Cuatro Reinas → Paso Ancho,Ruta optimizada,5.981340123674201
Cuatro Reinas → Paso Ancho,Ruta optimizada,10.292077983087232
Cuatro Reinas → Paso Ancho,Ruta optimizada,7.1450660416489
Cuatro Reinas → Paso Ancho,Ruta optimizada,7.69227160824406
Cuatro Reinas → Paso Ancho,Ruta optimizada,8.115017300674088
Cuatro Reinas → Paso Ancho,Ruta optimizada,8.579698656910574
Cuatro Reinas → Paso Ancho,Ruta optimizada,7.857188133536317
Cuatro Reinas → Paso Ancho,Ruta optimizada,9.884293286821924
Cuatro Reinas → Paso Ancho,Ruta optimizada,7.550008616903353
Cuatro Reinas → Paso Ancho,Ruta optimizada,10.348900322224166
Cuatro Reinas → Paso Ancho,Ruta optimizada,7.959492573067063
Cuatro Reinas → Paso Ancho,Ruta optimizada,8.171026398317997
Cuatro Reinas → Paso Ancho,Ruta optimizada,6.450193041677849
Cuatro Reinas → Paso Ancho,Ruta optimizada,7.321641751653378
Cuatro Reinas → Paso Ancho,Ruta optimizada,8.522425379400133
Cuatro Reinas → Paso Ancho,Ruta optimizada,6.446120384340615
Cuatro Reinas → Paso Ancho,Ruta optimizada,10.33021901327429
Cuatro Reinas → Paso Ancho,Ruta optimizada,8.812322725420929
Cuatro Reinas → Paso Ancho,Ruta optimizada,7.681132078528109
Cuatro Reinas → Paso Ancho,Ruta optimizada,8.30579358702236
Cuatro Reinas → Paso Ancho,Ruta optimizada,10.593221151850752
Cuatro Reinas → Paso Ancho,Ruta optimizada,9.15315744672227
Cuatro Reinas → Paso Ancho,Ruta optimizada,5.947443335085612
Cuatro Reinas → Paso Ancho,Ruta optimizada,7.969203123026322
Cuatro Reinas → Paso Ancho,Ruta optimizada,9.324011106130856
Cuatro Reinas → Paso Ancho,Ruta optimizada,7.347765899431009
Cuatro Reinas → Paso Ancho,Ruta optimizada,9.0804065094157
Cuatro Reinas → Paso Ancho,Ruta optimizada,5.642814283853521
Cuatro Reinas → Paso Ancho,Ruta optimizada,7.935298414231174
Cuatro Reinas → Paso Ancho,Ruta optimizada,8.707455238755559
Cuatro Reinas → Paso Ancho,Ruta optimizada,8.851963128036395
Cuatro Reinas → Paso Ancho,Ruta optimizada,7.1733312518311445
Cuatro Reinas → Paso Ancho,Ruta optimizada,9.652569267832215
Cuatro Reinas → Paso Ancho,Ruta optimizada,6.240199212997476
Cuatro Reinas → Paso Ancho,Ruta optimizada,8.455761919639777
Cuatro Reinas → Paso Ancho,Ruta optimizada,8.43058906023873
Cuatro Reinas → Paso Ancho,Ruta optimizada,6.643420908670325
Cuatro Reinas → Paso Ancho,Ruta optimizada,9.422480080009041
Cuatro Reinas → Paso Ancho,Ruta optimizada,8.81563158702634
Cuatro Reinas → Paso Ancho,Ruta optimizada,6.850376680159831
Cuatro Reinas → Paso Ancho,Ruta optimizada,8.978893449464746
Cuatro Reinas → Paso Ancho,Ruta optimizada,7.592327109136654
Cuatro Reinas → Paso Ancho,Ruta optimizada,7.36298702895579
Cuatro Reinas → Paso Ancho,Ruta optimizada,6.77402140911016
Cuatro Reinas → Paso Ancho,Ruta optimizada,7.489238137054211
Cuatro Reinas → Paso Ancho,Ruta optimizada,5.809529419654625
Cuatro Reinas → Paso Ancho,Ruta optimizada,8.829809137917996
Cuatro Reinas → Paso Ancho,Ruta optimizada,10.574402309686148
Cuatro Reinas → Paso Ancho,Ruta optimizada,7.657302463396631
Cuatro Reinas → Paso Ancho,Ruta optimizada,5.936619862413463
Cuatro Reinas → Paso Ancho,Ruta optimizada,7.424187359383927
Cuatro Reinas → Paso Ancho,Ruta optimizada,7.706225918349546
Cuatro Reinas → Paso Ancho,Ruta optimizada,8.237796735243258
Cuatro Reinas → Paso Ancho,Ruta optimizada,7.932720308154746
Cuatro Reinas → Paso Ancho,Ruta optimizada,10.580261947000267
Cuatro Reinas → Paso Ancho,Ruta optimizada,7.951406319484149
Cuatro Reinas → Paso Ancho,Ruta optimizada,7.506311519115365
Cuatro Reinas → Paso Ancho,Ruta optimizada,8.070988656876871
Cuatro Reinas → Paso Ancho,Ruta optimizada,8.465939383215755
Cuatro Reinas → Paso Ancho,Ruta optimizada,7.8240664485696
Cuatro Reinas → Paso Ancho,Ruta optimizada,8.094084544118624
Cuatro Reinas → Paso Ancho,Ruta optimizada,7.3957828907468475
Cuatro Reinas → Paso Ancho,Ruta optimizada,9.329736449993112
Cuatro Reinas → Paso Ancho,Ruta optimizada,6.239055961603744
Cuatro Reinas → Paso Ancho,Ruta optimizada,8.37949287532015
Cuatro Reinas → Paso Ancho,Ruta optimizada,9.365723120436465
Cuatro Reinas → Paso Ancho,Ruta optimizada,7.8513146159120035
Cuatro Reinas → Paso Ancho,Ruta optimizada,6.196427506092039
Cuatro Reinas → Paso Ancho,Ruta optimizada,7.93724077719817
Cuatro Reinas → Paso Ancho,Ruta optimizada,9.271369757430426
Cuatro Reinas → Paso Ancho,Ruta optimizada,8.048135282650096
Cuatro Reinas → Paso Ancho,Ruta optimizada,6.818354012261656
Cuatro Reinas → Paso Ancho,Ruta optimizada,11.020681663010306
Cuatro Reinas → Paso Ancho,Ruta optimizada,9.827751833807017
Cuatro Reinas → Paso Ancho,Ruta optimizada,8.280194661174699
Cuatro Reinas → Paso Ancho,Ruta optimizada,12.412667382888479
Cuatro Reinas → Paso Ancho,Ruta optimizada,7.5396444835940475
Cuatro Reinas → Paso Ancho,Ruta optimizada,6.5951576274562145
Cuatro Reinas → Paso Ancho,Ruta optimizada,8.074564581044973
Cuatro Reinas → Paso Ancho,Ruta optimizada,8.147209435608879
Cuatro Reinas → Paso Ancho,Ruta optimizada,6.805838713858676
Cuatro Reinas → Paso Ancho,Ruta optimizada,8.60370828938399
Cuatro Reinas → Paso Ancho,Ruta optimizada,9.569540223380242
Cuatro Reinas → Paso Ancho,Ruta optimizada,6.6821231746387255
Cuatro Reinas → Paso Ancho,Ruta optimizada,6.991732307917895
Cuatro Reinas → Paso Ancho,Ruta optimizada,6.465725554663381
Cuatro Reinas → Paso Ancho,Ruta optimizada,6.903660633427827
Cuatro Reinas → Paso Ancho,Ruta optimizada,8.671688766667446
Cuatro Reinas → Paso Ancho,Ruta optimizada,7.98843295594694
Cuatro Reinas → Paso Ancho,Ruta optimizada,7.808358561049452
Cuatro Reinas → Paso Ancho,Ruta optimizada,7.9814049535784
Cuatro Reinas → Paso Ancho,Ruta optimizada,8.14981649230311
Cuatro Reinas → Paso Ancho,Ruta optimizada,6.824534785887677
Cuatro Reinas → Paso Ancho,Ruta optimizada,7.3118406484113185
Cuatro Reinas → Paso Ancho,Ruta optimizada,7.906088696013516
Cuatro Reinas → Paso Ancho,Ruta optimizada,7.899284737305074
Cuatro Reinas → Paso Ancho,Ruta optimizada,8.92140100706761
Cuatro Reinas → Paso Ancho,Ruta optimizada,7.372517537318298
Cuatro Reinas → Paso Ancho,Ruta optimizada,7.601849298935364
Cuatro Reinas → Paso Ancho,Ruta optimizada,7.625448933585561
Cuatro Reinas → Paso Ancho,Ruta optimizada,7.915533756124206
Cuatro Reinas → Paso Ancho,Ruta optimizada,9.507835700881563
Cuatro Reinas → Paso Ancho,Ruta optimizada,7.210450928849967
Cuatro Reinas → Paso Ancho,Ruta optimizada,7.927763279769254
Cuatro Reinas → Paso Ancho,Ruta optimizada,7.059562149997516
Cuatro Reinas → Paso Ancho,Ruta optimizada,9.097825503447737
Cuatro Reinas → Paso Ancho,Ruta optimizada,9.323967296124925
Cuatro Reinas → Paso Ancho,Ruta optimizada,8.330917655692316
Cuatro Reinas → Paso Ancho,Ruta optimizada,10.191848914969281
Cuatro Reinas → Paso Ancho,Ruta optimizada,5.952952523387594
Cuatro Reinas → Paso Ancho,Ruta optimizada,7.441687127964287
Cuatro Reinas → Paso Ancho,Ruta optimizada,8.962264202283716
Cuatro Reinas → Paso Ancho,Ruta optimizada,6.3819199259863195
Cuatro Reinas → Paso Ancho,Ruta optimizada,7.812280574679757
Cuatro Reinas → Paso Ancho,Ruta optimizada,8.215101269878962
Cuatro Reinas → Paso Ancho,Ruta optimizada,7.967927357651656
Cuatro Reinas → Paso Ancho,Ruta optimizada,8.55976255491744
Cuatro Reinas → Paso Ancho,Ruta optimizada,9.192084162272785
Cuatro Reinas → Paso Ancho,Ruta optimizada,10.009324438983121
Cuatro Reinas → Paso Ancho,Ruta optimizada,6.7505372315346746
Cuatro Reinas → Paso Ancho,Ruta optimizada,6.702788843877954
Cuatro Reinas → Paso Ancho,Ruta optimizada,8.234810940463547
Cuatro Reinas → Paso Ancho,Ruta optimizada,6.574241595263954
Cuatro Reinas → Paso Ancho,Ruta optimizada,10.774648095262018
Cuatro Reinas → Paso Ancho,Ruta optimizada,7.953844143361422
Cuatro Reinas → Paso Ancho,Ruta optimizada,8.473956928349516
Cuatro Reinas → Paso Ancho,Ruta optimizada,7.94238237392593
Cuatro Reinas → Paso Ancho,Ruta optimizada,7.275488813559978
Cuatro Reinas → Paso Ancho,Ruta optimizada,7.422810731163677
Cuatro Reinas → Paso Ancho,Ruta optimizada,10.07079784627041
Cuatro Reinas → Paso Ancho,Ruta optimizada,8.43402752136658
Cuatro Reinas → Paso Ancho,Ruta optimizada,5.935298251123472
Cuatro Reinas → Paso Ancho,Ruta optimizada,7.316817971332395
Cuatro Reinas → Paso Ancho,Ruta optimizada,8.733929782894451
Cuatro Reinas → Paso Ancho,Ruta optimizada,8.53244477257379
Cuatro Reinas → Paso Ancho,Ruta optimizada,9.848720723801298
Cuatro Reinas → Paso Ancho,Ruta optimizada,8.322036716707832
Cuatro Reinas → Paso Ancho,Ruta optimizada,7.942810782556182
Cuatro Reinas → Paso Ancho,Ruta optimizada,8.185735587559327
Cuatro Reinas → Paso Ancho,Ruta optimizada,8.462662464804668
Cuatro Reinas → Paso Ancho,Ruta optimizada,9.018253335937612
Cuatro Reinas → Paso Ancho,Ruta optimizada,7.410060849660281
Cuatro Reinas → Paso Ancho,Ruta optimizada,7.836200136358834
Cuatro Reinas → Paso Ancho,Ruta optimizada,8.799306007873318
Cuatro Reinas → Paso Ancho,Ruta optimizada,8.954363669642893
Cuatro Reinas → Paso Ancho,Ruta optimizada,8.137346544518579
Cuatro Reinas → Paso Ancho,Ruta optimizada,9.17904606909266
Cuatro Reinas → Paso Ancho,Ruta optimizada,7.425321689276125
Cuatro Reinas → Paso Ancho,Ruta base,8.735549071925833
Cuatro Reinas → Paso Ancho,Ruta base,9.4010194936516
Cuatro Reinas → Paso Ancho,Ruta base,7.9269434317720995
Cuatro Reinas → Paso Ancho,Ruta base,7.1516136595135915
Cuatro Reinas → Paso Ancho,Ruta base,6.193770488872484
Cuatro Reinas → Paso Ancho,Ruta base,9.461949695329059
Cuatro Reinas → Paso Ancho,Ruta base,8.350921602813182
Cuatro Reinas → Paso Ancho,Ruta base,8.569230606683098
Cuatro Reinas → Paso Ancho,Ruta base,7.852637543754822
Cuatro Reinas → Paso Ancho,Ruta base,10.663541448074689
Cuatro Reinas → Paso Ancho,Ruta base,10.40361587015735
Cuatro Reinas → Paso Ancho,Ruta base,8.378768942668888
Cuatro Reinas → Paso Ancho,Ruta base,7.912856194502185
Cuatro Reinas → Paso Ancho,Ruta base,8.244438285704247
Cuatro Reinas → Paso Ancho,Ruta base,7.301909926522909
Cuatro Reinas → Paso Ancho,Ruta base,8.05171200944023
Cuatro Reinas → Paso Ancho,Ruta base,8.024257226689388
Cuatro Reinas → Paso Ancho,Ruta base,9.193983949111985
Cuatro Reinas → Paso Ancho,Ruta base,8.415369773030763
Cuatro Reinas → Paso Ancho,Ruta base,7.7872758893043645
Cuatro Reinas → Paso Ancho,Ruta base,10.330641182710414
Cuatro Reinas → Paso Ancho,Ruta base,7.733710793333999
Cuatro Reinas → Paso Ancho,Ruta base,6.587996790989949
Cuatro Reinas → Paso Ancho,Ruta base,8.956395505300472
Cuatro Reinas → Paso Ancho,Ruta base,6.16664155625668
Cuatro Reinas → Paso Ancho,Ruta base,8.62141284855157
Cuatro Reinas → Paso Ancho,Ruta base,9.213409283764744
Cuatro Reinas → Paso Ancho,Ruta base,8.419092524590313
Cuatro Reinas → Paso Ancho,Ruta base,8.590390932237739
Cuatro Reinas → Paso Ancho,Ruta base,6.346895111734627
Cuatro Reinas → Paso Ancho,Ruta base,9.23777740249571
Cuatro Reinas → Paso Ancho,Ruta base,9.418077045715352
Cuatro Reinas → Paso Ancho,Ruta base,7.036221039986915
Cuatro Reinas → Paso Ancho,Ruta base,11.513538998114521
Cuatro Reinas → Paso Ancho,Ruta base,7.355744999475446
Cuatro Reinas → Paso Ancho,Ruta base,6.718701834932049
Cuatro Reinas → Paso Ancho,Ruta base,6.846019689335439
Cuatro Reinas → Paso Ancho,Ruta base,8.668198716394642
Cuatro Reinas → Paso Ancho,Ruta base,8.921579739740796
Cuatro Reinas → Paso Ancho,Ruta base,9.000712326189912
Cuatro Reinas → Paso Ancho,Ruta base,7.76968032246875
Cuatro Reinas → Paso Ancho,Ruta base,7.549240756471473
Cuatro Reinas → Paso Ancho,Ruta base,10.188026039884468
Cuatro Reinas → Paso Ancho,Ruta base,7.449751715406269
Cuatro Reinas → Paso Ancho,Ruta base,7.093824878244468
Cuatro Reinas → Paso Ancho,Ruta base,10.579603289824774
Cuatro Reinas → Paso Ancho,Ruta base,8.721935373937008
Cuatro Reinas → Paso Ancho,Ruta base,9.082281686805397
Cuatro Reinas → Paso Ancho,Ruta base,8.899423166450823
Cuatro Reinas → Paso Ancho,Ruta base,7.622134598643863
Cuatro Reinas → Paso Ancho,Ruta base,7.511017650201133
Cuatro Reinas → Paso Ancho,Ruta base,9.731314413151775
Cuatro Reinas → Paso Ancho,Ruta base,7.82239173048729
Cuatro Reinas → Paso Ancho,Ruta base,9.089866055615937
Cuatro Reinas → Paso Ancho,Ruta base,8.5517119642405
Cuatro Reinas → Paso Ancho,Ruta base,6.983522143764362
Cuatro Reinas → Paso Ancho,Ruta base,9.93824217051984
Cuatro Reinas → Paso Ancho,Ruta base,6.786024772402613
Cuatro Reinas → Paso Ancho,Ruta base,8.997984255439604
Cuatro Reinas → Paso Ancho,Ruta base,9.161488459250593
Cuatro Reinas → Paso Ancho,Ruta base,10.407860579783454
Cuatro Reinas → Paso Ancho,Ruta base,7.17698961369862
Cuatro Reinas → Paso Ancho,Ruta base,7.614080992382956
Cuatro Reinas → Paso Ancho,Ruta base,8.588766993654367
Cuatro Reinas → Paso Ancho,Ruta base,8.668314546804542
Cuatro Reinas → Paso Ancho,Ruta base,9.924103909640696
Cuatro Reinas → Paso Ancho,Ruta base,8.58491609479695
Cuatro Reinas → Paso Ancho,Ruta base,8.681693468027264
Cuatro Reinas → Paso Ancho,Ruta base,10.226716899473988
Cuatro Reinas → Paso Ancho,Ruta base,11.527279979257886
Cuatro Reinas → Paso Ancho,Ruta base,7.052857617870077
Cuatro Reinas → Paso Ancho,Ruta base,8.17044301419799
Cuatro Reinas → Paso Ancho,Ruta base,9.634310929587215
Cuatro Reinas → Paso Ancho,Ruta base,8.181935601398294
Cuatro Reinas → Paso Ancho,Ruta base,10.79918438038874
Cuatro Reinas → Paso Ancho,Ruta base,8.026078076405243
Cuatro Reinas → Paso Ancho,Ruta base,7.276748038136197
Cuatro Reinas → Paso Ancho,Ruta base,9.62644435078192
Cuatro Reinas → Paso Ancho,Ruta base,5.737542718073226
Cuatro Reinas → Paso Ancho,Ruta base,7.723198481929648
Cuatro Reinas → Paso Ancho,Ruta base,11.94746020173716
Cuatro Reinas → Paso Ancho,Ruta base,8.998829259842337
Cuatro Reinas → Paso Ancho,Ruta base,8.897433915370328
Cuatro Reinas → Paso Ancho,Ruta base,7.708995247707204
Cuatro Reinas → Paso Ancho,Ruta base,8.74377280817039
Cuatro Reinas → Paso Ancho,Ruta base,8.482884279256664
Cuatro Reinas → Paso Ancho,Ruta base,11.530650735505954
Cuatro Reinas → Paso Ancho,Ruta base,7.3417163046968525
Cuatro Reinas → Paso Ancho,Ruta base,5.558892609762231
Cuatro Reinas → Paso Ancho,Ruta base,8.952568920906318
Cuatro Reinas → Paso Ancho,Ruta base,11.130451779776426
Cuatro Reinas → Paso Ancho,Ruta base,7.5834545132951865
Cuatro Reinas → Paso Ancho,Ruta base,6.45299843170809
Cuatro Reinas → Paso Ancho,Ruta base,7.346585800618552
Cuatro Reinas → Paso Ancho,Ruta base,9.25403857673351
Cuatro Reinas → Paso Ancho,Ruta base,8.030135456244444
Cuatro Reinas → Paso Ancho,Ruta base,8.46700763278331
Cuatro Reinas → Paso Ancho,Ruta base,6.075367146176817
Cuatro Reinas → Paso Ancho,Ruta base,7.94038304265104
Cuatro Reinas → Paso Ancho,Ruta base,10.020670288931356
Cuatro Reinas → Paso Ancho,Ruta base,8.390700283470853
Cuatro Reinas → Paso Ancho,Ruta base,7.210813770527296
Cuatro Reinas → Paso Ancho,Ruta base,10.18736595629976
Cuatro Reinas → Paso Ancho,Ruta base,9.781821826406247
Cuatro Reinas → Paso Ancho,Ruta base,7.956401406427643
Cuatro Reinas → Paso Ancho,Ruta base,7.690149470041824
Cuatro Reinas → Paso Ancho,Ruta base,10.33782502153684
Cuatro Reinas → Paso Ancho,Ruta base,7.368544360738782
Cuatro Reinas → Paso Ancho,Ruta base,8.248317907442331
Cuatro Reinas → Paso Ancho,Ruta base,10.684934491507358
Cuatro Reinas → Paso Ancho,Ruta base,9.036308972078265
Cuatro Reinas → Paso Ancho,Ruta base,7.8524858741070425
Cuatro Reinas → Paso Ancho,Ruta base,6.452545219400562
Cuatro Reinas → Paso Ancho,Ruta base,8.447809082846563
Cuatro Reinas → Paso Ancho,Ruta base,8.79612522341069
Cuatro Reinas → Paso Ancho,Ruta base,7.872583567001278
Cuatro Reinas → Paso Ancho,Ruta base,9.77719451368476
Cuatro Reinas → Paso Ancho,Ruta base,6.739147585969008
Cuatro Reinas → Paso Ancho,Ruta base,6.826726578456739
Cuatro Reinas → Paso Ancho,Ruta base,7.674157167886286
Cuatro Reinas → Paso Ancho,Ruta base,8.27823517961274
Cuatro Reinas → Paso Ancho,Ruta base,7.164492891000432
Cuatro Reinas → Paso Ancho,Ruta base,6.948844190163272
Cuatro Reinas → Paso Ancho,Ruta base,7.638077493453994
Cuatro Reinas → Paso Ancho,Ruta base,8.157498794481443
Cuatro Reinas → Paso Ancho,Ruta base,7.404314550702234
Cuatro Reinas → Paso Ancho,Ruta base,9.36986787138616
Cuatro Reinas → Paso Ancho,Ruta base,5.724983467809901
Cuatro Reinas → Paso Ancho,Ruta base,8.443646774416782
Cuatro Reinas → Paso Ancho,Ruta base,7.754704522871239
Cuatro Reinas → Paso Ancho,Ruta base,8.78663194398405
Cuatro Reinas → Paso Ancho,Ruta base,11.766800199402574
Cuatro Reinas → Paso Ancho,Ruta base,8.879590301911868
Cuatro Reinas → Paso Ancho,Ruta base,8.515999723831959
Cuatro Reinas → Paso Ancho,Ruta base,9.327403891398077
Cuatro Reinas → Paso Ancho,Ruta base,6.903468786900241
Cuatro Reinas → Paso Ancho,Ruta base,9.051831699096466
Cuatro Reinas → Paso Ancho,Ruta base,9.70905521597039
Cuatro Reinas → Paso Ancho,Ruta base,7.986488388672948
Cuatro Reinas → Paso Ancho,Ruta base,9.410330445045247
Cuatro Reinas → Paso Ancho,Ruta base,8.72746966822435
Cuatro Reinas → Paso Ancho,Ruta base,7.488761059707638
Cuatro Reinas → Paso Ancho,Ruta base,6.67687383354984
Cuatro Reinas → Paso Ancho,Ruta base,9.534954573223882
Cuatro Reinas → Paso Ancho,Ruta base,11.017948541777429
Cuatro Reinas → Paso Ancho,Ruta base,7.682317961807377
Cuatro Reinas → Paso Ancho,Ruta base,8.83452783850224
Cuatro Reinas → Paso Ancho,Ruta base,7.285040815458859
Cuatro Reinas → Paso Ancho,Ruta base,7.576575896459491
Cuatro Reinas → Paso Ancho,Ruta base,7.6376256850543625
Cuatro Reinas → Paso Ancho,Ruta base,6.982091633778184
Cuatro Reinas → Paso Ancho,Ruta base,8.591245488808433
Cuatro Reinas → Paso Ancho,Ruta base,9.283852681581473
Cuatro Reinas → Paso Ancho,Ruta base,8.67736892425416
Cuatro Reinas → Paso Ancho,Ruta base,7.745376390716588
Cuatro Reinas → Paso Ancho,Ruta base,10.573243664833578
Cuatro Reinas → Paso Ancho,Ruta base,8.875110886030308
Cuatro Reinas → Paso Ancho,Ruta base,10.630517828680375
Cuatro Reinas → Paso Ancho,Ruta base,6.822456691581012
Cuatro Reinas → Paso Ancho,Ruta base,12.631268940945983
Cuatro Reinas → Paso Ancho,Ruta base,8.52809207419567
Cuatro Reinas → Paso Ancho,Ruta base,7.083726163075343
Cuatro Reinas → Paso Ancho,Ruta base,6.872891848346071
Cuatro Reinas → Paso Ancho,Ruta base,9.599418500882742
Cuatro Reinas → Paso Ancho,Ruta base,10.058114748982813
Cuatro Reinas → Paso Ancho,Ruta base,9.636105413680706
Cuatro Reinas → Paso Ancho,Ruta base,9.183987643717263
Cuatro Reinas → Paso Ancho,Ruta base,7.1197997145497345
Cuatro Reinas → Paso Ancho,Ruta base,8.612402166041282
Cuatro Reinas → Paso Ancho,Ruta base,5.899092338101442
Cuatro Reinas → Paso Ancho,Ruta base,7.384236370355195
Cuatro Reinas → Paso Ancho,Ruta base,9.101458121904473
Cuatro Reinas → Paso Ancho,Ruta base,6.4399478851222005
Cuatro Reinas → Paso Ancho,Ruta base,11.965053464352692
Cuatro Reinas → Paso Ancho,Ruta base,10.110103817501054
Cuatro Reinas → Paso Ancho,Ruta base,6.779454447444697
Cuatro Reinas → Paso Ancho,Ruta base,9.198589712652076
Cuatro Reinas → Paso Ancho,Ruta base,9.210784904251922
Cuatro Reinas → Paso Ancho,Ruta base,8.21903545759585
Cuatro Reinas → Paso Ancho,Ruta base,8.978452083797936
Cuatro Reinas → Paso Ancho,Ruta base,7.821199434996611
Cuatro Reinas → Paso Ancho,Ruta base,8.188686546668656
Cuatro Reinas → Paso Ancho,Ruta base,9.001436620617394
Cuatro Reinas → Paso Ancho,Ruta base,9.189646438828316
Cuatro Reinas → Paso Ancho,Ruta base,8.7373987204797
Cuatro Reinas → Paso Ancho,Ruta base,8.936730520807687
Cuatro Reinas → Paso Ancho,Ruta base,10.08037740871015
Cuatro Reinas → Paso Ancho,Ruta base,9.631727294464545
Cuatro Reinas → Paso Ancho,Ruta base,7.071600035889489
Cuatro Reinas → Paso Ancho,Ruta base,8.133485663108557
Cuatro Reinas → Paso Ancho,Ruta base,10.467384002512551
Cuatro Reinas → Paso Ancho,Ruta base,10.600857734667896
Cuatro Reinas → Paso Ancho,Ruta base,9.072175069718973
Cuatro Reinas → Paso Ancho,Ruta base,8.078838440759084
Cuatro Reinas → Paso Ancho,Ruta base,9.535644422233466
Cuatro Reinas → Paso Ancho,Ruta base,9.419224161420665
Cuatro Reinas → Paso Ancho,Ruta base,6.748069895845904
Cuatro Reinas → Paso Ancho,Ruta base,8.624168472169242
Cuatro Reinas → Paso Ancho,Ruta base,6.714719765436517
Cuatro Reinas → Paso Ancho,Ruta base,8.326605680886379
Cuatro Reinas → Paso Ancho,Ruta base,8.415429754106004
Cuatro Reinas → Paso Ancho,Ruta base,10.304626167515972
Cuatro Reinas → Paso Ancho,Ruta base,6.570140897574225
Cuatro Reinas → Paso Ancho,Ruta base,8.14737999788246
Cuatro Reinas → Paso Ancho,Ruta base,9.26858443507967
Cuatro Reinas → Paso Ancho,Ruta base,8.919710053153961
Cuatro Reinas → Paso Ancho,Ruta base,9.569254229974547
Cuatro Reinas → Paso Ancho,Ruta base,7.368160105037697
Cuatro Reinas → Paso Ancho,Ruta base,8.370762396326505
Cuatro Reinas → Paso Ancho,Ruta base,8.162407390953469
Cuatro Reinas → Paso Ancho,Ruta base,10.388583050670501
Cuatro Reinas → Paso Ancho,Ruta base,8.442883208991201
Cuatro Reinas → Paso Ancho,Ruta base,8.5830444405177
Cuatro Reinas → Paso Ancho,Ruta base,8.683843625796346
Cuatro Reinas → Paso Ancho,Ruta base,7.047993139649581
Cuatro Reinas → Paso Ancho,Ruta base,9.323534842100317
Cuatro Reinas → Paso Ancho,Ruta base,7.180098384837354
Cuatro Reinas → Paso Ancho,Ruta base,8.745351699664377
Cuatro Reinas → Paso Ancho,Ruta base,7.462043163104565
Cuatro Reinas → Paso Ancho,Ruta base,10.09157549197065
Cuatro Reinas → Paso Ancho,Ruta base,8.409959721947729
Cuatro Reinas → Paso Ancho,Ruta base,10.869013914445715
Cuatro Reinas → Paso Ancho,Ruta base,5.949167432109825
Cuatro Reinas → Paso Ancho,Ruta base,10.588360435823963
Cuatro Reinas → Paso Ancho,Ruta base,9.915001331469773
Cuatro Reinas → Paso Ancho,Ruta base,8.713995698621991
Cuatro Reinas → Paso Ancho,Ruta base,11.195790992679923
Cuatro Reinas → Paso Ancho,Ruta base,6.781320667209006
Cuatro Reinas → Paso Ancho,Ruta base,8.889538773824526
Cuatro Reinas → Paso Ancho,Ruta base,10.257792469553257
Cuatro Reinas → Paso Ancho,Ruta base,9.231934146240054
Cuatro Reinas → Paso Ancho,Ruta base,7.925236046655978
Cuatro Reinas → Paso Ancho,Ruta base,9.093074778174872
Cuatro Reinas → Paso Ancho,Ruta base,8.093679335534418
Cuatro Reinas → Paso Ancho,Ruta base,7.858043793947813
Cuatro Reinas → Paso Ancho,Ruta base,7.707447550385496
Cuatro Reinas → Paso Ancho,Ruta base,9.947144554915234
Cuatro Reinas → Paso Ancho,Ruta base,8.679007044035105
Cuatro Reinas → Paso Ancho,Ruta base,12.91370463925869
Cuatro Reinas → Paso Ancho,Ruta base,9.99767354299524
Cuatro Reinas → Paso Ancho,Ruta base,6.864550031336889
Cuatro Reinas → Paso Ancho,Ruta base,9.34987366558686
Cuatro Reinas → Paso Ancho,Ruta base,7.230604761306025
Cuatro Reinas → Paso Ancho,Ruta base,8.467548603904168
Cuatro Reinas → Paso Ancho,Ruta base,8.745908667584725
Cuatro Reinas → Paso Ancho,Ruta base,7.2632748130583265
Cuatro Reinas → Paso Ancho,Ruta base,7.45825704266148
Cuatro Reinas → Paso Ancho,Ruta base,7.392326797280566
Cuatro Reinas → Paso Ancho,Ruta base,8.441435713200441
Cuatro Reinas → Paso Ancho,Ruta base,8.164426146682477
Cuatro Reinas → Paso Ancho,Ruta base,8.381225045414375
Cuatro Reinas → Paso Ancho,Ruta base,11.312227322624867
Cuatro Reinas → Paso Ancho,Ruta base,9.060878728548511
Cuatro Reinas → Paso Ancho,Ruta base,8.963482066684508
Cuatro Reinas → Paso Ancho,Ruta base,10.293606496524982
Cuatro Reinas → Paso Ancho,Ruta base,11.450482622535171
Cuatro Reinas → Paso Ancho,Ruta base,10.262445385017934
Cuatro Reinas → Paso Ancho,Ruta base,7.296058862194341
Cuatro Reinas → Paso Ancho,Ruta base,8.545609154175958
Cuatro Reinas → Paso Ancho,Ruta base,9.431336451900584
Cuatro Reinas → Paso Ancho,Ruta base,9.609349106537481
Cuatro Reinas → Paso Ancho,Ruta base,7.971540806394835
Cuatro Reinas → Paso Ancho,Ruta base,9.072833648889013
Cuatro Reinas → Paso Ancho,Ruta base,7.5347873838556545
Cuatro Reinas → Paso Ancho,Ruta base,8.221998468632629
Cuatro Reinas → Paso Ancho,Ruta base,7.034907860278155
Cuatro Reinas → Paso Ancho,Ruta base,10.583326886279586
Cuatro Reinas → Paso Ancho,Ruta base,7.918613090459195
Cuatro Reinas → Paso Ancho,Ruta base,7.2033164280683195
Cuatro Reinas → Paso Ancho,Ruta base,8.68751657045406
Cuatro Reinas → Paso Ancho,Ruta base,8.702126232844408
Cuatro Reinas → Paso Ancho,Ruta base,7.328796978725492
Cuatro Reinas → Paso Ancho,Ruta base,9.247578958516488
Cuatro Reinas → Paso Ancho,Ruta base,7.517595064032914
Cuatro Reinas → Paso Ancho,Ruta base,8.57988432906677
Cuatro Reinas → Paso Ancho,Ruta base,8.25425701151187
Cuatro Reinas → Paso Ancho,Ruta base,8.572235967210956
Cuatro Reinas → Paso Ancho,Ruta base,7.968963581722949
Cuatro Reinas → Paso Ancho,Ruta base,7.558707489396298
Cuatro Reinas → Paso Ancho,Ruta base,9.336891604837726
Cuatro Reinas → Paso Ancho,Ruta base,6.662867622421969
Cuatro Reinas → Paso Ancho,Ruta base,10.411571668157467
Cuatro Reinas → Paso Ancho,Ruta base,7.522813030369999
Cuatro Reinas → Paso Ancho,Ruta base,12.086683403316034
Cuatro Reinas → Paso Ancho,Ruta base,9.340312676707265
Cuatro Reinas → Paso Ancho,Ruta base,8.72272588731186
Cuatro Reinas → Paso Ancho,Ruta base,7.854706928658452
Cuatro Reinas → Paso Ancho,Ruta base,9.27521926570466
Cuatro Reinas → Paso Ancho,Ruta base,8.997696177404665
Cuatro Reinas → Paso Ancho,Ruta base,8.790199428913658
Cuatro Reinas → Paso Ancho,Ruta base,9.808534107482254
Cuatro Reinas → Paso Ancho,Ruta base,9.337169270049088
Cuatro Reinas → Paso Ancho,Ruta base,10.336814881763889
Cuatro Reinas → Paso Ancho,Ruta base,7.389862990992865
Cuatro Reinas → Paso Ancho,Ruta base,8.044343257176484
Cuatro Reinas → Paso Ancho,Ruta base,9.306431159276453
Cuatro Reinas → Paso Ancho,Ruta base,7.572854908105833
Cuatro Reinas → Paso Ancho,Ruta base,8.505064136255129
Cuatro Reinas → Paso Ancho,Ruta base,10.683271294073
Cuatro Reinas → Paso Ancho,Ruta base,8.534406437261211
Cuatro Reinas → Paso Ancho,Ruta base,7.797470228199011
Cuatro Reinas → Paso Ancho,Ruta base,10.150078006089945
Cuatro Reinas → Paso Ancho,Ruta base,7.011858857585512
Cuatro Reinas → Paso Ancho,Ruta base,7.848073891955031
Cuatro Reinas → Paso Ancho,Ruta base,10.117573158923374
Cuatro Reinas → Paso Ancho,Ruta base,7.644700526434994
Cuatro Reinas → Paso Ancho,Ruta base,9.0095479857258
Cuatro Reinas → Paso Ancho,Ruta base,8.52634543440758
Cuatro Reinas → Paso Ancho,Ruta base,10.71142494731648
Cuatro Reinas → Paso Ancho,Ruta base,6.564380841596787
Cuatro Reinas → Paso Ancho,Ruta base,7.955090040156686
Cuatro Reinas → Paso Ancho,Ruta base,7.639582320848269
Cuatro Reinas → Paso Ancho,Ruta base,8.781361290226625
Cuatro Reinas → Paso Ancho,Ruta base,9.267986738816203
Cuatro Reinas → Paso Ancho,Ruta base,9.20419079881516
Cuatro Reinas → Paso Ancho,Ruta base,9.986846400042374
Cuatro Reinas → Paso Ancho,Ruta base,9.539029164265635
Cuatro Reinas → Paso Ancho,Ruta base,6.846099718910101
Cuatro Reinas → Paso Ancho,Ruta base,7.001929150618092
Cuatro Reinas → Paso Ancho,Ruta base,7.683342176344953
Cuatro Reinas → Paso Ancho,Ruta base,8.180861801931496
Cuatro Reinas → Paso Ancho,Ruta base,8.099874848151641
Cuatro Reinas → Paso Ancho,Ruta base,10.207785839492537
Cuatro Reinas → Paso Ancho,Ruta base,8.004122080117629
Cuatro Reinas → Paso Ancho,Ruta base,10.13616538899523
Cuatro Reinas → Paso Ancho,Ruta base,10.332286925571632
Cuatro Reinas → Paso Ancho,Ruta base,8.9147927113401
Cuatro Reinas → Paso Ancho,Ruta base,7.885484413247683
Cuatro Reinas → Paso Ancho,Ruta base,10.60059507397013
Cuatro Reinas → Paso Ancho,Ruta base,7.788090127401478
Cuatro Reinas → Paso Ancho,Ruta base,8.853980058042522
Cuatro Reinas → Paso Ancho,Ruta base,8.92854406913816
Cuatro Reinas → Paso Ancho,Ruta base,10.176451666518501
Cuatro Reinas → Paso Ancho,Ruta base,8.979339613709286
Cuatro Reinas → Paso Ancho,Ruta base,8.866965805789901
Cuatro Reinas → Paso Ancho,Ruta base,10.074088029085543
Cuatro Reinas → Paso Ancho,Ruta base,7.637291677755665
Cuatro Reinas → Paso Ancho,Ruta base,9.352477545129691
Cuatro Reinas → Paso Ancho,Ruta base,8.307205503985482
Cuatro Reinas → Paso Ancho,Ruta base,8.595979860874886
Cuatro Reinas → Paso Ancho,Ruta base,6.772036515130415
Cuatro Reinas → Paso Ancho,Ruta base,8.21794369708072
Cuatro Reinas → Paso Ancho,Ruta base,7.640025899910501
Cuatro Reinas → Paso Ancho,Ruta base,9.605453227607784
Cuatro Reinas → Paso Ancho,Ruta base,12.562752118055787
Cuatro Reinas → Paso Ancho,Ruta base,8.012640391988244
Cuatro Reinas → Paso Ancho,Ruta base,9.67726071041989
Cuatro Reinas → Paso Ancho,Ruta base,10.570440061558827
Cuatro Reinas → Paso Ancho,Ruta base,6.827100216424435
Cuatro Reinas → Paso Ancho,Ruta base,9.239650288380359
Cuatro Reinas → Paso Ancho,Ruta base,8.486900745280195
Cuatro Reinas → Paso Ancho,Ruta base,7.82028643912093
Cuatro Reinas → Paso Ancho,Ruta base,10.327447476738078
Cuatro Reinas → Paso Ancho,Ruta base,7.966280331450037
Cuatro Reinas → Paso Ancho,Ruta base,7.722689271964951
Cuatro Reinas → Paso Ancho,Ruta base,8.988942523073902
Cuatro Reinas → Paso Ancho,Ruta base,10.49573116685892
Cuatro Reinas → Paso Ancho,Ruta base,8.472506888897113
Cuatro Reinas → Paso Ancho,Ruta base,9.52437176060816
Cuatro Reinas → Paso Ancho,Ruta base,6.819796054603102
Cuatro Reinas → Paso Ancho,Ruta base,8.226140176726998
Cuatro Reinas → Paso Ancho,Ruta base,8.964522549716461
Cuatro Reinas → Paso Ancho,Ruta base,7.317206396301012
Cuatro Reinas → Paso Ancho,Ruta base,9.23664328297434
Cuatro Reinas → Paso Ancho,Ruta base,8.831847133094096
Cuatro Reinas → Paso Ancho,Ruta base,8.500886041155582
Cuatro Reinas → Paso Ancho,Ruta base,10.471882321987742
Cuatro Reinas → Paso Ancho,Ruta base,10.502934996833698
Cuatro Reinas → Paso Ancho,Ruta base,6.656160827420333
Cuatro Reinas → Paso Ancho,Ruta base,7.349530051383107
Cuatro Reinas → Paso Ancho,Ruta base,9.100200788466898
Cuatro Reinas → Paso Ancho,Ruta base,8.406890644126761
Cuatro Reinas → Paso Ancho,Ruta base,11.747111832911976
Cuatro Reinas → Paso Ancho,Ruta base,9.556547413122795
Cuatro Reinas → Paso Ancho,Ruta base,7.5178287125547465
Cuatro Reinas → Paso Ancho,Ruta base,7.413242076048842
Cuatro Reinas → Paso Ancho,Ruta base,6.816231478403966
Cuatro Reinas → Paso Ancho,Ruta base,8.617735249700049
Cuatro Reinas → Paso Ancho,Ruta base,7.4528748347504585
Cuatro Reinas → Paso Ancho,Ruta base,7.681285436601761
Cuatro Reinas → Paso Ancho,Ruta base,6.86332153647303
Cuatro Reinas → Paso Ancho,Ruta base,9.840363151609388
Cuatro Reinas → Paso Ancho,Ruta base,7.744304092575409
Cuatro Reinas → Paso Ancho,Ruta base,7.386786998758327
Cuatro Reinas → Paso Ancho,Ruta base,6.536454043171396
Cuatro Reinas → Paso Ancho,Ruta base,8.642319529931106
Cuatro Reinas → Paso Ancho,Ruta base,8.372296177094041
Cuatro Reinas → Paso Ancho,Ruta base,9.313851902006293
Cuatro Reinas → Paso Ancho,Ruta base,10.38413226809261
Cuatro Reinas → Paso Ancho,Ruta base,8.744670227676668
Cuatro Reinas → Paso Ancho,Ruta base,8.298217417252596
Cuatro Reinas → Paso Ancho,Ruta base,6.746401495906537
Cuatro Reinas → Paso Ancho,Ruta base,9.010576817389735
Cuatro Reinas → Paso Ancho,Ruta base,8.919847736500124
Cuatro Reinas → Paso Ancho,Ruta base,8.843454829743083
Cuatro Reinas → Paso Ancho,Ruta base,6.527475722322382
Cuatro Reinas → Paso Ancho,Ruta base,10.449354653436057
Cuatro Reinas → Paso Ancho,Ruta base,8.84196915730723
Cuatro Reinas → Paso Ancho,Ruta base,8.082991725913885
Cuatro Reinas → Paso Ancho,Ruta base,8.09720105796004
Cuatro Reinas → Paso Ancho,Ruta base,6.3880999425700145
Cuatro Reinas → Paso Ancho,Ruta base,8.415085428811942
Cuatro Reinas → Paso Ancho,Ruta base,8.367014993808805
Cuatro Reinas → Paso Ancho,Ruta base,7.467937940562911
Cuatro Reinas → Paso Ancho,Ruta base,11.287967605030508
Cuatro Reinas → Paso Ancho,Ruta base,11.084974471784426
Cuatro Reinas → Paso Ancho,Ruta base,9.909461571110926
Cuatro Reinas → Paso Ancho,Ruta base,8.527472982274476
Cuatro Reinas → Paso Ancho,Ruta base,7.175217482445864
Cuatro Reinas → Paso Ancho,Ruta base,8.898858531126212
Cuatro Reinas → Paso Ancho,Ruta base,9.320148577698726
Cuatro Reinas → Paso Ancho,Ruta base,8.220194493062976
Cuatro Reinas → Paso Ancho,Ruta base,8.11672386264566
Cuatro Reinas → Paso Ancho,Ruta base,8.369574669414305
Cuatro Reinas → Paso Ancho,Ruta base,7.3449893658051835
Cuatro Reinas → Paso Ancho,Ruta base,9.363257053896067
Cuatro Reinas → Paso Ancho,Ruta base,9.930696042879081
Cuatro Reinas → Paso Ancho,Ruta base,8.013430173146723
Cuatro Reinas → Paso Ancho,Ruta base,7.957084708509269
Cuatro Reinas → Paso Ancho,Ruta base,12.120441428935669
Cuatro Reinas → Paso Ancho,Ruta base,9.994439658913063
Cuatro Reinas → Paso Ancho,Ruta base,5.842473800796406
Cuatro Reinas → Paso Ancho,Ruta base,8.120515250616453
Cuatro Reinas → Paso Ancho,Ruta base,7.414300106672247
Cuatro Reinas → Paso Ancho,Ruta base,7.212285558582026
Cuatro Reinas → Paso Ancho,Ruta base,7.594540844574441
Cuatro Reinas → Paso Ancho,Ruta base,8.762752993776903
Cuatro Reinas → Paso Ancho,Ruta base,8.357750097683011
Cuatro Reinas → Paso Ancho,Ruta base,6.792297031084869
Cuatro Reinas → Paso Ancho,Ruta base,7.047326871978296
Cuatro Reinas → Paso Ancho,Ruta base,5.894830992288817
Cuatro Reinas → Paso Ancho,Ruta base,8.062047656807247
Cuatro Reinas → Paso Ancho,Ruta base,8.872854688655387
Cuatro Reinas → Paso Ancho,Ruta base,10.110658489217668
Cuatro Reinas → Paso Ancho,Ruta base,9.78283825984436
Cuatro Reinas → Paso Ancho,Ruta base,7.884305299066246
Cuatro Reinas → Paso Ancho,Ruta base,8.100144683320128
Cuatro Reinas → Paso Ancho,Ruta base,11.22629809146998
Cuatro Reinas → Paso Ancho,Ruta base,7.572576653596291
Cuatro Reinas → Paso Ancho,Ruta base,6.976906373162145
Cuatro Reinas → Paso Ancho,Ruta base,7.549690446403341
Cuatro Reinas → Paso Ancho,Ruta base,8.699600152824688
Cuatro Reinas → Paso Ancho,Ruta base,10.354325393022838
Cuatro Reinas → Paso Ancho,Ruta base,8.21889889867063
Cuatro Reinas → Paso Ancho,Ruta base,6.492411583023993
Cuatro Reinas → Paso Ancho,Ruta base,8.965707369008115
Cuatro Reinas → Paso Ancho,Ruta base,7.6478838972946255
Cuatro Reinas → Paso Ancho,Ruta base,6.913482179831025
Cuatro Reinas → Paso Ancho,Ruta base,7.025556051668364
Cuatro Reinas → Paso Ancho,Ruta base,8.835184871340507
Cuatro Reinas → Paso Ancho,Ruta base,6.599738637252292
Cuatro Reinas → Paso Ancho,Ruta base,10.241513180774705
Cuatro Reinas → Paso Ancho,Ruta base,8.745848861015414
Cuatro Reinas → Paso Ancho,Ruta base,8.78502524317328
Cuatro Reinas → Paso Ancho,Ruta base,9.666173628582559
Cuatro Reinas → Paso Ancho,Ruta base,7.816086734729351
Cuatro Reinas → Paso Ancho,Ruta base,8.398976059569154
Cuatro Reinas → Paso Ancho,Ruta base,8.446240771210993
Cuatro Reinas → Paso Ancho,Ruta base,8.689872799092209
Cuatro Reinas → Paso Ancho,Ruta base,11.44330950216689
Cuatro Reinas → Paso Ancho,Ruta base,6.812411912458144
Cuatro Reinas → Paso Ancho,Ruta base,8.51135350483384
Cuatro Reinas → Paso Ancho,Ruta base,11.303075669485201
Cuatro Reinas → Paso Ancho,Ruta base,7.337009114309467
Cuatro Reinas → Paso Ancho,Ruta base,10.808168994939342
Cuatro Reinas → Paso Ancho,Ruta base,8.959639304614536
Cuatro Reinas → Paso Ancho,Ruta base,9.79909548914629
Cuatro Reinas → Paso Ancho,Ruta base,9.14660183558094
Cuatro Reinas → Paso Ancho,Ruta base,9.049646836488709
Cuatro Reinas → Paso Ancho,Ruta base,7.188248964588973
Cuatro Reinas → Paso Ancho,Ruta base,7.879571901215159
Cuatro Reinas → Paso Ancho,Ruta base,9.629625798889448
Cuatro Reinas → Paso Ancho,Ruta base,8.302938095742963
Cuatro Reinas → Paso Ancho,Ruta base,7.371135546488488
Cuatro Reinas → Paso Ancho,Ruta base,7.122830376029792
Cuatro Reinas → Paso Ancho,Ruta base,10.573810686968583
Cuatro Reinas → Paso Ancho,Ruta base,11.260950453692118
Cuatro Reinas → Paso Ancho,Ruta base,7.553511627141233
Cuatro Reinas → Paso Ancho,Ruta base,8.972582591642091
Cuatro Reinas → Paso Ancho,Ruta base,9.517816607943468
Cuatro Reinas → Paso Ancho,Ruta base,8.916817322006617
Cuatro Reinas → Paso Ancho,Ruta base,8.636411502662842
Cuatro Reinas → Paso Ancho,Ruta base,9.299636329645535
Cuatro Reinas → Paso Ancho,Ruta base,7.093575049464934
Cuatro Reinas → Paso Ancho,Ruta base,7.853244088542223
Cuatro Reinas → Paso Ancho,Ruta base,9.316504326477602
Cuatro Reinas → Paso Ancho,Ruta base,8.959066546622827
Cuatro Reinas → Paso Ancho,Ruta base,9.28286744742128
Cuatro Reinas → Paso Ancho,Ruta base,8.314380132085994
Cuatro Reinas → Paso Ancho,Ruta base,7.174076728001484
Cuatro Reinas → Paso Ancho,Ruta base,9.16637016290964
Cuatro Reinas → Paso Ancho,Ruta base,10.358889702417047
Cuatro Reinas → Paso Ancho,Ruta base,9.249742766190986
Cuatro Reinas → Paso Ancho,Ruta base,9.380815042217419
Cuatro Reinas → Paso Ancho,Ruta base,7.453933969468056
Cuatro Reinas → Paso Ancho,Ruta base,7.943135678776654
Cuatro Reinas → Paso Ancho,Ruta base,8.40836889881668
Cuatro Reinas → Paso Ancho,Ruta base,8.041686925104733
Cuatro Reinas → Paso Ancho,Ruta base,7.919679252037513
Cuatro Reinas → Paso Ancho,Ruta base,9.323380671837645
Cuatro Reinas → Paso Ancho,Ruta base,9.126686463633375
Cuatro Reinas → Paso Ancho,Ruta base,9.668334168700289
Cuatro Reinas → Paso Ancho,Ruta base,11.201242231862526
Cuatro Reinas → Paso Ancho,Ruta base,8.439952670870957
Cuatro Reinas → Paso Ancho,Ruta base,9.087241934550644
Cuatro Reinas → Paso Ancho,Ruta base,8.648867305045194
Cuatro Reinas → Paso Ancho,Ruta base,6.967235139846337
Cuatro Reinas → Paso Ancho,Ruta base,6.99003199912803
Cuatro Reinas → Paso Ancho,Ruta base,9.70345936635568
Cuatro Reinas → Paso Ancho,Ruta base,8.108253823720611
Cuatro Reinas → Paso Ancho,Ruta base,8.517247418058883
Cuatro Reinas → Paso Ancho,Ruta base,6.864486973801964
Cuatro Reinas → Paso Ancho,Ruta base,8.858608058685856
Cuatro Reinas → Paso Ancho,Ruta base,8.123656288731228
Cuatro Reinas → Paso Ancho,Ruta base,8.710441913876823
Cuatro Reinas → Paso Ancho,Ruta base,8.696241625146023
Cuatro Reinas → Paso Ancho,Ruta base,6.653465162540111
Cuatro Reinas → Paso Ancho,Ruta base,10.226724712826009
Cuatro Reinas → Paso Ancho,Ruta base,7.032688360803934
Cuatro Reinas → Paso Ancho,Ruta base,8.661717020410839
Cuatro Reinas → Paso Ancho,Ruta base,7.7811004160490205
Cuatro Reinas → Paso Ancho,Ruta base,10.320703621793797
Cuatro Reinas → Paso Ancho,Ruta base,8.91127158509978
Cuatro Reinas → Paso Ancho,Ruta base,9.604583513386926
Cuatro Reinas → Paso Ancho,Ruta base,8.885147601463292
Cuatro Reinas → Paso Ancho,Ruta base,8.532035084242953
Cuatro Reinas → Paso Ancho,Ruta base,7.381133387777809
Cuatro Reinas → Paso Ancho,Ruta base,7.924744214089215
Cuatro Reinas → Paso Ancho,Ruta base,8.612331075158437
Cuatro Reinas → Paso Ancho,Ruta base,8.67168635517401
Cuatro Reinas → Paso Ancho,Ruta base,7.751977906014382
Cuatro Reinas → Paso Ancho,Ruta base,10.481069591008445
Cuatro Reinas → Paso Ancho,Ruta base,9.440382991354326
Cuatro Reinas → Paso Ancho,Ruta base,7.22057144781441
Cuatro Reinas → Paso Ancho,Ruta base,10.624396240418566
Cuatro Reinas → Paso Ancho,Ruta base,6.7496090072246435
Cuatro Reinas → Paso Ancho,Ruta base,9.027540817846132
Cuatro Reinas → Paso Ancho,Ruta base,7.8143288605053
Cuatro Reinas → Paso Ancho,Ruta base,10.882963064488365
Cuatro Reinas → Paso Ancho,Ruta base,9.621946911045237
Cuatro Reinas → Paso Ancho,Ruta base,7.005077196490493
Cuatro Reinas → Paso Ancho,Ruta base,9.742933560395524
Cuatro Reinas → Paso Ancho,Ruta base,6.17934401053235
Cuatro Reinas → Paso Ancho,Ruta base,9.286253775083239
Cuatro Reinas → Paso Ancho,Ruta base,8.293395026274034
Cuatro Reinas → Paso Ancho,Ruta base,7.347968003811207
Cuatro Reinas → Paso Ancho,Ruta base,10.157081290182258
Cuatro Reinas → Paso Ancho,Ruta base,9.256530289187976
Cuatro Reinas → Paso Ancho,Ruta base,8.904924624741472
Cuatro Reinas → Paso Ancho,Ruta base,8.911966276407014
Cuatro Reinas → Paso Ancho,Ruta base,9.129305112816274
Cuatro Reinas → Paso Ancho,Ruta base,7.891579302731852
Cuatro Reinas → Paso Ancho,Ruta base,8.759072298562613
Cuatro Reinas → Paso Ancho,Ruta base,6.579037213783882
Cuatro Reinas → Paso Ancho,Ruta base,4.96907668501793
Cuatro Reinas → Paso Ancho,Ruta base,8.870872062146764
Cuatro Reinas → Paso Ancho,Ruta base,9.195704971764842
Cuatro Reinas → Paso Ancho,Ruta base,7.737428748882164
Cuatro Reinas → Paso Ancho,Ruta base,7.2201147951623526
Cuatro Reinas → Paso Ancho,Ruta base,10.412282990035388
Cuatro Reinas → Paso Ancho,Ruta base,8.011230099228952
Cuatro Reinas → Paso Ancho,Ruta base,7.8258462031470515
Cuatro Reinas → Paso Ancho,Ruta base,7.675475955213618
Cuatro Reinas → Paso Ancho,Ruta base,9.522723192021942
Cuatro Reinas → Paso Ancho,Ruta base,5.910636507514136
Cuatro Reinas → Paso Ancho,Ruta base,8.262953955060336
Cuatro Reinas → Paso Ancho,Ruta base,7.524302078577111
Cuatro Reinas → Paso Ancho,Ruta base,8.254598308115384
Cuatro Reinas → Paso Ancho,Ruta base,8.987138115488985
Cuatro Reinas → Paso Ancho,Ruta base,7.668135722071965
Cuatro Reinas → Paso Ancho,Ruta base,8.426634805391824
Cuatro Reinas → Paso Ancho,Ruta base,6.230073988511646
Cuatro Reinas → Paso Ancho,Ruta base,7.374133771668462
Cuatro Reinas → Paso Ancho,Ruta base,7.325593148387555
Cuatro Reinas → Paso Ancho,Ruta base,8.565411229619468
Cuatro Reinas → Paso Ancho,Ruta base,7.9947643096985095
Cuatro Reinas → Paso Ancho,Ruta base,7.78873323031847
Cuatro Reinas → Paso Ancho,Ruta base,8.61776936552152
Cuatro Reinas → Paso Ancho,Ruta base,7.497590659109364
Cuatro Reinas → Paso Ancho,Ruta base,7.113266489108728
Cuatro Reinas → Paso Ancho,Ruta base,5.418535429432113
Cuatro Reinas → Paso Ancho,Ruta base,8.387852265230974
Cuatro Reinas → Paso Ancho,Ruta base,8.906991607926374
Cuatro Reinas → Paso Ancho,Ruta base,8.102033490351687
Cuatro Reinas → Paso Ancho,Ruta base,7.675676638388109
Cuatro Reinas → Paso Ancho,Ruta base,10.136654616097111
Cuatro Reinas → Paso Ancho,Ruta base,7.470350998271874
Cuatro Reinas → Paso Ancho,Ruta base,10.749155431743905
Cuatro Reinas → Paso Ancho,Ruta base,8.078899858134868
Cuatro Reinas → Paso Ancho,Ruta base,7.322750532810975
Cuatro Reinas → Paso Ancho,Ruta base,8.188436345473386
Cuatro Reinas → Paso Ancho,Ruta base,8.267020559029149
Cuatro Reinas → Paso Ancho,Ruta base,8.826141830782129
Cuatro Reinas → Paso Ancho,Ruta base,11.531207330263165
Cuatro Reinas → Paso Ancho,Ruta base,8.785009153146568
Cuatro Reinas → Paso Ancho,Ruta base,9.671338993608233
Cuatro Reinas → Paso Ancho,Ruta base,9.73639554802233
Cuatro Reinas → Paso Ancho,Ruta base,8.935455764038172
Cuatro Reinas → Paso Ancho,Ruta base,11.06045430096039
Cuatro Reinas → Paso Ancho,Ruta base,8.149643764283166
Cuatro Reinas → Paso Ancho,Ruta base,7.508129206992849
Cuatro Reinas → Paso Ancho,Ruta base,7.109741590831624
Cuatro Reinas → Paso Ancho,Ruta base,8.197532968792741
Cuatro Reinas → Paso Ancho,Ruta base,6.326987649622516
Cuatro Reinas → Paso Ancho,Ruta base,9.257701185089102
Cuatro Reinas → Paso Ancho,Ruta base,7.522464440035497
Cuatro Reinas → Paso Ancho,Ruta base,9.107275103303143
Cuatro Reinas → Paso Ancho,Ruta base,8.978653594373865
Cuatro Reinas → Paso Ancho,Ruta base,6.985329874938611
Cuatro Reinas → Paso Ancho,Ruta base,11.52599294708403
Cuatro Reinas → Paso Ancho,Ruta base,7.64788554917266
Cuatro Reinas → Paso Ancho,Ruta base,7.284168415521609
Cuatro Reinas → Paso Ancho,Ruta base,8.43687023427564
Cuatro Reinas → Paso Ancho,Ruta base,9.04931156194535
Cuatro Reinas → Paso Ancho,Ruta base,7.507995056752381
Cuatro Reinas → Paso Ancho,Ruta base,9.849322039060079
Cuatro Reinas → Paso Ancho,Ruta base,8.265586602826032
Cuatro Reinas → Paso Ancho,Ruta base,7.638315003220005
Cuatro Reinas → Paso Ancho,Ruta base,7.238140803831959
Cuatro Reinas → Paso Ancho,Ruta base,8.696312364611295
Cuatro Reinas → Paso Ancho,Ruta base,8.133058619700492
Cuatro Reinas → Paso Ancho,Ruta base,6.317873064758307
Cuatro Reinas → Paso Ancho,Ruta base,9.000348234257128
Cuatro Reinas → Paso Ancho,Ruta base,7.16996753878042
Cuatro Reinas → Paso Ancho,Ruta base,7.72853329836822
Cuatro Reinas → Paso Ancho,Ruta base,7.494565321964436
Cuatro Reinas → Paso Ancho,Ruta base,7.629048313115664
Cuatro Reinas → Paso Ancho,Ruta base,8.038966029275523
Cuatro Reinas → Paso Ancho,Ruta base,8.140602709410837
Cuatro Reinas → Paso Ancho,Ruta base,7.482809333027219
Cuatro Reinas → Paso Ancho,Ruta base,7.215200079760571
Cuatro Reinas → Paso Ancho,Ruta base,9.978851260295327
Cuatro Reinas → Paso Ancho,Ruta base,9.104617669642874
Cuatro Reinas → Paso Ancho,Ruta base,8.972452852582617
Cuatro Reinas → Paso Ancho,Ruta base,10.817513596666233
Cuatro Reinas → Paso Ancho,Ruta base,7.822009333062933
Cuatro Reinas → Paso Ancho,Ruta base,8.933662341202657
Cuatro Reinas → Paso Ancho,Ruta base,8.123752733035504
Cuatro Reinas → Paso Ancho,Ruta base,7.657981837454199
Cuatro Reinas → Paso Ancho,Ruta base,10.396685627534676
Cuatro Reinas → Paso Ancho,Ruta base,7.533163020265562
Cuatro Reinas → Paso Ancho,Ruta base,12.270958976978337
Cuatro Reinas → Paso Ancho,Ruta base,11.72475405216018
Cuatro Reinas → Paso Ancho,Ruta base,6.043485001542703
Cuatro Reinas → Paso Ancho,Ruta base,9.742906202812463
Cuatro Reinas → Paso Ancho,Ruta base,7.839465488162144
Cuatro Reinas → Paso Ancho,Ruta base,9.694941800186267
Cuatro Reinas → Paso Ancho,Ruta base,8.884476146900113
Cuatro Reinas → Paso Ancho,Ruta base,5.674143723767727
Cuatro Reinas → Paso Ancho,Ruta base,9.083450262858669
Cuatro Reinas → Paso Ancho,Ruta base,9.652433276664981
Cuatro Reinas → Paso Ancho,Ruta base,8.925611909563209
Cuatro Reinas → Paso Ancho,Ruta base,10.550144485187372
Cuatro Reinas → Paso Ancho,Ruta base,7.906505191006093
Cuatro Reinas → Paso Ancho,Ruta base,10.66151299451408
Cuatro Reinas → Paso Ancho,Ruta base,8.809853806852102
Cuatro Reinas → Paso Ancho,Ruta base,6.789181480644304
Cuatro Reinas → Paso Ancho,Ruta base,9.124662500271903
Cuatro Reinas → Paso Ancho,Ruta base,10.6951257391912
Cuatro Reinas → Paso Ancho,Ruta base,8.414728870230638
Cuatro Reinas → Paso Ancho,Ruta base,8.8801000186405
Cuatro Reinas → Paso Ancho,Ruta base,8.961266020434506
Cuatro Reinas → Paso Ancho,Ruta base,5.956607019655359
Cuatro Reinas → Paso Ancho,Ruta base,11.561232434249087
Cuatro Reinas → Paso Ancho,Ruta base,10.606764610030144
Cuatro Reinas → Paso Ancho,Ruta base,10.975586089448212
Cuatro Reinas → Paso Ancho,Ruta base,9.002223309372535
Cuatro Reinas → Paso Ancho,Ruta base,8.520930145539753
Cuatro Reinas → Paso Ancho,Ruta base,8.458767612931908
Cuatro Reinas → Paso Ancho,Ruta base,11.235503199607214
Cuatro Reinas → Paso Ancho,Ruta base,9.673728706726356
Cuatro Reinas → Paso Ancho,Ruta base,7.093552862717908
Cuatro Reinas → Paso Ancho,Ruta base,8.261061774721957
Cuatro Reinas → Paso Ancho,Ruta base,9.062983987772867
Cuatro Reinas → Paso Ancho,Ruta base,7.712482768041204
Cuatro Reinas → Paso Ancho,Ruta base,9.188033826799945
Cuatro Reinas → Paso Ancho,Ruta base,11.518444295824702
Cuatro Reinas → Paso Ancho,Ruta base,11.306393409392413
Cuatro Reinas → Paso Ancho,Ruta base,9.21707193229668
Cuatro Reinas → Paso Ancho,Ruta base,7.730236474145322
Cuatro Reinas → Paso Ancho,Ruta base,10.309069554882992
Cuatro Reinas → Paso Ancho,Ruta base,7.5147676427356895
Cuatro Reinas → Paso Ancho,Ruta base,7.99908488646681
Cuatro Reinas → Paso Ancho,Ruta base,7.766152444273263
Cuatro Reinas → Paso Ancho,Ruta base,8.141722813233256
Cuatro Reinas → Paso Ancho,Ruta base,8.890229226205513
Cuatro Reinas → Paso Ancho,Ruta base,10.293658185909907
Cuatro Reinas → Paso Ancho,Ruta base,9.053215894375793
Cuatro Reinas → Paso Ancho,Ruta base,6.75706704537528
Cuatro Reinas → Paso Ancho,Ruta base,9.041626560334628
Cuatro Reinas → Paso Ancho,Ruta base,9.365880517111068
Cuatro Reinas → Paso Ancho,Ruta base,9.65332742886655
Cuatro Reinas → Paso Ancho,Ruta base,7.837391629751388
Cuatro Reinas → Paso Ancho,Ruta base,8.261679829739933
Cuatro Reinas → Paso Ancho,Ruta base,8.087393945337677
Cuatro Reinas → Paso Ancho,Ruta base,9.134379154244757
Cuatro Reinas → Paso Ancho,Ruta base,6.2723878440136565
Cuatro Reinas → Paso Ancho,Ruta base,7.7037746059074355
Cuatro Reinas → Paso Ancho,Ruta base,11.65814377120777
Cuatro Reinas → Paso Ancho,Ruta base,7.768961025233101
Cuatro Reinas → Paso Ancho,Ruta base,10.845325086356313
Cuatro Reinas → Paso Ancho,Ruta base,9.56105030992678
Cuatro Reinas → Paso Ancho,Ruta base,6.3337966537618255
Cuatro Reinas → Paso Ancho,Ruta base,7.515694106490703
Cuatro Reinas → Paso Ancho,Ruta base,11.484286089220845
Cuatro Reinas → Paso Ancho,Ruta base,6.496012837845443
Cuatro Reinas → Paso Ancho,Ruta base,7.805940642054743
Cuatro Reinas → Paso Ancho,Ruta base,8.132906270907828
Cuatro Reinas → Paso Ancho,Ruta base,9.114638067932951
Cuatro Reinas → Paso Ancho,Ruta base,10.244937426899657
Cuatro Reinas → Paso Ancho,Ruta base,7.304733289846053
Cuatro Reinas → Paso Ancho,Ruta base,8.793786345079443
Cuatro Reinas → Paso Ancho,Ruta base,9.99292895444259
Cuatro Reinas → Paso Ancho,Ruta base,7.824354689706578
Cuatro Reinas → Paso Ancho,Ruta base,7.5596689916801365
Cuatro Reinas → Paso Ancho,Ruta base,7.735451100791612
Cuatro Reinas → Paso Ancho,Ruta base,7.1290169219198
Cuatro Reinas → Paso Ancho,Ruta base,8.534536773755331
Cuatro Reinas → Paso Ancho,Ruta base,9.842663323050564
Cuatro Reinas → Paso Ancho,Ruta base,7.940319813632533
Cuatro Reinas → Paso Ancho,Ruta base,9.20125332939373
Cuatro Reinas → Paso Ancho,Ruta base,6.303167263987521
Cuatro Reinas → Paso Ancho,Ruta base,6.395209140210201
Cuatro Reinas → Paso Ancho,Ruta base,10.108159695433782
Cuatro Reinas → Paso Ancho,Ruta base,8.183864567022663
Cuatro Reinas → Paso Ancho,Ruta base,8.840415619386757
Cuatro Reinas → Paso Ancho,Ruta base,6.803643924493482
Cuatro Reinas → Paso Ancho,Ruta base,7.0374521931797345
Cuatro Reinas → Paso Ancho,Ruta base,10.259309427885539
Cuatro Reinas → Paso Ancho,Ruta base,8.524417137794323
Cuatro Reinas → Paso Ancho,Ruta base,9.653700289139367
Cuatro Reinas → Paso Ancho,Ruta base,8.167120355770242
Cuatro Reinas → Paso Ancho,Ruta base,9.937078475007304
Cuatro Reinas → Paso Ancho,Ruta base,7.674494493110051
Cuatro Reinas → Paso Ancho,Ruta base,5.698363326376476
Cuatro Reinas → Paso Ancho,Ruta base,7.460705308405227
Cuatro Reinas → Paso Ancho,Ruta base,8.968815296365952
Cuatro Reinas → Paso Ancho,Ruta base,8.85662170081138
Cuatro Reinas → Paso Ancho,Ruta base,7.695676630547153
Cuatro Reinas → Paso Ancho,Ruta base,10.65969983355752
Cuatro Reinas → Paso Ancho,Ruta base,8.094024593456085
Cuatro Reinas → Paso Ancho,Ruta base,6.846634924507563
Cuatro Reinas → Paso Ancho,Ruta base,10.039176750697033
Cuatro Reinas → Paso Ancho,Ruta base,7.601257277344978
Cuatro Reinas → Paso Ancho,Ruta base,8.424768861131554
Cuatro Reinas → Paso Ancho,Ruta base,7.0827182048906145
Cuatro Reinas → Paso Ancho,Ruta base,6.675943468739503
Cuatro Reinas → Paso Ancho,Ruta base,7.388403111024674
Cuatro Reinas → Paso Ancho,Ruta base,11.741683301753662
Cuatro Reinas → Paso Ancho,Ruta base,8.682526312820972
Cuatro Reinas → Paso Ancho,Ruta base,8.172614186210584
Cuatro Reinas → Paso Ancho,Ruta base,8.03055977541276
Cuatro Reinas → Paso Ancho,Ruta base,9.33479076614742
Cuatro Reinas → Paso Ancho,Ruta base,8.291658586417855
Cuatro Reinas → Paso Ancho,Ruta base,8.849696761140914
Cuatro Reinas → Paso Ancho,Ruta base,11.790683602055008
Cuatro Reinas → Paso Ancho,Ruta base,8.022910485976666
Cuatro Reinas → Paso Ancho,Ruta base,11.790104664583142
Cuatro Reinas → Paso Ancho,Ruta base,6.277661208342369
Cuatro Reinas → Paso Ancho,Ruta base,8.483733806074547
Cuatro Reinas → Paso Ancho,Ruta base,7.63358883672469
Cuatro Reinas → Paso Ancho,Ruta base,9.27666678420565
Cuatro Reinas → Paso Ancho,Ruta base,6.714323548008482
Cuatro Reinas → Paso Ancho,Ruta base,7.597676706161857
Cuatro Reinas → Paso Ancho,Ruta base,8.205944902254341
Cuatro Reinas → Paso Ancho,Ruta base,6.804060830117704
Cuatro Reinas → Paso Ancho,Ruta base,14.218215116539916
Cuatro Reinas → Paso Ancho,Ruta base,9.84833363155359
Cuatro Reinas → Paso Ancho,Ruta base,9.449167543899849
Cuatro Reinas → Paso Ancho,Ruta base,8.98129319849479
Cuatro Reinas → Paso Ancho,Ruta base,8.915113739669243
Cuatro Reinas → Paso Ancho,Ruta base,8.65631127279327
Cuatro Reinas → Paso Ancho,Ruta base,8.884297579653095
Cuatro Reinas → Paso Ancho,Ruta base,8.079597397585134
Cuatro Reinas → Paso Ancho,Ruta base,6.999160668407918
Cuatro Reinas → Paso Ancho,Ruta base,8.666712173881463
Cuatro Reinas → Paso Ancho,Ruta base,10.76338340478441
Cuatro Reinas → Paso Ancho,Ruta base,8.704764503108239
Cuatro Reinas → Paso Ancho,Ruta base,10.896014566420739
Cuatro Reinas → Paso Ancho,Ruta base,9.818495199361442
Cuatro Reinas → Paso Ancho,Ruta base,11.930233418699935
Cuatro Reinas → Paso Ancho,Ruta base,9.048863551558677
Cuatro Reinas → Paso Ancho,Ruta base,8.924312358475941
Cuatro Reinas → Paso Ancho,Ruta base,7.999108908412904
Cuatro Reinas → Paso Ancho,Ruta base,10.781611330606983
Cuatro Reinas → Paso Ancho,Ruta base,7.892590445577794
Cuatro Reinas → Paso Ancho,Ruta base,9.462299694988458
Cuatro Reinas → Paso Ancho,Ruta base,6.376685025643866
Cuatro Reinas → Paso Ancho,Ruta base,7.817508637472421
Cuatro Reinas → Paso Ancho,Ruta base,10.941293024785303
Cuatro Reinas → Paso Ancho,Ruta base,9.671557413151067
Cuatro Reinas → Paso Ancho,Ruta base,10.67490848062199
Cuatro Reinas → Paso Ancho,Ruta base,8.085880350684983
Cuatro Reinas → Paso Ancho,Ruta base,8.13370497634395
Cuatro Reinas → Paso Ancho,Ruta base,6.740846173536186
Cuatro Reinas → Paso Ancho,Ruta base,8.528389726476318
Cuatro Reinas → Paso Ancho,Ruta base,9.97614567834455
Cuatro Reinas → Paso Ancho,Ruta base,8.414829084275542
Cuatro Reinas → Paso Ancho,Ruta base,8.678433031993684
Cuatro Reinas → Paso Ancho,Ruta base,7.198866190021977
Cuatro Reinas → Paso Ancho,Ruta base,7.462294206849834
Cuatro Reinas → Paso Ancho,Ruta base,8.617408338851602
Cuatro Reinas → Paso Ancho,Ruta base,9.751172597318963
Cuatro Reinas → Paso Ancho,Ruta base,8.155587221877061
Cuatro Reinas → Paso Ancho,Ruta base,9.980132213218162
Cuatro Reinas → Paso Ancho,Ruta base,9.865380398194256
Cuatro Reinas → Paso Ancho,Ruta base,7.3770514282831385
Cuatro Reinas → Paso Ancho,Ruta base,6.942159673006251
Cuatro Reinas → Paso Ancho,Ruta base,6.231549860997588
Cuatro Reinas → Paso Ancho,Ruta base,8.990949380432037
Cuatro Reinas → Paso Ancho,Ruta base,7.517202151975204
Cuatro Reinas → Paso Ancho,Ruta base,8.792644708214223
Cuatro Reinas → Paso Ancho,Ruta base,7.408761674436037
Cuatro Reinas → Paso Ancho,Ruta base,8.250257115046738
Cuatro Reinas → Paso Ancho,Ruta base,8.92953975321527
Cuatro Reinas → Paso Ancho,Ruta base,8.254205973292978
Cuatro Reinas → Paso Ancho,Ruta base,10.067992936883371
Cuatro Reinas → Paso Ancho,Ruta base,7.3247278458099245
Cuatro Reinas → Paso Ancho,Ruta base,8.087783787635107
Cuatro Reinas → Paso Ancho,Ruta base,8.057205760785958
Cuatro Reinas → Paso Ancho,Ruta base,9.273964918009813
Cuatro Reinas → Paso Ancho,Ruta base,7.071254219069907
Cuatro Reinas → Paso Ancho,Ruta base,9.933886351693742
Cuatro Reinas → Paso Ancho,Ruta base,6.27248760324722
Cuatro Reinas → Paso Ancho,Ruta base,8.500874611469474
Cuatro Reinas → Paso Ancho,Ruta base,9.056829609796683
Cuatro Reinas → Paso Ancho,Ruta base,6.955850823426619
Cuatro Reinas → Paso Ancho,Ruta base,8.969569827840655
Cuatro Reinas → Paso Ancho,Ruta base,9.868731332542112
Cuatro Reinas → Paso Ancho,Ruta base,8.46871627420717
Cuatro Reinas → Paso Ancho,Ruta base,8.864334506813748
Cuatro Reinas → Paso Ancho,Ruta base,8.25240755877071
Cuatro Reinas → Paso Ancho,Ruta base,9.099564283644623
Cuatro Reinas → Paso Ancho,Ruta base,10.07694040289378
Cuatro Reinas → Paso Ancho,Ruta base,7.951423416004269
Cuatro Reinas → Paso Ancho,Ruta base,7.879527526221436
Cuatro Reinas → Paso Ancho,Ruta base,9.55172075997126
Cuatro Reinas → Paso Ancho,Ruta base,9.390160159278897
Cuatro Reinas → Paso Ancho,Ruta base,10.566808522755705
Cuatro Reinas → Paso Ancho,Ruta base,7.438309767421298
Cuatro Reinas → Paso Ancho,Ruta base,9.50417155622441
Cuatro Reinas → Paso Ancho,Ruta base,8.597813852574324
Cuatro Reinas → Paso Ancho,Ruta base,7.366417370293009
Cuatro Reinas → Paso Ancho,Ruta base,9.413170841828013
Cuatro Reinas → Paso Ancho,Ruta base,9.099441268554417
Cuatro Reinas → Paso Ancho,Ruta base,7.240696478280911
Cuatro Reinas → Paso Ancho,Ruta base,8.493985982033685
Cuatro Reinas → Paso Ancho,Ruta base,9.001238393595724
Cuatro Reinas → Paso Ancho,Ruta base,6.557869880087962
Cuatro Reinas → Paso Ancho,Ruta base,8.99232624157601
Cuatro Reinas → Paso Ancho,Ruta base,8.226877348886475
Cuatro Reinas → Paso Ancho,Ruta base,9.409116301098491
Cuatro Reinas → Paso Ancho,Ruta base,6.228350540438634
Cuatro Reinas → Paso Ancho,Ruta base,10.889918664149999
Cuatro Reinas → Paso Ancho,Ruta base,7.514584149801621
Cuatro Reinas → Paso Ancho,Ruta base,7.600228325796818
Cuatro Reinas → Paso Ancho,Ruta base,7.944958142799166
Cuatro Reinas → Paso Ancho,Ruta base,9.021133189859803
Cuatro Reinas → Paso Ancho,Ruta base,7.989471953378933
Cuatro Reinas → Paso Ancho,Ruta base,10.497476197849599
Cuatro Reinas → Paso Ancho,Ruta base,8.326418614346549
Cuatro Reinas → Paso Ancho,Ruta base,10.479669997734561
Cuatro Reinas → Paso Ancho,Ruta base,8.52297240237288
Cuatro Reinas → Paso Ancho,Ruta base,8.04219516028244
Cuatro Reinas → Paso Ancho,Ruta base,6.417165361648377
Cuatro Reinas → Paso Ancho,Ruta base,7.566134602604915
Cuatro Reinas → Paso Ancho,Ruta base,8.664740376063943
Cuatro Reinas → Paso Ancho,Ruta base,6.745260091623092
Cuatro Reinas → Paso Ancho,Ruta base,10.997008028544222
Cuatro Reinas → Paso Ancho,Ruta base,9.183615722268613
Cuatro Reinas → Paso Ancho,Ruta base,8.19170330462987
Cuatro Reinas → Paso Ancho,Ruta base,8.501063790628818
Cuatro Reinas → Paso Ancho,Ruta base,11.127287066805344
Cuatro Reinas → Paso Ancho,Ruta base,9.466902736636257
Cuatro Reinas → Paso Ancho,Ruta base,6.287331921989271
Cuatro Reinas → Paso Ancho,Ruta base,7.871066883360763
Cuatro Reinas → Paso Ancho,Ruta base,9.705405997394385
Cuatro Reinas → Paso Ancho,Ruta base,7.308003660143244
Cuatro Reinas → Paso Ancho,Ruta base,9.229349441120554
Cuatro Reinas → Paso Ancho,Ruta base,5.8016661862018815
Cuatro Reinas → Paso Ancho,Ruta base,7.914793260554203
Cuatro Reinas → Paso Ancho,Ruta base,8.81071385089198
Cuatro Reinas → Paso Ancho,Ruta base,9.425837636156567
Cuatro Reinas → Paso Ancho,Ruta base,7.629366220772726
Cuatro Reinas → Paso Ancho,Ruta base,9.372135277606024
Cuatro Reinas → Paso Ancho,Ruta base,6.865644375192282
Cuatro Reinas → Paso Ancho,Ruta base,8.536555217996545
Cuatro Reinas → Paso Ancho,Ruta base,8.683776484257685
Cuatro Reinas → Paso Ancho,Ruta base,6.597472141694035
Cuatro Reinas → Paso Ancho,Ruta base,10.36086615247881
Cuatro Reinas → Paso Ancho,Ruta base,9.0951751125937
Cuatro Reinas → Paso Ancho,Ruta base,7.106537494321699
Cuatro Reinas → Paso Ancho,Ruta base,9.117641703875766
Cuatro Reinas → Paso Ancho,Ruta base,7.525235788209618
Cuatro Reinas → Paso Ancho,Ruta base,7.876368930023105
Cuatro Reinas → Paso Ancho,Ruta base,7.184022487922232
Cuatro Reinas → Paso Ancho,Ruta base,7.811958829539214
Cuatro Reinas → Paso Ancho,Ruta base,6.145885036540786
Cuatro Reinas → Paso Ancho,Ruta base,8.782636990941995
Cuatro Reinas → Paso Ancho,Ruta base,11.787771499587874
Cuatro Reinas → Paso Ancho,Ruta base,7.789237466315608
Cuatro Reinas → Paso Ancho,Ruta base,6.107833406238588
Cuatro Reinas → Paso Ancho,Ruta base,7.32772188830369
Cuatro Reinas → Paso Ancho,Ruta base,8.481598399136416
Cuatro Reinas → Paso Ancho,Ruta base,8.828574033461164
Cuatro Reinas → Paso Ancho,Ruta base,8.23389767782897
Cuatro Reinas → Paso Ancho,Ruta base,11.097341336990633
Cuatro Reinas → Paso Ancho,Ruta base,8.147503948500006
Cuatro Reinas → Paso Ancho,Ruta base,7.813750558062963
Cuatro Reinas → Paso Ancho,Ruta base,8.581224620295442
Cuatro Reinas → Paso Ancho,Ruta base,8.733117115120082
Cuatro Reinas → Paso Ancho,Ruta base,7.86444067858388
Cuatro Reinas → Paso Ancho,Ruta base,8.28486043597506
Cuatro Reinas → Paso Ancho,Ruta base,7.668428041884352
Cuatro Reinas → Paso Ancho,Ruta base,9.70660188170399
Cuatro Reinas → Paso Ancho,Ruta base,6.762959894882497
Cuatro Reinas → Paso Ancho,Ruta base,8.51624548874246
Cuatro Reinas → Paso Ancho,Ruta base,9.785022558899893
Cuatro Reinas → Paso Ancho,Ruta base,8.58654727998034
Cuatro Reinas → Paso Ancho,Ruta base,6.45413438362062
Cuatro Reinas → Paso Ancho,Ruta base,7.902031103923261
Cuatro Reinas → Paso Ancho,Ruta base,9.577611451156315
Cuatro Reinas → Paso Ancho,Ruta base,8.376373487590632
Cuatro Reinas → Paso Ancho,Ruta base,7.4125566284086215
Cuatro Reinas → Paso Ancho,Ruta base,11.849362409788961
Cuatro Reinas → Paso Ancho,Ruta base,10.489777218852023
Cuatro Reinas → Paso Ancho,Ruta base,8.844953214191564
Cuatro Reinas → Paso Ancho,Ruta base,13.074349223048491
Cuatro Reinas → Paso Ancho,Ruta base,7.974763186853761
Cuatro Reinas → Paso Ancho,Ruta base,6.894681382475679
Cuatro Reinas → Paso Ancho,Ruta base,8.073909338919284
Cuatro Reinas → Paso Ancho,Ruta base,8.6584517796838
Cuatro Reinas → Paso Ancho,Ruta base,7.072897780969486
Cuatro Reinas → Paso Ancho,Ruta base,8.941862298084976
Cuatro Reinas → Paso Ancho,Ruta base,9.653872080490945
Cuatro Reinas → Paso Ancho,Ruta base,7.216329245507056
Cuatro Reinas → Paso Ancho,Ruta base,7.5031629737924925
Cuatro Reinas → Paso Ancho,Ruta base,6.635623911774762
Cuatro Reinas → Paso Ancho,Ruta base,7.24992292126676
Cuatro Reinas → Paso Ancho,Ruta base,8.856924980861633
Cuatro Reinas → Paso Ancho,Ruta base,8.648211375290387
Cuatro Reinas → Paso Ancho,Ruta base,8.08040759943443
Cuatro Reinas → Paso Ancho,Ruta base,8.734500752674649
Cuatro Reinas → Paso Ancho,Ruta base,7.993646753067952
Cuatro Reinas → Paso Ancho,Ruta base,7.277157253140949
Cuatro Reinas → Paso Ancho,Ruta base,7.614780573633271
Cuatro Reinas → Paso Ancho,Ruta base,8.067430919239026
Cuatro Reinas → Paso Ancho,Ruta base,8.47869751777198
Cuatro Reinas → Paso Ancho,Ruta base,9.424352148188893
Cuatro Reinas → Paso Ancho,Ruta base,7.6090816920769875
Cuatro Reinas → Paso Ancho,Ruta base,8.040572104137729
Cuatro Reinas → Paso Ancho,Ruta base,8.10234501535614
Cuatro Reinas → Paso Ancho,Ruta base,8.132943360967863
Cuatro Reinas → Paso Ancho,Ruta base,9.953738441837388
Cuatro Reinas → Paso Ancho,Ruta base,7.604109593823496
Cuatro Reinas → Paso Ancho,Ruta base,8.310886901747393
Cuatro Reinas → Paso Ancho,Ruta base,7.6603283363182575
Cuatro Reinas → Paso Ancho,Ruta base,9.559841362976563
Cuatro Reinas → Paso Ancho,Ruta base,10.463280646482785
Cuatro Reinas → Paso Ancho,Ruta base,9.033134510887223
Cuatro Reinas → Paso Ancho,Ruta base,10.666548163257309
Cuatro Reinas → Paso Ancho,Ruta base,6.07842293803505
Cuatro Reinas → Paso Ancho,Ruta base,7.962407748677427
Cuatro Reinas → Paso Ancho,Ruta base,9.458704991696747
Cuatro Reinas → Paso Ancho,Ruta base,6.366721450082753
Cuatro Reinas → Paso Ancho,Ruta base,8.403354929969744
Cuatro Reinas → Paso Ancho,Ruta base,8.59378847281336
Cuatro Reinas → Paso Ancho,Ruta base,7.943135152245558
Cuatro Reinas → Paso Ancho,Ruta base,8.613345196889263
Cuatro Reinas → Paso Ancho,Ruta base,9.468295120309019
Cuatro Reinas → Paso Ancho,Ruta base,10.783048865160312
Cuatro Reinas → Paso Ancho,Ruta base,7.224968058251739
Cuatro Reinas → Paso Ancho,Ruta base,6.726479121935825
Cuatro Reinas → Paso Ancho,Ruta base,8.724442438006712
Cuatro Reinas → Paso Ancho,Ruta base,7.0389928712339165
Cuatro Reinas → Paso Ancho,Ruta base,11.551499270124658
Cuatro Reinas → Paso Ancho,Ruta base,8.358182270679809
Cuatro Reinas → Paso Ancho,Ruta base,8.995775576847535
Cuatro Reinas → Paso Ancho,Ruta base,8.594660969525343
Cuatro Reinas → Paso Ancho,Ruta base,7.804391972556832
Cuatro Reinas → Paso Ancho,Ruta base,7.701031812973038
Cuatro Reinas → Paso Ancho,Ruta base,11.052392540343842
Cuatro Reinas → Paso Ancho,Ruta base,8.945731175401347
Cuatro Reinas → Paso Ancho,Ruta base,6.354468063581418
Cuatro Reinas → Paso Ancho,Ruta base,7.578344005419738
Cuatro Reinas → Paso Ancho,Ruta base,8.993204689773691
Cuatro Reinas → Paso Ancho,Ruta base,9.049988901788128
Cuatro Reinas → Paso Ancho,Ruta base,10.322064750074826
Cuatro Reinas → Paso Ancho,Ruta base,8.906284679694773
Cuatro Reinas → Paso Ancho,Ruta base,7.7130807275459246
Cuatro Reinas → Paso Ancho,Ruta base,8.550228174172402
Cuatro Reinas → Paso Ancho,Ruta base,8.554092841714304
Cuatro Reinas → Paso Ancho,Ruta base,9.669358237666863
Cuatro Reinas → Paso Ancho,Ruta base,7.6802243975010684
Cuatro Reinas → Paso Ancho,Ruta base,8.078759399164852
Cuatro Reinas → Paso Ancho,Ruta base,8.882420841023412
Cuatro Reinas → Paso Ancho,Ruta base,9.036692658246286
Cuatro Reinas → Paso Ancho,Ruta base,8.611740410014539
Cuatro Reinas → Paso Ancho,Ruta base,9.817311455563006
Cuatro Reinas → Paso Ancho,Ruta base,7.557472439277786
Hatillo → Curridabat,Ruta optimizada,11.334113671891343
Hatillo → Curridabat,Ruta optimizada,9.041423893071487
Hatillo → Curridabat,Ruta optimizada,9.218361751956767
Hatillo → Curridabat,Ruta optimizada,10.809058869744895
Hatillo → Curridabat,Ruta optimizada,10.565174226286937
Hatillo → Curridabat,Ruta optimizada,9.603497847420087
Hatillo → Curridabat,Ruta optimizada,8.405521552392685
Hatillo → Curridabat,Ruta optimizada,7.636929455794325
Hatillo → Curridabat,Ruta optimizada,9.48435816622085
Hatillo → Curridabat,Ruta optimizada,8.382148143449758
Hatillo → Curridabat,Ruta optimizada,9.832888433860553
Hatillo → Curridabat,Ruta optimizada,8.897283412392252
Hatillo → Curridabat,Ruta optimizada,8.27974355320622
Hatillo → Curridabat,Ruta optimizada,9.122945793221287
Hatillo → Curridabat,Ruta optimizada,10.147514186936496
Hatillo → Curridabat,Ruta optimizada,8.892252377650692
Hatillo → Curridabat,Ruta optimizada,7.6925481541142995
Hatillo → Curridabat,Ruta optimizada,9.061235700950686
Hatillo → Curridabat,Ruta optimizada,9.155952859595553
Hatillo → Curridabat,Ruta optimizada,9.903829965606723
Hatillo → Curridabat,Ruta optimizada,9.586919188796088
Hatillo → Curridabat,Ruta optimizada,7.648781812976456
Hatillo → Curridabat,Ruta optimizada,8.264183573778825
Hatillo → Curridabat,Ruta optimizada,9.506060415240885
Hatillo → Curridabat,Ruta optimizada,6.726809200127313
Hatillo → Curridabat,Ruta optimizada,10.15462466581023
Hatillo → Curridabat,Ruta optimizada,7.930796929576498
Hatillo → Curridabat,Ruta optimizada,8.551838255998144
Hatillo → Curridabat,Ruta optimizada,10.851796004604306
Hatillo → Curridabat,Ruta optimizada,8.402328382226411
Hatillo → Curridabat,Ruta optimizada,8.449663993308345
Hatillo → Curridabat,Ruta optimizada,9.846507610971411
Hatillo → Curridabat,Ruta optimizada,8.472058896829243
Hatillo → Curridabat,Ruta optimizada,8.316072905777478
Hatillo → Curridabat,Ruta optimizada,9.005957879691008
Hatillo → Curridabat,Ruta optimizada,11.976429771386828
Hatillo → Curridabat,Ruta optimizada,9.889304382019146
Hatillo → Curridabat,Ruta optimizada,9.578674980737558
Hatillo → Curridabat,Ruta optimizada,9.516786899604174
Hatillo → Curridabat,Ruta optimizada,9.975044219132785
Hatillo → Curridabat,Ruta optimizada,9.582426670584788
Hatillo → Curridabat,Ruta optimizada,8.098044673519063
Hatillo → Curridabat,Ruta optimizada,9.32783149034973
Hatillo → Curridabat,Ruta optimizada,8.688329362771544
Hatillo → Curridabat,Ruta optimizada,11.32177122048035
Hatillo → Curridabat,Ruta optimizada,8.440990817269515
Hatillo → Curridabat,Ruta optimizada,10.742439128510645
Hatillo → Curridabat,Ruta optimizada,7.293837073066158
Hatillo → Curridabat,Ruta optimizada,9.175573881419089
Hatillo → Curridabat,Ruta optimizada,8.203520229620912
Hatillo → Curridabat,Ruta optimizada,7.83971653747036
Hatillo → Curridabat,Ruta optimizada,10.079890073420458
Hatillo → Curridabat,Ruta optimizada,7.555081955648042
Hatillo → Curridabat,Ruta optimizada,8.399753392087748
Hatillo → Curridabat,Ruta optimizada,7.7836587267313595
Hatillo → Curridabat,Ruta optimizada,9.695118666921529
Hatillo → Curridabat,Ruta optimizada,9.35193996762654
Hatillo → Curridabat,Ruta optimizada,6.248327872353447
Hatillo → Curridabat,Ruta optimizada,9.827485921161372
Hatillo → Curridabat,Ruta optimizada,8.376180925945484
Hatillo → Curridabat,Ruta optimizada,12.292138041096745
Hatillo → Curridabat,Ruta optimizada,10.477741030817867
Hatillo → Curridabat,Ruta optimizada,10.841408335448309
Hatillo → Curridabat,Ruta optimizada,6.375062031803796
Hatillo → Curridabat,Ruta optimizada,11.17576232055907
Hatillo → Curridabat,Ruta optimizada,8.748982129173855
Hatillo → Curridabat,Ruta optimizada,7.402750296495463
Hatillo → Curridabat,Ruta optimizada,9.261560242429562
Hatillo → Curridabat,Ruta optimizada,10.545623060481415
Hatillo → Curridabat,Ruta optimizada,7.344450592343891
Hatillo → Curridabat,Ruta optimizada,10.714052289906393
Hatillo → Curridabat,Ruta optimizada,8.157886540555388
Hatillo → Curridabat,Ruta optimizada,8.081646497399902
Hatillo → Curridabat,Ruta optimizada,8.12466062603437
Hatillo → Curridabat,Ruta optimizada,7.973469965905032
Hatillo → Curridabat,Ruta optimizada,9.137898566146086
Hatillo → Curridabat,Ruta optimizada,9.133477450413423
Hatillo → Curridabat,Ruta optimizada,10.160875894409036
Hatillo → Curridabat,Ruta optimizada,10.625641214986825
Hatillo → Curridabat,Ruta optimizada,8.377741914901083
Hatillo → Curridabat,Ruta optimizada,10.760422549527254
Hatillo → Curridabat,Ruta optimizada,7.497547706261645
Hatillo → Curridabat,Ruta optimizada,9.899777129541055
Hatillo → Curridabat,Ruta optimizada,7.315635634141087
Hatillo → Curridabat,Ruta optimizada,8.156052292319632
Hatillo → Curridabat,Ruta optimizada,9.509518937668297
Hatillo → Curridabat,Ruta optimizada,8.209262010150242
Hatillo → Curridabat,Ruta optimizada,9.957695602785481
Hatillo → Curridabat,Ruta optimizada,7.460492213044375
Hatillo → Curridabat,Ruta optimizada,7.968365325882215
Hatillo → Curridabat,Ruta optimizada,9.469180851380747
Hatillo → Curridabat,Ruta optimizada,10.902118074496096
Hatillo → Curridabat,Ruta optimizada,7.292636022946685
Hatillo → Curridabat,Ruta optimizada,11.112438772317946
Hatillo → Curridabat,Ruta optimizada,9.217804153464341
Hatillo → Curridabat,Ruta optimizada,11.882843264178806
Hatillo → Curridabat,Ruta optimizada,8.758592959715164
Hatillo → Curridabat,Ruta optimizada,8.344685335638912
Hatillo → Curridabat,Ruta optimizada,9.070946505629525
Hatillo → Curridabat,Ruta optimizada,7.711843206660973
Hatillo → Curridabat,Ruta optimizada,8.77841375411739
Hatillo → Curridabat,Ruta optimizada,8.991687387981683
Hatillo → Curridabat,Ruta optimizada,10.476436071010454
Hatillo → Curridabat,Ruta optimizada,9.54662248439805
Hatillo → Curridabat,Ruta optimizada,7.542182588812923
Hatillo → Curridabat,Ruta optimizada,7.355246119055759
Hatillo → Curridabat,Ruta optimizada,7.315331645448613
Hatillo → Curridabat,Ruta optimizada,6.538197486633135
Hatillo → Curridabat,Ruta optimizada,6.66847649605216
Hatillo → Curridabat,Ruta optimizada,12.521696650798757
Hatillo → Curridabat,Ruta optimizada,7.944452192846023
Hatillo → Curridabat,Ruta optimizada,10.647432771949928
Hatillo → Curridabat,Ruta optimizada,7.9449314027825455
Hatillo → Curridabat,Ruta optimizada,8.5264545834384
Hatillo → Curridabat,Ruta optimizada,7.045550306340352
Hatillo → Curridabat,Ruta optimizada,10.26357581256769
Hatillo → Curridabat,Ruta optimizada,8.799532657555126
Hatillo → Curridabat,Ruta optimizada,10.933900495955717
Hatillo → Curridabat,Ruta optimizada,8.096355795075155
Hatillo → Curridabat,Ruta optimizada,10.701007209592301
Hatillo → Curridabat,Ruta optimizada,11.181627185643602
Hatillo → Curridabat,Ruta optimizada,6.986497169525767
Hatillo → Curridabat,Ruta optimizada,9.683675156089269
Hatillo → Curridabat,Ruta optimizada,7.6155474470814015
Hatillo → Curridabat,Ruta optimizada,7.367455550824346
Hatillo → Curridabat,Ruta optimizada,9.013314018302552
Hatillo → Curridabat,Ruta optimizada,10.097731675824704
Hatillo → Curridabat,Ruta optimizada,10.833437315130736
Hatillo → Curridabat,Ruta optimizada,8.447674306960655
Hatillo → Curridabat,Ruta optimizada,10.35827936046251
Hatillo → Curridabat,Ruta optimizada,10.115306076973804
Hatillo → Curridabat,Ruta optimizada,9.130731358010294
Hatillo → Curridabat,Ruta optimizada,7.4673584887187605
Hatillo → Curridabat,Ruta optimizada,8.989566163485874
Hatillo → Curridabat,Ruta optimizada,15.010373890728136
Hatillo → Curridabat,Ruta optimizada,7.7011921986164396
Hatillo → Curridabat,Ruta optimizada,8.794596437774034
Hatillo → Curridabat,Ruta optimizada,7.937513974246041
Hatillo → Curridabat,Ruta optimizada,11.012585652207557
Hatillo → Curridabat,Ruta optimizada,12.01890598307585
Hatillo → Curridabat,Ruta optimizada,11.214706193843512
Hatillo → Curridabat,Ruta optimizada,11.559317135735244
Hatillo → Curridabat,Ruta optimizada,8.601391554189888
Hatillo → Curridabat,Ruta optimizada,11.376265616645485
Hatillo → Curridabat,Ruta optimizada,7.8955344522819955
Hatillo → Curridabat,Ruta optimizada,10.967521657174546
Hatillo → Curridabat,Ruta optimizada,10.948825454380048
Hatillo → Curridabat,Ruta optimizada,7.992260221470016
Hatillo → Curridabat,Ruta optimizada,10.134387708736588
Hatillo → Curridabat,Ruta optimizada,7.917988375246533
Hatillo → Curridabat,Ruta optimizada,7.157930240791143
Hatillo → Curridabat,Ruta optimizada,7.236731720517334
Hatillo → Curridabat,Ruta optimizada,7.4153729415049625
Hatillo → Curridabat,Ruta optimizada,7.708513336968824
Hatillo → Curridabat,Ruta optimizada,8.842821942053996
Hatillo → Curridabat,Ruta optimizada,11.8990112812989
Hatillo → Curridabat,Ruta optimizada,8.728104262315439
Hatillo → Curridabat,Ruta optimizada,7.836253528976504
Hatillo → Curridabat,Ruta optimizada,9.567363575742307
Hatillo → Curridabat,Ruta optimizada,8.588763584061796
Hatillo → Curridabat,Ruta optimizada,8.69464825209745
Hatillo → Curridabat,Ruta optimizada,9.36265360318091
Hatillo → Curridabat,Ruta optimizada,9.660675512097788
Hatillo → Curridabat,Ruta optimizada,8.132912820426137
Hatillo → Curridabat,Ruta optimizada,8.028691783025845
Hatillo → Curridabat,Ruta optimizada,9.8056086517014
Hatillo → Curridabat,Ruta optimizada,8.783623691416908
Hatillo → Curridabat,Ruta optimizada,8.55377917076419
Hatillo → Curridabat,Ruta optimizada,9.618769494713558
Hatillo → Curridabat,Ruta optimizada,9.09842647824631
Hatillo → Curridabat,Ruta optimizada,8.255377416480906
Hatillo → Curridabat,Ruta optimizada,9.279260650808846
Hatillo → Curridabat,Ruta optimizada,8.539084740864167
Hatillo → Curridabat,Ruta optimizada,7.170992856615016
Hatillo → Curridabat,Ruta optimizada,9.815710953710177
Hatillo → Curridabat,Ruta optimizada,7.66383024874713
Hatillo → Curridabat,Ruta optimizada,14.36444790578856
Hatillo → Curridabat,Ruta optimizada,9.392952543315202
Hatillo → Curridabat,Ruta optimizada,8.412916306670128
Hatillo → Curridabat,Ruta optimizada,10.120966637326822
Hatillo → Curridabat,Ruta optimizada,11.457693649214185
Hatillo → Curridabat,Ruta optimizada,11.11143995753977
Hatillo → Curridabat,Ruta optimizada,9.285175125610483
Hatillo → Curridabat,Ruta optimizada,10.37939377382595
Hatillo → Curridabat,Ruta optimizada,9.416044077153824
Hatillo → Curridabat,Ruta optimizada,9.295166848920713
Hatillo → Curridabat,Ruta optimizada,6.899282216797957
Hatillo → Curridabat,Ruta optimizada,8.939047570737127
Hatillo → Curridabat,Ruta optimizada,5.8859228030896205
Hatillo → Curridabat,Ruta optimizada,7.712428821132548
Hatillo → Curridabat,Ruta optimizada,10.968600568993088
Hatillo → Curridabat,Ruta optimizada,8.722809368387141
Hatillo → Curridabat,Ruta optimizada,8.679872997999437
Hatillo → Curridabat,Ruta optimizada,8.038578450052544
Hatillo → Curridabat,Ruta optimizada,7.529264705113327
Hatillo → Curridabat,Ruta optimizada,7.634532978798353
Hatillo → Curridabat,Ruta optimizada,7.133277650505929
Hatillo → Curridabat,Ruta optimizada,6.415815418092055
Hatillo → Curridabat,Ruta optimizada,10.10126618311984
Hatillo → Curridabat,Ruta optimizada,11.48408180400544
Hatillo → Curridabat,Ruta optimizada,7.979970803376823
Hatillo → Curridabat,Ruta optimizada,9.498443515038227
Hatillo → Curridabat,Ruta optimizada,7.456811965014411
Hatillo → Curridabat,Ruta optimizada,9.289195782234048
Hatillo → Curridabat,Ruta optimizada,6.949362654555837
Hatillo → Curridabat,Ruta optimizada,10.540916250495485
Hatillo → Curridabat,Ruta optimizada,8.927979648136608
Hatillo → Curridabat,Ruta optimizada,7.372485534339888
Hatillo → Curridabat,Ruta optimizada,9.812867876814689
Hatillo → Curridabat,Ruta optimizada,11.120610996437597
Hatillo → Curridabat,Ruta optimizada,8.741182501890476
Hatillo → Curridabat,Ruta optimizada,8.708919215519062
Hatillo → Curridabat,Ruta optimizada,8.886450666070328
Hatillo → Curridabat,Ruta optimizada,9.238856475126177
Hatillo → Curridabat,Ruta optimizada,10.723738236406119
Hatillo → Curridabat,Ruta optimizada,10.736244404233407
Hatillo → Curridabat,Ruta optimizada,6.469809995137319
Hatillo → Curridabat,Ruta optimizada,10.398537022854445
Hatillo → Curridabat,Ruta optimizada,8.396416371294162
Hatillo → Curridabat,Ruta optimizada,11.392646834795034
Hatillo → Curridabat,Ruta optimizada,9.473642049651966
Hatillo → Curridabat,Ruta optimizada,10.378633275699748
Hatillo → Curridabat,Ruta optimizada,8.135001448590119
Hatillo → Curridabat,Ruta optimizada,7.371983942972154
Hatillo → Curridabat,Ruta optimizada,9.016155288770145
Hatillo → Curridabat,Ruta optimizada,10.187199598211071
Hatillo → Curridabat,Ruta optimizada,10.139693999137236
Hatillo → Curridabat,Ruta optimizada,10.099568759280379
Hatillo → Curridabat,Ruta optimizada,8.966735499070603
Hatillo → Curridabat,Ruta optimizada,9.758762221309121
Hatillo → Curridabat,Ruta optimizada,7.921313531693172
Hatillo → Curridabat,Ruta optimizada,8.58749266004727
Hatillo → Curridabat,Ruta optimizada,6.858012342967066
Hatillo → Curridabat,Ruta optimizada,9.564058478527869
Hatillo → Curridabat,Ruta optimizada,8.586910190930036
Hatillo → Curridabat,Ruta optimizada,8.808660533400436
Hatillo → Curridabat,Ruta optimizada,10.199156452295494
Hatillo → Curridabat,Ruta optimizada,8.727457539475736
Hatillo → Curridabat,Ruta optimizada,5.479985566234769
Hatillo → Curridabat,Ruta optimizada,11.475777667542427
Hatillo → Curridabat,Ruta optimizada,9.111536613076954
Hatillo → Curridabat,Ruta optimizada,9.617761404618188
Hatillo → Curridabat,Ruta optimizada,7.598318626652156
Hatillo → Curridabat,Ruta optimizada,9.96348538220396
Hatillo → Curridabat,Ruta optimizada,11.42565074623123
Hatillo → Curridabat,Ruta optimizada,7.148959657330441
Hatillo → Curridabat,Ruta optimizada,10.46976233695815
Hatillo → Curridabat,Ruta optimizada,7.619360468558302
Hatillo → Curridabat,Ruta optimizada,8.113343478935388
Hatillo → Curridabat,Ruta optimizada,9.032021202404831
Hatillo → Curridabat,Ruta optimizada,11.925158340900193
Hatillo → Curridabat,Ruta optimizada,6.818535497688264
Hatillo → Curridabat,Ruta optimizada,7.8015747820964245
Hatillo → Curridabat,Ruta optimizada,8.896374914391775
Hatillo → Curridabat,Ruta optimizada,9.829541905129958
Hatillo → Curridabat,Ruta optimizada,8.790371817014787
Hatillo → Curridabat,Ruta optimizada,9.219175620737689
Hatillo → Curridabat,Ruta optimizada,7.580952462817256
Hatillo → Curridabat,Ruta optimizada,9.843244501921276
Hatillo → Curridabat,Ruta optimizada,10.462176408027121
Hatillo → Curridabat,Ruta optimizada,7.726600632727656
Hatillo → Curridabat,Ruta optimizada,8.00950310356181
Hatillo → Curridabat,Ruta optimizada,9.381566997342292
Hatillo → Curridabat,Ruta optimizada,9.500101042407705
Hatillo → Curridabat,Ruta optimizada,9.319333464716852
Hatillo → Curridabat,Ruta optimizada,7.585468693274494
Hatillo → Curridabat,Ruta optimizada,8.68204682534199
Hatillo → Curridabat,Ruta optimizada,8.630678403604094
Hatillo → Curridabat,Ruta optimizada,10.700241530982828
Hatillo → Curridabat,Ruta optimizada,8.735021725221392
Hatillo → Curridabat,Ruta optimizada,8.264189260351449
Hatillo → Curridabat,Ruta optimizada,7.787225328687048
Hatillo → Curridabat,Ruta optimizada,8.961373771988939
Hatillo → Curridabat,Ruta optimizada,10.303204314575197
Hatillo → Curridabat,Ruta optimizada,7.416350421624374
Hatillo → Curridabat,Ruta optimizada,8.903525367255263
Hatillo → Curridabat,Ruta optimizada,9.38998821780622
Hatillo → Curridabat,Ruta optimizada,11.930286632439975
Hatillo → Curridabat,Ruta optimizada,9.715727699916743
Hatillo → Curridabat,Ruta optimizada,10.865371008445447
Hatillo → Curridabat,Ruta optimizada,9.175120640357523
Hatillo → Curridabat,Ruta optimizada,7.04342533695044
Hatillo → Curridabat,Ruta optimizada,6.865707825226643
Hatillo → Curridabat,Ruta optimizada,7.448443946402405
Hatillo → Curridabat,Ruta optimizada,9.059910612207426
Hatillo → Curridabat,Ruta optimizada,8.34638309400413
Hatillo → Curridabat,Ruta optimizada,8.056164733595244
Hatillo → Curridabat,Ruta optimizada,11.673134937054169
Hatillo → Curridabat,Ruta optimizada,5.706835038160297
Hatillo → Curridabat,Ruta optimizada,7.434372739922307
Hatillo → Curridabat,Ruta optimizada,12.56676602506239
Hatillo → Curridabat,Ruta optimizada,9.289851997641689
Hatillo → Curridabat,Ruta optimizada,8.080480217695905
Hatillo → Curridabat,Ruta optimizada,7.281920002388252
Hatillo → Curridabat,Ruta optimizada,10.003441204723911
Hatillo → Curridabat,Ruta optimizada,10.164382549275077
Hatillo → Curridabat,Ruta optimizada,10.287447209768114
Hatillo → Curridabat,Ruta optimizada,7.504222419758089
Hatillo → Curridabat,Ruta optimizada,9.373743996913142
Hatillo → Curridabat,Ruta optimizada,8.40199020120723
Hatillo → Curridabat,Ruta optimizada,9.803973512767879
Hatillo → Curridabat,Ruta optimizada,6.707136324724405
Hatillo → Curridabat,Ruta optimizada,9.455901361801706
Hatillo → Curridabat,Ruta optimizada,11.239950421668642
Hatillo → Curridabat,Ruta optimizada,7.039208506170871
Hatillo → Curridabat,Ruta optimizada,10.078252309391328
Hatillo → Curridabat,Ruta optimizada,11.421917370439056
Hatillo → Curridabat,Ruta optimizada,10.220142334323686
Hatillo → Curridabat,Ruta optimizada,8.788504498850036
Hatillo → Curridabat,Ruta optimizada,9.245115290679658
Hatillo → Curridabat,Ruta optimizada,7.475503949119837
Hatillo → Curridabat,Ruta optimizada,9.250835238267141
Hatillo → Curridabat,Ruta optimizada,7.829644076526605
Hatillo → Curridabat,Ruta optimizada,8.816440655538234
Hatillo → Curridabat,Ruta optimizada,7.580817212638672
Hatillo → Curridabat,Ruta optimizada,6.936118250184191
Hatillo → Curridabat,Ruta optimizada,11.478072512184122
Hatillo → Curridabat,Ruta optimizada,6.657310121205109
Hatillo → Curridabat,Ruta optimizada,12.108931574463552
Hatillo → Curridabat,Ruta optimizada,6.374129727135599
Hatillo → Curridabat,Ruta optimizada,10.168163558723299
Hatillo → Curridabat,Ruta optimizada,9.29794321784473
Hatillo → Curridabat,Ruta optimizada,6.987675164257085
Hatillo → Curridabat,Ruta optimizada,7.989548681780603
Hatillo → Curridabat,Ruta optimizada,7.757414096205106
Hatillo → Curridabat,Ruta optimizada,7.892638090851121
Hatillo → Curridabat,Ruta optimizada,10.119602221818703
Hatillo → Curridabat,Ruta optimizada,7.348516133976152
Hatillo → Curridabat,Ruta optimizada,6.368245235555992
Hatillo → Curridabat,Ruta optimizada,10.480351685292783
Hatillo → Curridabat,Ruta optimizada,9.126052420283775
Hatillo → Curridabat,Ruta optimizada,8.89877202438759
Hatillo → Curridabat,Ruta optimizada,8.700016379948574
Hatillo → Curridabat,Ruta optimizada,9.8747979384494
Hatillo → Curridabat,Ruta optimizada,9.586739957830961
Hatillo → Curridabat,Ruta optimizada,8.94771284702767
Hatillo → Curridabat,Ruta optimizada,8.284158746304142
Hatillo → Curridabat,Ruta optimizada,10.601852653060817
Hatillo → Curridabat,Ruta optimizada,10.963464960110553
Hatillo → Curridabat,Ruta optimizada,9.345112724499717
Hatillo → Curridabat,Ruta optimizada,13.460733750158996
Hatillo → Curridabat,Ruta optimizada,8.797085916851465
Hatillo → Curridabat,Ruta optimizada,9.317231824480622
Hatillo → Curridabat,Ruta optimizada,11.781874599693447
Hatillo → Curridabat,Ruta optimizada,9.668779630401403
Hatillo → Curridabat,Ruta optimizada,8.906598483632534
Hatillo → Curridabat,Ruta optimizada,8.672697743347408
Hatillo → Curridabat,Ruta optimizada,9.596614887908126
Hatillo → Curridabat,Ruta optimizada,6.6355118559309325
Hatillo → Curridabat,Ruta optimizada,7.90411043572758
Hatillo → Curridabat,Ruta optimizada,7.7608282146983525
Hatillo → Curridabat,Ruta optimizada,6.260378795034474
Hatillo → Curridabat,Ruta optimizada,10.694496770320015
Hatillo → Curridabat,Ruta optimizada,8.446627299795473
Hatillo → Curridabat,Ruta optimizada,7.801998709585033
Hatillo → Curridabat,Ruta optimizada,9.526780085308868
Hatillo → Curridabat,Ruta optimizada,7.4689980739532125
Hatillo → Curridabat,Ruta optimizada,9.766161837966488
Hatillo → Curridabat,Ruta optimizada,10.959268598908197
Hatillo → Curridabat,Ruta optimizada,6.949735433006824
Hatillo → Curridabat,Ruta optimizada,10.80886221648642
Hatillo → Curridabat,Ruta optimizada,9.004255678116818
Hatillo → Curridabat,Ruta optimizada,10.919789015441273
Hatillo → Curridabat,Ruta optimizada,8.676883352747339
Hatillo → Curridabat,Ruta optimizada,7.94439456527154
Hatillo → Curridabat,Ruta optimizada,7.042964645600691
Hatillo → Curridabat,Ruta optimizada,7.124865502259061
Hatillo → Curridabat,Ruta optimizada,8.19713781949882
Hatillo → Curridabat,Ruta optimizada,10.496805935500415
Hatillo → Curridabat,Ruta optimizada,9.358472073371919
Hatillo → Curridabat,Ruta optimizada,9.282132270342053
Hatillo → Curridabat,Ruta optimizada,11.068851121199307
Hatillo → Curridabat,Ruta optimizada,6.829283490365494
Hatillo → Curridabat,Ruta optimizada,7.483389239799667
Hatillo → Curridabat,Ruta optimizada,7.508405898527847
Hatillo → Curridabat,Ruta optimizada,8.91284833954628
Hatillo → Curridabat,Ruta optimizada,6.723260065493463
Hatillo → Curridabat,Ruta optimizada,8.120686270449463
Hatillo → Curridabat,Ruta optimizada,10.750311116412584
Hatillo → Curridabat,Ruta optimizada,10.580122120688612
Hatillo → Curridabat,Ruta optimizada,11.118532672683388
Hatillo → Curridabat,Ruta optimizada,7.996436694697754
Hatillo → Curridabat,Ruta optimizada,7.320024075385352
Hatillo → Curridabat,Ruta optimizada,9.481056005416502
Hatillo → Curridabat,Ruta optimizada,7.964020594796006
Hatillo → Curridabat,Ruta optimizada,8.266062821737004
Hatillo → Curridabat,Ruta optimizada,8.951727262765903
Hatillo → Curridabat,Ruta optimizada,9.38140186645639
Hatillo → Curridabat,Ruta optimizada,10.612934685146005
Hatillo → Curridabat,Ruta optimizada,11.064772958996548
Hatillo → Curridabat,Ruta optimizada,10.617964065303877
Hatillo → Curridabat,Ruta optimizada,8.690695260152017
Hatillo → Curridabat,Ruta optimizada,10.170312972533628
Hatillo → Curridabat,Ruta optimizada,8.209831585000662
Hatillo → Curridabat,Ruta optimizada,7.705548154832703
Hatillo → Curridabat,Ruta optimizada,7.154400707921542
Hatillo → Curridabat,Ruta optimizada,8.094939199972586
Hatillo → Curridabat,Ruta optimizada,9.571741892267257
Hatillo → Curridabat,Ruta optimizada,10.098459011457573
Hatillo → Curridabat,Ruta optimizada,8.978279809275081
Hatillo → Curridabat,Ruta optimizada,9.287551959974216
Hatillo → Curridabat,Ruta optimizada,8.236731516426206
Hatillo → Curridabat,Ruta optimizada,11.695477718546249
Hatillo → Curridabat,Ruta optimizada,9.138448257617824
Hatillo → Curridabat,Ruta optimizada,8.475080580237485
Hatillo → Curridabat,Ruta optimizada,9.771204741454348
Hatillo → Curridabat,Ruta optimizada,8.66960537176027
Hatillo → Curridabat,Ruta optimizada,9.30459114251226
Hatillo → Curridabat,Ruta optimizada,11.63745332903185
Hatillo → Curridabat,Ruta optimizada,7.949580477167489
Hatillo → Curridabat,Ruta optimizada,8.830530301756765
Hatillo → Curridabat,Ruta optimizada,8.770374510986782
Hatillo → Curridabat,Ruta optimizada,8.996187679523619
Hatillo → Curridabat,Ruta optimizada,11.859090049940807
Hatillo → Curridabat,Ruta optimizada,10.349628651363245
Hatillo → Curridabat,Ruta optimizada,11.053882128018305
Hatillo → Curridabat,Ruta optimizada,6.066055934994499
Hatillo → Curridabat,Ruta optimizada,9.781878671427688
Hatillo → Curridabat,Ruta optimizada,9.058589468691157
Hatillo → Curridabat,Ruta optimizada,9.486319886217467
Hatillo → Curridabat,Ruta optimizada,8.787712648686444
Hatillo → Curridabat,Ruta optimizada,8.15109338869555
Hatillo → Curridabat,Ruta optimizada,10.012622202163111
Hatillo → Curridabat,Ruta optimizada,8.774308158948502
Hatillo → Curridabat,Ruta optimizada,8.897961395972684
Hatillo → Curridabat,Ruta optimizada,8.363582228754566
Hatillo → Curridabat,Ruta optimizada,8.669579631611528
Hatillo → Curridabat,Ruta optimizada,9.98978728732849
Hatillo → Curridabat,Ruta optimizada,10.155274496376766
Hatillo → Curridabat,Ruta optimizada,8.857585944471147
Hatillo → Curridabat,Ruta optimizada,9.046586866951658
Hatillo → Curridabat,Ruta optimizada,8.877054139938483
Hatillo → Curridabat,Ruta optimizada,10.959784916229118
Hatillo → Curridabat,Ruta optimizada,8.852159305621527
Hatillo → Curridabat,Ruta optimizada,8.172966048981706
Hatillo → Curridabat,Ruta optimizada,9.033627879446135
Hatillo → Curridabat,Ruta optimizada,8.464550529999515
Hatillo → Curridabat,Ruta optimizada,9.521133956739328
Hatillo → Curridabat,Ruta optimizada,11.611617951866833
Hatillo → Curridabat,Ruta optimizada,8.775448638478206
Hatillo → Curridabat,Ruta optimizada,11.126179040668342
Hatillo → Curridabat,Ruta optimizada,10.391790708938254
Hatillo → Curridabat,Ruta optimizada,8.911251486618623
Hatillo → Curridabat,Ruta optimizada,9.764889539182944
Hatillo → Curridabat,Ruta optimizada,11.317386995325318
Hatillo → Curridabat,Ruta optimizada,7.82506112024319
Hatillo → Curridabat,Ruta optimizada,10.409212163622255
Hatillo → Curridabat,Ruta optimizada,10.656846912416498
Hatillo → Curridabat,Ruta optimizada,8.021509511856411
Hatillo → Curridabat,Ruta optimizada,11.106950183145234
Hatillo → Curridabat,Ruta optimizada,9.9441242622048
Hatillo → Curridabat,Ruta optimizada,7.957269087501292
Hatillo → Curridabat,Ruta optimizada,9.543589896810758
Hatillo → Curridabat,Ruta optimizada,7.523373652848661
Hatillo → Curridabat,Ruta optimizada,7.561506746422264
Hatillo → Curridabat,Ruta optimizada,7.316094086223051
Hatillo → Curridabat,Ruta optimizada,9.017088992134056
Hatillo → Curridabat,Ruta optimizada,8.672197698277126
Hatillo → Curridabat,Ruta optimizada,8.098576720777748
Hatillo → Curridabat,Ruta optimizada,8.314326652544624
Hatillo → Curridabat,Ruta optimizada,9.020596751087266
Hatillo → Curridabat,Ruta optimizada,8.782731250496072
Hatillo → Curridabat,Ruta optimizada,8.412071259196445
Hatillo → Curridabat,Ruta optimizada,9.003669093221426
Hatillo → Curridabat,Ruta optimizada,7.729791324889967
Hatillo → Curridabat,Ruta optimizada,8.047314251826199
Hatillo → Curridabat,Ruta optimizada,10.416562373351642
Hatillo → Curridabat,Ruta optimizada,8.796373260381012
Hatillo → Curridabat,Ruta optimizada,6.608671439678482
Hatillo → Curridabat,Ruta optimizada,10.951841867080455
Hatillo → Curridabat,Ruta optimizada,7.792159725076732
Hatillo → Curridabat,Ruta optimizada,11.363784423132946
Hatillo → Curridabat,Ruta optimizada,8.989635002367843
Hatillo → Curridabat,Ruta optimizada,10.443705048866732
Hatillo → Curridabat,Ruta optimizada,7.135262095824223
Hatillo → Curridabat,Ruta optimizada,7.787398917362632
Hatillo → Curridabat,Ruta optimizada,7.8005115632454665
Hatillo → Curridabat,Ruta optimizada,8.239982535175823
Hatillo → Curridabat,Ruta optimizada,7.968228916100394
Hatillo → Curridabat,Ruta optimizada,7.9989564121473045
Hatillo → Curridabat,Ruta optimizada,8.423558384389127
Hatillo → Curridabat,Ruta optimizada,8.12793162615668
Hatillo → Curridabat,Ruta optimizada,8.885018810832767
Hatillo → Curridabat,Ruta optimizada,9.134947019616092
Hatillo → Curridabat,Ruta optimizada,7.038031045554845
Hatillo → Curridabat,Ruta optimizada,8.737690462918417
Hatillo → Curridabat,Ruta optimizada,7.435987603590404
Hatillo → Curridabat,Ruta optimizada,9.009162922306363
Hatillo → Curridabat,Ruta optimizada,9.720931323044422
Hatillo → Curridabat,Ruta optimizada,7.433506096319549
Hatillo → Curridabat,Ruta optimizada,8.153670958102214
Hatillo → Curridabat,Ruta optimizada,10.29507314605145
Hatillo → Curridabat,Ruta optimizada,10.174463568238487
Hatillo → Curridabat,Ruta optimizada,8.244581248705439
Hatillo → Curridabat,Ruta optimizada,10.197231671863602
Hatillo → Curridabat,Ruta optimizada,9.130749723151592
Hatillo → Curridabat,Ruta optimizada,9.142830671642788
Hatillo → Curridabat,Ruta optimizada,8.477242475121407
Hatillo → Curridabat,Ruta optimizada,9.134627658548988
Hatillo → Curridabat,Ruta optimizada,10.147854568223385
Hatillo → Curridabat,Ruta optimizada,7.976227833159733
Hatillo → Curridabat,Ruta optimizada,9.170478161754927
Hatillo → Curridabat,Ruta optimizada,7.1536018481201324
Hatillo → Curridabat,Ruta optimizada,7.365323238270566
Hatillo → Curridabat,Ruta optimizada,9.742183321754606
Hatillo → Curridabat,Ruta optimizada,8.635532311228705
Hatillo → Curridabat,Ruta optimizada,7.8454866566973465
Hatillo → Curridabat,Ruta optimizada,9.817145451433294
Hatillo → Curridabat,Ruta optimizada,9.745298651640454
Hatillo → Curridabat,Ruta optimizada,8.916119087788516
Hatillo → Curridabat,Ruta optimizada,10.900478400710552
Hatillo → Curridabat,Ruta optimizada,7.81352879234425
Hatillo → Curridabat,Ruta optimizada,7.818692360260502
Hatillo → Curridabat,Ruta optimizada,10.069140898408646
Hatillo → Curridabat,Ruta optimizada,7.850166419864222
Hatillo → Curridabat,Ruta optimizada,10.215657654387845
Hatillo → Curridabat,Ruta optimizada,6.821599987080435
Hatillo → Curridabat,Ruta optimizada,7.517628519600598
Hatillo → Curridabat,Ruta optimizada,8.567897877122517
Hatillo → Curridabat,Ruta optimizada,8.125704161828093
Hatillo → Curridabat,Ruta optimizada,11.316227833139127
Hatillo → Curridabat,Ruta optimizada,8.151091866919904
Hatillo → Curridabat,Ruta optimizada,8.888394599634097
Hatillo → Curridabat,Ruta optimizada,8.90715595512685
Hatillo → Curridabat,Ruta optimizada,8.603036262949809
Hatillo → Curridabat,Ruta optimizada,10.707866946394063
Hatillo → Curridabat,Ruta optimizada,8.17781748599165
Hatillo → Curridabat,Ruta optimizada,7.883887324584749
Hatillo → Curridabat,Ruta optimizada,7.715675147668746
Hatillo → Curridabat,Ruta optimizada,10.492465548226392
Hatillo → Curridabat,Ruta optimizada,9.140531105535818
Hatillo → Curridabat,Ruta optimizada,9.822002433894113
Hatillo → Curridabat,Ruta optimizada,9.074505959588539
Hatillo → Curridabat,Ruta optimizada,7.542001412795949
Hatillo → Curridabat,Ruta optimizada,9.550739890876583
Hatillo → Curridabat,Ruta optimizada,9.655727046094164
Hatillo → Curridabat,Ruta optimizada,11.181323169730629
Hatillo → Curridabat,Ruta optimizada,9.74870658055807
Hatillo → Curridabat,Ruta optimizada,8.05699934701337
Hatillo → Curridabat,Ruta optimizada,8.582634791141427
Hatillo → Curridabat,Ruta optimizada,11.874555784460693
Hatillo → Curridabat,Ruta optimizada,7.281331723351892
Hatillo → Curridabat,Ruta optimizada,7.069533148464224
Hatillo → Curridabat,Ruta optimizada,9.138570794751509
Hatillo → Curridabat,Ruta optimizada,11.257607298155222
Hatillo → Curridabat,Ruta optimizada,8.848171438584863
Hatillo → Curridabat,Ruta optimizada,7.627916278244798
Hatillo → Curridabat,Ruta optimizada,12.9786659762464
Hatillo → Curridabat,Ruta optimizada,7.987393255106271
Hatillo → Curridabat,Ruta optimizada,10.04631147125952
Hatillo → Curridabat,Ruta optimizada,10.714909826429432
Hatillo → Curridabat,Ruta optimizada,9.008879596559467
Hatillo → Curridabat,Ruta optimizada,10.392193253357753
Hatillo → Curridabat,Ruta optimizada,10.840738014495932
Hatillo → Curridabat,Ruta optimizada,7.292855749353964
Hatillo → Curridabat,Ruta optimizada,9.920965437685526
Hatillo → Curridabat,Ruta optimizada,10.492962556396607
Hatillo → Curridabat,Ruta optimizada,10.801266962770368
Hatillo → Curridabat,Ruta optimizada,8.493322085463806
Hatillo → Curridabat,Ruta optimizada,9.329984903269667
Hatillo → Curridabat,Ruta optimizada,8.320483555432249
Hatillo → Curridabat,Ruta optimizada,8.147568927392129
Hatillo → Curridabat,Ruta optimizada,7.9538491658639
Hatillo → Curridabat,Ruta optimizada,9.772676755786597
Hatillo → Curridabat,Ruta optimizada,9.172335910262692
Hatillo → Curridabat,Ruta optimizada,10.578927157430684
Hatillo → Curridabat,Ruta optimizada,6.21165039697679
Hatillo → Curridabat,Ruta optimizada,8.14115131970233
Hatillo → Curridabat,Ruta optimizada,9.015641417822486
Hatillo → Curridabat,Ruta optimizada,11.916742513828376
Hatillo → Curridabat,Ruta optimizada,7.677053470418013
Hatillo → Curridabat,Ruta optimizada,6.671905747141059
Hatillo → Curridabat,Ruta optimizada,8.256419706393244
Hatillo → Curridabat,Ruta optimizada,8.572300762444495
Hatillo → Curridabat,Ruta optimizada,10.293558562625666
Hatillo → Curridabat,Ruta optimizada,10.663434087767996
Hatillo → Curridabat,Ruta optimizada,10.2896164516805
Hatillo → Curridabat,Ruta optimizada,9.058125135521163
Hatillo → Curridabat,Ruta optimizada,11.904017775597007
Hatillo → Curridabat,Ruta optimizada,7.772636179508855
Hatillo → Curridabat,Ruta optimizada,8.781014050569086
Hatillo → Curridabat,Ruta optimizada,9.630887874336276
Hatillo → Curridabat,Ruta optimizada,8.141017592221408
Hatillo → Curridabat,Ruta optimizada,8.527338966719567
Hatillo → Curridabat,Ruta optimizada,9.683783407358467
Hatillo → Curridabat,Ruta optimizada,7.898792680556924
Hatillo → Curridabat,Ruta optimizada,9.00472298048708
Hatillo → Curridabat,Ruta optimizada,8.999594787934099
Hatillo → Curridabat,Ruta optimizada,13.106801450400306
Hatillo → Curridabat,Ruta optimizada,10.172269527383488
Hatillo → Curridabat,Ruta optimizada,7.91397400801332
Hatillo → Curridabat,Ruta optimizada,10.251593147335088
Hatillo → Curridabat,Ruta optimizada,7.805586385186158
Hatillo → Curridabat,Ruta optimizada,9.50177631235541
Hatillo → Curridabat,Ruta optimizada,6.9465770468667705
Hatillo → Curridabat,Ruta optimizada,10.431711619053786
Hatillo → Curridabat,Ruta optimizada,8.466262301183336
Hatillo → Curridabat,Ruta optimizada,7.543943625907132
Hatillo → Curridabat,Ruta optimizada,9.661735025627223
Hatillo → Curridabat,Ruta optimizada,10.647940122976689
Hatillo → Curridabat,Ruta optimizada,9.46098923111309
Hatillo → Curridabat,Ruta optimizada,8.960364473836563
Hatillo → Curridabat,Ruta optimizada,7.101764191218913
Hatillo → Curridabat,Ruta optimizada,10.154983388360403
Hatillo → Curridabat,Ruta optimizada,6.512653040878854
Hatillo → Curridabat,Ruta optimizada,8.523232775983237
Hatillo → Curridabat,Ruta optimizada,11.87586444642601
Hatillo → Curridabat,Ruta optimizada,7.299678749736539
Hatillo → Curridabat,Ruta optimizada,6.95785547261459
Hatillo → Curridabat,Ruta optimizada,8.025091893426325
Hatillo → Curridabat,Ruta optimizada,9.417706444964766
Hatillo → Curridabat,Ruta optimizada,8.501364385453254
Hatillo → Curridabat,Ruta optimizada,10.608467363481395
Hatillo → Curridabat,Ruta optimizada,8.881604275863909
Hatillo → Curridabat,Ruta optimizada,7.701283784495951
Hatillo → Curridabat,Ruta optimizada,9.925538039417132
Hatillo → Curridabat,Ruta optimizada,8.209465528792043
Hatillo → Curridabat,Ruta optimizada,10.292795989622784
Hatillo → Curridabat,Ruta optimizada,10.468905028433394
Hatillo → Curridabat,Ruta optimizada,9.31621681702537
Hatillo → Curridabat,Ruta optimizada,11.051803379785634
Hatillo → Curridabat,Ruta optimizada,7.675141366706122
Hatillo → Curridabat,Ruta optimizada,8.350872798200754
Hatillo → Curridabat,Ruta optimizada,9.090887046840528
Hatillo → Curridabat,Ruta optimizada,7.567641533384863
Hatillo → Curridabat,Ruta optimizada,11.13292518893372
Hatillo → Curridabat,Ruta optimizada,10.569350307445607
Hatillo → Curridabat,Ruta optimizada,9.519342494526954
Hatillo → Curridabat,Ruta optimizada,9.699957658354839
Hatillo → Curridabat,Ruta optimizada,8.926716328927641
Hatillo → Curridabat,Ruta optimizada,7.810512678032474
Hatillo → Curridabat,Ruta optimizada,8.264667712322987
Hatillo → Curridabat,Ruta optimizada,8.608882738392722
Hatillo → Curridabat,Ruta optimizada,9.27028194448404
Hatillo → Curridabat,Ruta optimizada,9.120707824175964
Hatillo → Curridabat,Ruta optimizada,9.31875253170438
Hatillo → Curridabat,Ruta optimizada,7.376671921068194
Hatillo → Curridabat,Ruta optimizada,7.992660426442473
Hatillo → Curridabat,Ruta optimizada,9.147537764914244
Hatillo → Curridabat,Ruta optimizada,10.502859353887708
Hatillo → Curridabat,Ruta optimizada,7.500426873099126
Hatillo → Curridabat,Ruta optimizada,9.35047560077509
Hatillo → Curridabat,Ruta optimizada,10.137101208386255
Hatillo → Curridabat,Ruta optimizada,9.124306419217325
Hatillo → Curridabat,Ruta optimizada,9.077862976749696
Hatillo → Curridabat,Ruta optimizada,8.651784256962362
Hatillo → Curridabat,Ruta optimizada,8.92565449045297
Hatillo → Curridabat,Ruta optimizada,8.515853654381864
Hatillo → Curridabat,Ruta optimizada,7.330311384638586
Hatillo → Curridabat,Ruta optimizada,10.586852398870475
Hatillo → Curridabat,Ruta optimizada,9.225179276990055
Hatillo → Curridabat,Ruta optimizada,8.45778355067209
Hatillo → Curridabat,Ruta optimizada,10.51059929201073
Hatillo → Curridabat,Ruta optimizada,8.214491027959124
Hatillo → Curridabat,Ruta optimizada,9.582184450252575
Hatillo → Curridabat,Ruta optimizada,6.917107110446851
Hatillo → Curridabat,Ruta optimizada,8.450593478924976
Hatillo → Curridabat,Ruta optimizada,10.532805995383253
Hatillo → Curridabat,Ruta optimizada,10.412664902598548
Hatillo → Curridabat,Ruta optimizada,12.312732121855525
Hatillo → Curridabat,Ruta optimizada,11.059818223885717
Hatillo → Curridabat,Ruta optimizada,11.645491824025026
Hatillo → Curridabat,Ruta optimizada,8.148636211455866
Hatillo → Curridabat,Ruta optimizada,7.462470860889368
Hatillo → Curridabat,Ruta optimizada,6.308401245747368
Hatillo → Curridabat,Ruta optimizada,9.157337497428832
Hatillo → Curridabat,Ruta optimizada,8.583848540208352
Hatillo → Curridabat,Ruta optimizada,11.54086622799829
Hatillo → Curridabat,Ruta optimizada,8.948234853764887
Hatillo → Curridabat,Ruta optimizada,11.284139754626949
Hatillo → Curridabat,Ruta optimizada,7.184493333865351
Hatillo → Curridabat,Ruta optimizada,11.728032943646937
Hatillo → Curridabat,Ruta optimizada,9.358415469947376
Hatillo → Curridabat,Ruta optimizada,11.268359080461344
Hatillo → Curridabat,Ruta optimizada,10.711499681349279
Hatillo → Curridabat,Ruta optimizada,7.935836774569724
Hatillo → Curridabat,Ruta optimizada,11.086503751983473
Hatillo → Curridabat,Ruta optimizada,8.59163667224161
Hatillo → Curridabat,Ruta optimizada,9.91403264756159
Hatillo → Curridabat,Ruta optimizada,9.908830460733293
Hatillo → Curridabat,Ruta optimizada,9.106370376832556
Hatillo → Curridabat,Ruta optimizada,8.784760254006168
Hatillo → Curridabat,Ruta optimizada,8.977981695066521
Hatillo → Curridabat,Ruta optimizada,8.976848284979162
Hatillo → Curridabat,Ruta optimizada,6.5071978248046145
Hatillo → Curridabat,Ruta optimizada,10.251156691396936
Hatillo → Curridabat,Ruta optimizada,8.9161599051209
Hatillo → Curridabat,Ruta optimizada,9.088986024631659
Hatillo → Curridabat,Ruta optimizada,8.036825182929963
Hatillo → Curridabat,Ruta optimizada,9.522222532885138
Hatillo → Curridabat,Ruta optimizada,8.272069020224924
Hatillo → Curridabat,Ruta optimizada,11.12358043188131
Hatillo → Curridabat,Ruta optimizada,7.043891173125579
Hatillo → Curridabat,Ruta optimizada,10.534655540885785
Hatillo → Curridabat,Ruta optimizada,7.945472595599882
Hatillo → Curridabat,Ruta optimizada,9.564722551998566
Hatillo → Curridabat,Ruta optimizada,8.590627156978373
Hatillo → Curridabat,Ruta optimizada,7.564378528274252
Hatillo → Curridabat,Ruta optimizada,6.621046107408659
Hatillo → Curridabat,Ruta optimizada,10.258087259820131
Hatillo → Curridabat,Ruta optimizada,6.922993448684056
Hatillo → Curridabat,Ruta optimizada,8.60285321076011
Hatillo → Curridabat,Ruta optimizada,10.744195398653074
Hatillo → Curridabat,Ruta optimizada,11.039737771095231
Hatillo → Curridabat,Ruta optimizada,9.106684168956193
Hatillo → Curridabat,Ruta optimizada,7.34393696238614
Hatillo → Curridabat,Ruta optimizada,8.997046018243216
Hatillo → Curridabat,Ruta optimizada,8.87021638567987
Hatillo → Curridabat,Ruta optimizada,8.153693165225524
Hatillo → Curridabat,Ruta optimizada,10.68748987696809
Hatillo → Curridabat,Ruta optimizada,9.434978055772428
Hatillo → Curridabat,Ruta optimizada,9.207016554645486
Hatillo → Curridabat,Ruta optimizada,9.078392875806989
Hatillo → Curridabat,Ruta optimizada,7.134895479944043
Hatillo → Curridabat,Ruta optimizada,7.897476401375099
Hatillo → Curridabat,Ruta optimizada,7.870962403509514
Hatillo → Curridabat,Ruta optimizada,11.0887729218419
Hatillo → Curridabat,Ruta optimizada,8.945049570137938
Hatillo → Curridabat,Ruta optimizada,9.552474330346612
Hatillo → Curridabat,Ruta optimizada,9.694292139969011
Hatillo → Curridabat,Ruta optimizada,9.662987787997405
Hatillo → Curridabat,Ruta optimizada,11.454272902030034
Hatillo → Curridabat,Ruta optimizada,10.270210868288215
Hatillo → Curridabat,Ruta optimizada,9.201495689898719
Hatillo → Curridabat,Ruta optimizada,9.3089909404688
Hatillo → Curridabat,Ruta optimizada,10.790781680667926
Hatillo → Curridabat,Ruta optimizada,6.922008901001079
Hatillo → Curridabat,Ruta optimizada,11.038438034858554
Hatillo → Curridabat,Ruta optimizada,8.511395794919391
Hatillo → Curridabat,Ruta optimizada,9.52024126977014
Hatillo → Curridabat,Ruta optimizada,8.86457139866126
Hatillo → Curridabat,Ruta optimizada,9.131294620291591
Hatillo → Curridabat,Ruta optimizada,8.883642981267966
Hatillo → Curridabat,Ruta optimizada,5.2123924767779934
Hatillo → Curridabat,Ruta optimizada,7.712350860563621
Hatillo → Curridabat,Ruta optimizada,8.199517139922083
Hatillo → Curridabat,Ruta optimizada,7.117233838416126
Hatillo → Curridabat,Ruta optimizada,6.62296394264282
Hatillo → Curridabat,Ruta optimizada,9.588876434662655
Hatillo → Curridabat,Ruta optimizada,7.745428930780165
Hatillo → Curridabat,Ruta optimizada,9.106814899248945
Hatillo → Curridabat,Ruta optimizada,10.474600592269626
Hatillo → Curridabat,Ruta optimizada,7.43385061908345
Hatillo → Curridabat,Ruta optimizada,8.623114935268074
Hatillo → Curridabat,Ruta optimizada,10.772255721515219
Hatillo → Curridabat,Ruta optimizada,8.499889967787869
Hatillo → Curridabat,Ruta optimizada,8.52590884595432
Hatillo → Curridabat,Ruta optimizada,6.546489600592952
Hatillo → Curridabat,Ruta optimizada,10.845828498114676
Hatillo → Curridabat,Ruta optimizada,8.526544076621825
Hatillo → Curridabat,Ruta optimizada,7.174071105936802
Hatillo → Curridabat,Ruta optimizada,10.275758631858537
Hatillo → Curridabat,Ruta optimizada,8.287794695397263
Hatillo → Curridabat,Ruta optimizada,8.641649363680697
Hatillo → Curridabat,Ruta optimizada,8.023422975167016
Hatillo → Curridabat,Ruta optimizada,10.30635879337855
Hatillo → Curridabat,Ruta optimizada,9.385569815957362
Hatillo → Curridabat,Ruta optimizada,8.21515069235187
Hatillo → Curridabat,Ruta optimizada,8.79458348772648
Hatillo → Curridabat,Ruta optimizada,11.70388205094624
Hatillo → Curridabat,Ruta optimizada,9.243478803766505
Hatillo → Curridabat,Ruta optimizada,8.499991347532212
Hatillo → Curridabat,Ruta optimizada,10.509640064239866
Hatillo → Curridabat,Ruta optimizada,8.231150410945526
Hatillo → Curridabat,Ruta optimizada,8.841984903661684
Hatillo → Curridabat,Ruta optimizada,7.6258629149780015
Hatillo → Curridabat,Ruta optimizada,7.612862402450816
Hatillo → Curridabat,Ruta optimizada,8.325997374927182
Hatillo → Curridabat,Ruta optimizada,9.680068484461703
Hatillo → Curridabat,Ruta optimizada,10.345346924109462
Hatillo → Curridabat,Ruta optimizada,8.060289337831787
Hatillo → Curridabat,Ruta optimizada,9.8688132560227
Hatillo → Curridabat,Ruta optimizada,8.823923198243543
Hatillo → Curridabat,Ruta optimizada,10.018160405617435
Hatillo → Curridabat,Ruta optimizada,7.629266688778087
Hatillo → Curridabat,Ruta optimizada,9.634425896888807
Hatillo → Curridabat,Ruta optimizada,8.668085807488843
Hatillo → Curridabat,Ruta optimizada,9.227904558359107
Hatillo → Curridabat,Ruta optimizada,12.959833587617851
Hatillo → Curridabat,Ruta optimizada,9.44323331110173
Hatillo → Curridabat,Ruta optimizada,11.221700621588191
Hatillo → Curridabat,Ruta optimizada,10.077588600713936
Hatillo → Curridabat,Ruta optimizada,6.88429141695198
Hatillo → Curridabat,Ruta optimizada,9.250396745730805
Hatillo → Curridabat,Ruta optimizada,10.460742334920162
Hatillo → Curridabat,Ruta optimizada,7.1483892103292055
Hatillo → Curridabat,Ruta optimizada,7.685640414213412
Hatillo → Curridabat,Ruta optimizada,15.29619688633107
Hatillo → Curridabat,Ruta optimizada,9.266397670489008
Hatillo → Curridabat,Ruta optimizada,8.416611422392211
Hatillo → Curridabat,Ruta optimizada,9.000622585536004
Hatillo → Curridabat,Ruta optimizada,7.829222455482637
Hatillo → Curridabat,Ruta optimizada,8.89824515604426
Hatillo → Curridabat,Ruta optimizada,9.230777759574497
Hatillo → Curridabat,Ruta optimizada,8.413070786363544
Hatillo → Curridabat,Ruta optimizada,11.093508502856455
Hatillo → Curridabat,Ruta optimizada,11.215772704946998
Hatillo → Curridabat,Ruta optimizada,10.586091722956262
Hatillo → Curridabat,Ruta optimizada,7.7895791926899065
Hatillo → Curridabat,Ruta optimizada,8.453510138543953
Hatillo → Curridabat,Ruta optimizada,7.334768280684168
Hatillo → Curridabat,Ruta optimizada,9.410131330180993
Hatillo → Curridabat,Ruta optimizada,8.488563209967586
Hatillo → Curridabat,Ruta optimizada,8.539112068688976
Hatillo → Curridabat,Ruta optimizada,8.06352121938602
Hatillo → Curridabat,Ruta optimizada,9.111314987690319
Hatillo → Curridabat,Ruta optimizada,8.914163313025274
Hatillo → Curridabat,Ruta optimizada,7.754664165101533
Hatillo → Curridabat,Ruta optimizada,11.128371556624455
Hatillo → Curridabat,Ruta optimizada,9.852011288127008
Hatillo → Curridabat,Ruta optimizada,7.0208469200913095
Hatillo → Curridabat,Ruta optimizada,10.388067060796226
Hatillo → Curridabat,Ruta optimizada,8.00672768885016
Hatillo → Curridabat,Ruta optimizada,11.82646877786318
Hatillo → Curridabat,Ruta optimizada,10.782623735312413
Hatillo → Curridabat,Ruta optimizada,9.575848371189101
Hatillo → Curridabat,Ruta optimizada,13.160652577191696
Hatillo → Curridabat,Ruta optimizada,7.759801801393191
Hatillo → Curridabat,Ruta optimizada,9.465228203634588
Hatillo → Curridabat,Ruta optimizada,8.746900153875941
Hatillo → Curridabat,Ruta optimizada,7.679129426693642
Hatillo → Curridabat,Ruta optimizada,7.603887197520808
Hatillo → Curridabat,Ruta optimizada,10.75735343172372
Hatillo → Curridabat,Ruta optimizada,8.289026176101565
Hatillo → Curridabat,Ruta optimizada,7.638148056106208
Hatillo → Curridabat,Ruta optimizada,8.190089535462116
Hatillo → Curridabat,Ruta optimizada,14.987249777778501
Hatillo → Curridabat,Ruta optimizada,9.148161501724484
Hatillo → Curridabat,Ruta optimizada,8.20189160735123
Hatillo → Curridabat,Ruta optimizada,8.689056027396248
Hatillo → Curridabat,Ruta optimizada,10.974880843101612
Hatillo → Curridabat,Ruta optimizada,8.18690057215801
Hatillo → Curridabat,Ruta optimizada,8.91558298886477
Hatillo → Curridabat,Ruta optimizada,8.831309132369515
Hatillo → Curridabat,Ruta optimizada,8.176371059466392
Hatillo → Curridabat,Ruta optimizada,8.514560951778789
Hatillo → Curridabat,Ruta optimizada,10.693597010688425
Hatillo → Curridabat,Ruta optimizada,8.651640157881772
Hatillo → Curridabat,Ruta optimizada,8.84596804975815
Hatillo → Curridabat,Ruta optimizada,5.721518191099356
Hatillo → Curridabat,Ruta optimizada,9.83206324087628
Hatillo → Curridabat,Ruta optimizada,10.386894853238525
Hatillo → Curridabat,Ruta optimizada,7.983291883810887
Hatillo → Curridabat,Ruta optimizada,9.272410675585112
Hatillo → Curridabat,Ruta optimizada,7.283456752930504
Hatillo → Curridabat,Ruta optimizada,9.113608802137295
Hatillo → Curridabat,Ruta optimizada,9.40977182684671
Hatillo → Curridabat,Ruta optimizada,6.590547774370156
Hatillo → Curridabat,Ruta optimizada,10.37105148771396
Hatillo → Curridabat,Ruta optimizada,10.705057467409116
Hatillo → Curridabat,Ruta optimizada,8.930362927082948
Hatillo → Curridabat,Ruta optimizada,7.8800676863067185
Hatillo → Curridabat,Ruta optimizada,9.192329601665335
Hatillo → Curridabat,Ruta optimizada,9.123604572832871
Hatillo → Curridabat,Ruta optimizada,10.376360548126389
Hatillo → Curridabat,Ruta optimizada,8.822238776424982
Hatillo → Curridabat,Ruta optimizada,8.945342306456455
Hatillo → Curridabat,Ruta optimizada,10.52853830083544
Hatillo → Curridabat,Ruta optimizada,10.10670621451416
Hatillo → Curridabat,Ruta optimizada,9.046921222733726
Hatillo → Curridabat,Ruta optimizada,8.188299473705957
Hatillo → Curridabat,Ruta optimizada,7.826201827059356
Hatillo → Curridabat,Ruta optimizada,8.126719740513005
Hatillo → Curridabat,Ruta optimizada,8.118012542432767
Hatillo → Curridabat,Ruta optimizada,8.596354961117296
Hatillo → Curridabat,Ruta optimizada,10.577445166471144
Hatillo → Curridabat,Ruta optimizada,8.775192630501296
Hatillo → Curridabat,Ruta optimizada,8.847875432473318
Hatillo → Curridabat,Ruta optimizada,6.372027236715129
Hatillo → Curridabat,Ruta optimizada,10.437332144888636
Hatillo → Curridabat,Ruta optimizada,8.619630031752308
Hatillo → Curridabat,Ruta optimizada,9.493306120283311
Hatillo → Curridabat,Ruta optimizada,9.451475379484073
Hatillo → Curridabat,Ruta optimizada,8.109470995006959
Hatillo → Curridabat,Ruta optimizada,9.799223105576058
Hatillo → Curridabat,Ruta optimizada,6.9525172586182045
Hatillo → Curridabat,Ruta optimizada,7.93172980895888
Hatillo → Curridabat,Ruta optimizada,11.110280347804773
Hatillo → Curridabat,Ruta optimizada,7.740062811217747
Hatillo → Curridabat,Ruta optimizada,10.041359302634788
Hatillo → Curridabat,Ruta optimizada,8.975742107739967
Hatillo → Curridabat,Ruta optimizada,7.944353319239551
Hatillo → Curridabat,Ruta optimizada,11.22829566605576
Hatillo → Curridabat,Ruta optimizada,9.02018796671818
Hatillo → Curridabat,Ruta optimizada,10.276127396241092
Hatillo → Curridabat,Ruta optimizada,12.234342231205257
Hatillo → Curridabat,Ruta optimizada,7.117224587253302
Hatillo → Curridabat,Ruta optimizada,9.013091069924334
Hatillo → Curridabat,Ruta optimizada,10.289671771882023
Hatillo → Curridabat,Ruta optimizada,9.200801486010137
Hatillo → Curridabat,Ruta optimizada,10.985407512560997
Hatillo → Curridabat,Ruta optimizada,10.122625954789
Hatillo → Curridabat,Ruta optimizada,8.906861829007036
Hatillo → Curridabat,Ruta optimizada,9.6900453659248
Hatillo → Curridabat,Ruta optimizada,7.915123872538066
Hatillo → Curridabat,Ruta optimizada,7.147248426757061
Hatillo → Curridabat,Ruta optimizada,7.082070601411071
Hatillo → Curridabat,Ruta optimizada,9.124812964487782
Hatillo → Curridabat,Ruta optimizada,7.66558996985012
Hatillo → Curridabat,Ruta optimizada,11.023062114429802
Hatillo → Curridabat,Ruta optimizada,7.421383517727364
Hatillo → Curridabat,Ruta optimizada,6.904326215190434
Hatillo → Curridabat,Ruta optimizada,6.174305432791715
Hatillo → Curridabat,Ruta optimizada,11.619697076354575
Hatillo → Curridabat,Ruta optimizada,8.897247558199304
Hatillo → Curridabat,Ruta optimizada,9.507604004170776
Hatillo → Curridabat,Ruta optimizada,7.332501886000891
Hatillo → Curridabat,Ruta optimizada,10.786097913814503
Hatillo → Curridabat,Ruta optimizada,7.352635685445015
Hatillo → Curridabat,Ruta optimizada,9.179990495955533
Hatillo → Curridabat,Ruta optimizada,8.582754762987646
Hatillo → Curridabat,Ruta optimizada,10.378125516978509
Hatillo → Curridabat,Ruta optimizada,7.163936398557733
Hatillo → Curridabat,Ruta optimizada,8.410533937408628
Hatillo → Curridabat,Ruta optimizada,8.373748662675466
Hatillo → Curridabat,Ruta optimizada,8.487586172395355
Hatillo → Curridabat,Ruta optimizada,8.875825342293039
Hatillo → Curridabat,Ruta optimizada,9.924209808305497
Hatillo → Curridabat,Ruta optimizada,10.018679848499907
Hatillo → Curridabat,Ruta optimizada,8.833697187958983
Hatillo → Curridabat,Ruta optimizada,8.648480663397775
Hatillo → Curridabat,Ruta optimizada,9.134087643699484
Hatillo → Curridabat,Ruta optimizada,9.14481424812092
Hatillo → Curridabat,Ruta optimizada,8.484921589966962
Hatillo → Curridabat,Ruta optimizada,9.580184018737562
Hatillo → Curridabat,Ruta optimizada,9.305699323633236
Hatillo → Curridabat,Ruta optimizada,10.264536215580511
Hatillo → Curridabat,Ruta optimizada,7.9871196867417025
Hatillo → Curridabat,Ruta optimizada,9.233404647406852
Hatillo → Curridabat,Ruta optimizada,8.378291262587402
Hatillo → Curridabat,Ruta optimizada,6.7815124049981925
Hatillo → Curridabat,Ruta optimizada,7.993136087575818
Hatillo → Curridabat,Ruta optimizada,9.26249781159905
Hatillo → Curridabat,Ruta optimizada,8.54556465080491
Hatillo → Curridabat,Ruta optimizada,7.829805761806288
Hatillo → Curridabat,Ruta optimizada,10.146648094650429
Hatillo → Curridabat,Ruta optimizada,10.910817577956854
Hatillo → Curridabat,Ruta optimizada,10.025928247901449
Hatillo → Curridabat,Ruta optimizada,10.073445720737318
Hatillo → Curridabat,Ruta optimizada,7.19363190765284
Hatillo → Curridabat,Ruta optimizada,9.235591242922437
Hatillo → Curridabat,Ruta optimizada,10.797911427165273
Hatillo → Curridabat,Ruta optimizada,11.069781175731203
Hatillo → Curridabat,Ruta optimizada,8.878421924464268
Hatillo → Curridabat,Ruta optimizada,11.129038468204216
Hatillo → Curridabat,Ruta optimizada,8.348006412908461
Hatillo → Curridabat,Ruta optimizada,8.619347492253759
Hatillo → Curridabat,Ruta optimizada,9.189995313007053
Hatillo → Curridabat,Ruta optimizada,10.174539832652828
Hatillo → Curridabat,Ruta optimizada,7.829556359502731
Hatillo → Curridabat,Ruta optimizada,9.104918343521451
Hatillo → Curridabat,Ruta optimizada,10.363984452521711
Hatillo → Curridabat,Ruta optimizada,8.07874298914528
Hatillo → Curridabat,Ruta optimizada,8.895282693402946
Hatillo → Curridabat,Ruta optimizada,9.249176278564926
Hatillo → Curridabat,Ruta optimizada,10.268697225890461
Hatillo → Curridabat,Ruta optimizada,8.810796138842294
Hatillo → Curridabat,Ruta optimizada,9.007035614328291
Hatillo → Curridabat,Ruta optimizada,10.849165074109646
Hatillo → Curridabat,Ruta optimizada,8.293532491905202
Hatillo → Curridabat,Ruta optimizada,8.0510340115705
Hatillo → Curridabat,Ruta optimizada,6.993894347240216
Hatillo → Curridabat,Ruta optimizada,10.616373235846783
Hatillo → Curridabat,Ruta optimizada,8.173745149267976
Hatillo → Curridabat,Ruta optimizada,8.00617113875832
Hatillo → Curridabat,Ruta optimizada,6.516579604509064
Hatillo → Curridabat,Ruta optimizada,8.388965754324236
Hatillo → Curridabat,Ruta optimizada,7.607522302384129
Hatillo → Curridabat,Ruta optimizada,8.455110820827173
Hatillo → Curridabat,Ruta optimizada,8.312970593560072
Hatillo → Curridabat,Ruta optimizada,8.985642435751283
Hatillo → Curridabat,Ruta optimizada,11.320152403557636
Hatillo → Curridabat,Ruta optimizada,7.650287275529967
Hatillo → Curridabat,Ruta optimizada,8.885324185773452
Hatillo → Curridabat,Ruta optimizada,8.072894294595105
Hatillo → Curridabat,Ruta optimizada,8.399514837079206
Hatillo → Curridabat,Ruta optimizada,8.94769931944406
Hatillo → Curridabat,Ruta optimizada,10.175908167244875
Hatillo → Curridabat,Ruta optimizada,9.066388493069843
Hatillo → Curridabat,Ruta optimizada,9.022521255603257
Hatillo → Curridabat,Ruta optimizada,9.951286958323237
Hatillo → Curridabat,Ruta optimizada,8.822645395398299
Hatillo → Curridabat,Ruta optimizada,8.345059641204427
Hatillo → Curridabat,Ruta optimizada,8.842866503411459
Hatillo → Curridabat,Ruta optimizada,8.831499567103252
Hatillo → Curridabat,Ruta optimizada,7.235303308197718
Hatillo → Curridabat,Ruta optimizada,10.098523824259136
Hatillo → Curridabat,Ruta optimizada,9.349806080273586
Hatillo → Curridabat,Ruta optimizada,10.19321280054675
Hatillo → Curridabat,Ruta optimizada,9.57233781969687
Hatillo → Curridabat,Ruta optimizada,7.4483366422328965
Hatillo → Curridabat,Ruta optimizada,8.37660990524362
Hatillo → Curridabat,Ruta optimizada,9.0198376292434
Hatillo → Curridabat,Ruta optimizada,7.794690667500716
Hatillo → Curridabat,Ruta optimizada,10.5457087944834
Hatillo → Curridabat,Ruta optimizada,7.352818629212793
Hatillo → Curridabat,Ruta optimizada,11.12560883589502
Hatillo → Curridabat,Ruta optimizada,9.553177154434627
Hatillo → Curridabat,Ruta optimizada,10.209851724257414
Hatillo → Curridabat,Ruta optimizada,7.56956224424189
Hatillo → Curridabat,Ruta base,15.930447209269685
Hatillo → Curridabat,Ruta base,12.706631923178954
Hatillo → Curridabat,Ruta base,12.880057962576972
Hatillo → Curridabat,Ruta base,14.741216104943916
Hatillo → Curridabat,Ruta base,13.789742181583584
Hatillo → Curridabat,Ruta base,13.642391837601211
Hatillo → Curridabat,Ruta base,12.1058669062026
Hatillo → Curridabat,Ruta base,10.610606906638305
Hatillo → Curridabat,Ruta base,13.090491264349565
Hatillo → Curridabat,Ruta base,11.373924339102759
Hatillo → Curridabat,Ruta base,13.99026388605318
Hatillo → Curridabat,Ruta base,12.411088030401526
Hatillo → Curridabat,Ruta base,11.139790781983185
Hatillo → Curridabat,Ruta base,13.011397129372462
Hatillo → Curridabat,Ruta base,13.88163998810854
Hatillo → Curridabat,Ruta base,12.536307774337862
Hatillo → Curridabat,Ruta base,10.667623401382267
Hatillo → Curridabat,Ruta base,12.8657427441224
Hatillo → Curridabat,Ruta base,12.960667482288803
Hatillo → Curridabat,Ruta base,13.520090451827372
Hatillo → Curridabat,Ruta base,13.643741680572292
Hatillo → Curridabat,Ruta base,10.816428560832675
Hatillo → Curridabat,Ruta base,11.619777795879333
Hatillo → Curridabat,Ruta base,13.47181017147318
Hatillo → Curridabat,Ruta base,9.608699189896281
Hatillo → Curridabat,Ruta base,14.061998860593814
Hatillo → Curridabat,Ruta base,10.787071060521743
Hatillo → Curridabat,Ruta base,11.659110821677485
Hatillo → Curridabat,Ruta base,15.112924006881949
Hatillo → Curridabat,Ruta base,11.97797231586262
Hatillo → Curridabat,Ruta base,11.938099989434944
Hatillo → Curridabat,Ruta base,13.217925729796905
Hatillo → Curridabat,Ruta base,11.910281677105216
Hatillo → Curridabat,Ruta base,11.229752030204134
Hatillo → Curridabat,Ruta base,12.597657378525486
Hatillo → Curridabat,Ruta base,16.683944666340963
Hatillo → Curridabat,Ruta base,14.000886868484422
Hatillo → Curridabat,Ruta base,13.220014351793646
Hatillo → Curridabat,Ruta base,12.946450872330969
Hatillo → Curridabat,Ruta base,13.246283157181397
Hatillo → Curridabat,Ruta base,13.864740269444283
Hatillo → Curridabat,Ruta base,11.171348849913464
Hatillo → Curridabat,Ruta base,13.203734402145335
Hatillo → Curridabat,Ruta base,12.16446117693081
Hatillo → Curridabat,Ruta base,15.835715097626073
Hatillo → Curridabat,Ruta base,11.993184585694536
Hatillo → Curridabat,Ruta base,15.222966330102475
Hatillo → Curridabat,Ruta base,10.207461653998811
Hatillo → Curridabat,Ruta base,12.945662894425771
Hatillo → Curridabat,Ruta base,11.507674250349325
Hatillo → Curridabat,Ruta base,10.463344701244667
Hatillo → Curridabat,Ruta base,13.77043921153605
Hatillo → Curridabat,Ruta base,10.743430445995092
Hatillo → Curridabat,Ruta base,12.040687363037716
Hatillo → Curridabat,Ruta base,10.67535459932598
Hatillo → Curridabat,Ruta base,13.048663571477018
Hatillo → Curridabat,Ruta base,12.763867982223758
Hatillo → Curridabat,Ruta base,8.69181551979216
Hatillo → Curridabat,Ruta base,13.458619257005735
Hatillo → Curridabat,Ruta base,11.38455231937261
Hatillo → Curridabat,Ruta base,16.700697470943727
Hatillo → Curridabat,Ruta base,14.276755419605351
Hatillo → Curridabat,Ruta base,14.876198622903528
Hatillo → Curridabat,Ruta base,8.679963973899651
Hatillo → Curridabat,Ruta base,15.787895076833438
Hatillo → Curridabat,Ruta base,12.266345362856782
Hatillo → Curridabat,Ruta base,10.112164162008005
Hatillo → Curridabat,Ruta base,12.6504880441212
Hatillo → Curridabat,Ruta base,14.985004881645022
Hatillo → Curridabat,Ruta base,10.173187391069096
Hatillo → Curridabat,Ruta base,14.33863816208383
Hatillo → Curridabat,Ruta base,11.564011563764328
Hatillo → Curridabat,Ruta base,11.440836870898483
Hatillo → Curridabat,Ruta base,11.323724677020385
Hatillo → Curridabat,Ruta base,10.895855315138036
Hatillo → Curridabat,Ruta base,12.977443198596886
Hatillo → Curridabat,Ruta base,13.00123778063409
Hatillo → Curridabat,Ruta base,14.119370992558727
Hatillo → Curridabat,Ruta base,15.23320677219405
Hatillo → Curridabat,Ruta base,11.387531622504323
Hatillo → Curridabat,Ruta base,14.694153744580705
Hatillo → Curridabat,Ruta base,10.664396882709264
Hatillo → Curridabat,Ruta base,13.455166090033535
Hatillo → Curridabat,Ruta base,10.564904152695188
Hatillo → Curridabat,Ruta base,11.534939825496963
Hatillo → Curridabat,Ruta base,13.147993336952606
Hatillo → Curridabat,Ruta base,11.482925626894161
Hatillo → Curridabat,Ruta base,13.655255651795475
Hatillo → Curridabat,Ruta base,10.126478843935978
Hatillo → Curridabat,Ruta base,10.906590340007849
Hatillo → Curridabat,Ruta base,12.935198500652902
Hatillo → Curridabat,Ruta base,15.123513857624864
Hatillo → Curridabat,Ruta base,10.386550950689012
Hatillo → Curridabat,Ruta base,15.526059560689141
Hatillo → Curridabat,Ruta base,12.923215206589331
Hatillo → Curridabat,Ruta base,16.369877092479907
Hatillo → Curridabat,Ruta base,11.858959203833232
Hatillo → Curridabat,Ruta base,11.41771072103532
Hatillo → Curridabat,Ruta base,12.617549915527738
Hatillo → Curridabat,Ruta base,10.821520529459189
Hatillo → Curridabat,Ruta base,12.409923966577114
Hatillo → Curridabat,Ruta base,12.333759216312188
Hatillo → Curridabat,Ruta base,14.946648748809519
Hatillo → Curridabat,Ruta base,12.686135447036131
Hatillo → Curridabat,Ruta base,10.309499177211688
Hatillo → Curridabat,Ruta base,10.376634342354334
Hatillo → Curridabat,Ruta base,10.336843566070467
Hatillo → Curridabat,Ruta base,9.16487159758328
Hatillo → Curridabat,Ruta base,9.261460648207944
Hatillo → Curridabat,Ruta base,17.460744474569857
Hatillo → Curridabat,Ruta base,10.923526964872147
Hatillo → Curridabat,Ruta base,14.930191783078829
Hatillo → Curridabat,Ruta base,10.998517718359963
Hatillo → Curridabat,Ruta base,12.198432524566975
Hatillo → Curridabat,Ruta base,9.740423153882183
Hatillo → Curridabat,Ruta base,14.538974724716073
Hatillo → Curridabat,Ruta base,11.757320640213786
Hatillo → Curridabat,Ruta base,15.53258763499443
Hatillo → Curridabat,Ruta base,11.380609887408488
Hatillo → Curridabat,Ruta base,15.174234934863586
Hatillo → Curridabat,Ruta base,15.095414182814189
Hatillo → Curridabat,Ruta base,9.785792828638431
Hatillo → Curridabat,Ruta base,13.198285579140741
Hatillo → Curridabat,Ruta base,10.500815343831894
Hatillo → Curridabat,Ruta base,10.192747674637431
Hatillo → Curridabat,Ruta base,12.44182738821656
Hatillo → Curridabat,Ruta base,14.24325305415005
Hatillo → Curridabat,Ruta base,15.032087569250633
Hatillo → Curridabat,Ruta base,12.105554335231126
Hatillo → Curridabat,Ruta base,14.39219042863553
Hatillo → Curridabat,Ruta base,13.675984135655995
Hatillo → Curridabat,Ruta base,12.38270326302384
Hatillo → Curridabat,Ruta base,10.661333887238357
Hatillo → Curridabat,Ruta base,12.365744594058137
Hatillo → Curridabat,Ruta base,20.990244583477782
Hatillo → Curridabat,Ruta base,11.001712835322596
Hatillo → Curridabat,Ruta base,11.66682066413122
Hatillo → Curridabat,Ruta base,10.506067291937045
Hatillo → Curridabat,Ruta base,15.123700595746572
Hatillo → Curridabat,Ruta base,16.04633643253233
Hatillo → Curridabat,Ruta base,15.08498328041452
Hatillo → Curridabat,Ruta base,16.22279377309385
Hatillo → Curridabat,Ruta base,12.045277332741557
Hatillo → Curridabat,Ruta base,16.233652436124558
Hatillo → Curridabat,Ruta base,11.030775573024421
Hatillo → Curridabat,Ruta base,15.377753013948265
Hatillo → Curridabat,Ruta base,15.529015340488682
Hatillo → Curridabat,Ruta base,11.200896578332923
Hatillo → Curridabat,Ruta base,14.098740587824548
Hatillo → Curridabat,Ruta base,10.69651299010702
Hatillo → Curridabat,Ruta base,10.00828329730487
Hatillo → Curridabat,Ruta base,10.017971606245055
Hatillo → Curridabat,Ruta base,10.579576220510793
Hatillo → Curridabat,Ruta base,10.459543030634158
Hatillo → Curridabat,Ruta base,12.351813764054944
Hatillo → Curridabat,Ruta base,16.105855814870175
Hatillo → Curridabat,Ruta base,12.18174263085353
Hatillo → Curridabat,Ruta base,10.881222788167072
Hatillo → Curridabat,Ruta base,13.070346136416724
Hatillo → Curridabat,Ruta base,11.983369511023719
Hatillo → Curridabat,Ruta base,12.137763870097778
Hatillo → Curridabat,Ruta base,12.911800158176938
Hatillo → Curridabat,Ruta base,13.162006799248779
Hatillo → Curridabat,Ruta base,11.124565880589977
Hatillo → Curridabat,Ruta base,11.325741549294456
Hatillo → Curridabat,Ruta base,14.121118710568046
Hatillo → Curridabat,Ruta base,11.612724880313118
Hatillo → Curridabat,Ruta base,11.871918459460927
Hatillo → Curridabat,Ruta base,13.172124587594361
Hatillo → Curridabat,Ruta base,12.6126718530564
Hatillo → Curridabat,Ruta base,11.38259003978522
Hatillo → Curridabat,Ruta base,13.212579221648204
Hatillo → Curridabat,Ruta base,12.12957380451787
Hatillo → Curridabat,Ruta base,10.032099060702592
Hatillo → Curridabat,Ruta base,13.297807302594393
Hatillo → Curridabat,Ruta base,10.959220850918907
Hatillo → Curridabat,Ruta base,20.111689404243897
Hatillo → Curridabat,Ruta base,12.74012572424285
Hatillo → Curridabat,Ruta base,11.63572155680808
Hatillo → Curridabat,Ruta base,14.200898494072971
Hatillo → Curridabat,Ruta base,15.640710511342627
Hatillo → Curridabat,Ruta base,15.574924242273553
Hatillo → Curridabat,Ruta base,12.708584506170144
Hatillo → Curridabat,Ruta base,14.397583530113994
Hatillo → Curridabat,Ruta base,13.58707607027593
Hatillo → Curridabat,Ruta base,12.567403522019557
Hatillo → Curridabat,Ruta base,9.738188529614954
Hatillo → Curridabat,Ruta base,12.66136801822369
Hatillo → Curridabat,Ruta base,8.07762579133933
Hatillo → Curridabat,Ruta base,10.883810538758226
Hatillo → Curridabat,Ruta base,15.070270902940836
Hatillo → Curridabat,Ruta base,12.510152853594498
Hatillo → Curridabat,Ruta base,12.192897773509822
Hatillo → Curridabat,Ruta base,10.810116256545392
Hatillo → Curridabat,Ruta base,10.704554992292213
Hatillo → Curridabat,Ruta base,10.973914603310737
Hatillo → Curridabat,Ruta base,9.816821335238712
Hatillo → Curridabat,Ruta base,8.667282986354659
Hatillo → Curridabat,Ruta base,14.015072624162197
Hatillo → Curridabat,Ruta base,15.833524090036512
Hatillo → Curridabat,Ruta base,11.420872729299884
Hatillo → Curridabat,Ruta base,13.181905910680792
Hatillo → Curridabat,Ruta base,10.081868964034848
Hatillo → Curridabat,Ruta base,13.21159135205141
Hatillo → Curridabat,Ruta base,9.763618881309776
Hatillo → Curridabat,Ruta base,14.68556660883529
Hatillo → Curridabat,Ruta base,12.321907611736721
Hatillo → Curridabat,Ruta base,10.22863790312966
Hatillo → Curridabat,Ruta base,13.587110591626137
Hatillo → Curridabat,Ruta base,15.42998993648374
Hatillo → Curridabat,Ruta base,12.223194091898849
Hatillo → Curridabat,Ruta base,12.411339060640316
Hatillo → Curridabat,Ruta base,12.257556161680611
Hatillo → Curridabat,Ruta base,12.75988349480412
Hatillo → Curridabat,Ruta base,14.762274500190875
Hatillo → Curridabat,Ruta base,14.850864533450174
Hatillo → Curridabat,Ruta base,8.912142533917011
Hatillo → Curridabat,Ruta base,14.440122531173053
Hatillo → Curridabat,Ruta base,11.833155581549166
Hatillo → Curridabat,Ruta base,16.02931362148969
Hatillo → Curridabat,Ruta base,13.046072800648904
Hatillo → Curridabat,Ruta base,14.05358090473042
Hatillo → Curridabat,Ruta base,11.467886834841906
Hatillo → Curridabat,Ruta base,10.455819856910866
Hatillo → Curridabat,Ruta base,12.959084793882575
Hatillo → Curridabat,Ruta base,14.44073323202671
Hatillo → Curridabat,Ruta base,13.89912428098778
Hatillo → Curridabat,Ruta base,13.971623578746039
Hatillo → Curridabat,Ruta base,12.73320469991859
Hatillo → Curridabat,Ruta base,13.857644170439087
Hatillo → Curridabat,Ruta base,10.823097509542613
Hatillo → Curridabat,Ruta base,11.932275571292605
Hatillo → Curridabat,Ruta base,9.567930467936408
Hatillo → Curridabat,Ruta base,12.7914750135819
Hatillo → Curridabat,Ruta base,11.471242150925617
Hatillo → Curridabat,Ruta base,12.338332312770188
Hatillo → Curridabat,Ruta base,14.69483354293418
Hatillo → Curridabat,Ruta base,11.913393893001802
Hatillo → Curridabat,Ruta base,7.731363674628511
Hatillo → Curridabat,Ruta base,15.614797866618217
Hatillo → Curridabat,Ruta base,12.634301836879144
Hatillo → Curridabat,Ruta base,13.78688658859369
Hatillo → Curridabat,Ruta base,10.573575598335417
Hatillo → Curridabat,Ruta base,14.004852018679268
Hatillo → Curridabat,Ruta base,15.481792043788516
Hatillo → Curridabat,Ruta base,9.863082108280622
Hatillo → Curridabat,Ruta base,14.879048281265707
Hatillo → Curridabat,Ruta base,10.656339262391166
Hatillo → Curridabat,Ruta base,11.187574200865283
Hatillo → Curridabat,Ruta base,12.16831187213972
Hatillo → Curridabat,Ruta base,16.67759868183059
Hatillo → Curridabat,Ruta base,9.309745489307788
Hatillo → Curridabat,Ruta base,10.677336443572248
Hatillo → Curridabat,Ruta base,12.620172583470193
Hatillo → Curridabat,Ruta base,13.20600288227975
Hatillo → Curridabat,Ruta base,12.220617187665521
Hatillo → Curridabat,Ruta base,13.141595472503507
Hatillo → Curridabat,Ruta base,10.441373740256967
Hatillo → Curridabat,Ruta base,13.373909197075992
Hatillo → Curridabat,Ruta base,14.650381640362497
Hatillo → Curridabat,Ruta base,10.336454129161597
Hatillo → Curridabat,Ruta base,10.958883675721552
Hatillo → Curridabat,Ruta base,13.07577386779937
Hatillo → Curridabat,Ruta base,12.877698689190648
Hatillo → Curridabat,Ruta base,13.491514347736452
Hatillo → Curridabat,Ruta base,10.30157012904977
Hatillo → Curridabat,Ruta base,11.585930347143456
Hatillo → Curridabat,Ruta base,11.452123475863685
Hatillo → Curridabat,Ruta base,15.124338990290468
Hatillo → Curridabat,Ruta base,12.122781263087345
Hatillo → Curridabat,Ruta base,11.42303974521471
Hatillo → Curridabat,Ruta base,10.82475509919753
Hatillo → Curridabat,Ruta base,12.331069336667428
Hatillo → Curridabat,Ruta base,14.35101102106644
Hatillo → Curridabat,Ruta base,9.820069775879398
Hatillo → Curridabat,Ruta base,12.47345276521662
Hatillo → Curridabat,Ruta base,13.087855921462133
Hatillo → Curridabat,Ruta base,16.683247030187864
Hatillo → Curridabat,Ruta base,13.67732651579366
Hatillo → Curridabat,Ruta base,15.330272158911598
Hatillo → Curridabat,Ruta base,11.971479441748885
Hatillo → Curridabat,Ruta base,9.965228204299205
Hatillo → Curridabat,Ruta base,9.920383023548073
Hatillo → Curridabat,Ruta base,10.779884801259374
Hatillo → Curridabat,Ruta base,12.502013553910936
Hatillo → Curridabat,Ruta base,11.723173021940605
Hatillo → Curridabat,Ruta base,11.279058607539515
Hatillo → Curridabat,Ruta base,16.30141157696232
Hatillo → Curridabat,Ruta base,8.312157246829992
Hatillo → Curridabat,Ruta base,10.340765785316519
Hatillo → Curridabat,Ruta base,17.569927510566412
Hatillo → Curridabat,Ruta base,12.688756683832795
Hatillo → Curridabat,Ruta base,10.91864866489699
Hatillo → Curridabat,Ruta base,10.069166200206258
Hatillo → Curridabat,Ruta base,13.694545121260587
Hatillo → Curridabat,Ruta base,13.601882347894406
Hatillo → Curridabat,Ruta base,14.006309796100163
Hatillo → Curridabat,Ruta base,10.398033418086035
Hatillo → Curridabat,Ruta base,12.93012595726067
Hatillo → Curridabat,Ruta base,11.988853714723158
Hatillo → Curridabat,Ruta base,13.632229621105903
Hatillo → Curridabat,Ruta base,9.324785422985114
Hatillo → Curridabat,Ruta base,13.639517324253802
Hatillo → Curridabat,Ruta base,15.750086270542374
Hatillo → Curridabat,Ruta base,10.164343757808089
Hatillo → Curridabat,Ruta base,14.522453554896469
Hatillo → Curridabat,Ruta base,15.543124097870132
Hatillo → Curridabat,Ruta base,14.20740794215359
Hatillo → Curridabat,Ruta base,12.273119307477685
Hatillo → Curridabat,Ruta base,12.918781638900349
Hatillo → Curridabat,Ruta base,10.889423242994134
Hatillo → Curridabat,Ruta base,12.817344593915145
Hatillo → Curridabat,Ruta base,10.307693000032486
Hatillo → Curridabat,Ruta base,12.442832059726735
Hatillo → Curridabat,Ruta base,10.686546411217822
Hatillo → Curridabat,Ruta base,9.885694786290744
Hatillo → Curridabat,Ruta base,15.641222202063023
Hatillo → Curridabat,Ruta base,9.405497039978517
Hatillo → Curridabat,Ruta base,16.407733158537905
Hatillo → Curridabat,Ruta base,8.877054838473528
Hatillo → Curridabat,Ruta base,13.69275556791677
Hatillo → Curridabat,Ruta base,13.106332618219223
Hatillo → Curridabat,Ruta base,9.458458529473933
Hatillo → Curridabat,Ruta base,11.154167836077674
Hatillo → Curridabat,Ruta base,10.67221562706346
Hatillo → Curridabat,Ruta base,11.012348789413943
Hatillo → Curridabat,Ruta base,13.727038633414391
Hatillo → Curridabat,Ruta base,10.24670245217862
Hatillo → Curridabat,Ruta base,9.066086128868852
Hatillo → Curridabat,Ruta base,14.200978246105274
Hatillo → Curridabat,Ruta base,13.110473307463607
Hatillo → Curridabat,Ruta base,12.446852259279714
Hatillo → Curridabat,Ruta base,11.902207917181457
Hatillo → Curridabat,Ruta base,13.623157614173957
Hatillo → Curridabat,Ruta base,12.882764118361159
Hatillo → Curridabat,Ruta base,12.360259509493238
Hatillo → Curridabat,Ruta base,11.460019639230621
Hatillo → Curridabat,Ruta base,14.44921077674165
Hatillo → Curridabat,Ruta base,15.029669319848649
Hatillo → Curridabat,Ruta base,13.442918937536945
Hatillo → Curridabat,Ruta base,19.112867138773634
Hatillo → Curridabat,Ruta base,12.584961062668613
Hatillo → Curridabat,Ruta base,12.487240700551148
Hatillo → Curridabat,Ruta base,15.636123310824415
Hatillo → Curridabat,Ruta base,13.423919122930233
Hatillo → Curridabat,Ruta base,12.71488476268339
Hatillo → Curridabat,Ruta base,11.537695130418067
Hatillo → Curridabat,Ruta base,13.134106395953701
Hatillo → Curridabat,Ruta base,9.175713023525528
Hatillo → Curridabat,Ruta base,10.8823968317459
Hatillo → Curridabat,Ruta base,10.712918266046856
Hatillo → Curridabat,Ruta base,8.945929881533411
Hatillo → Curridabat,Ruta base,14.926353959373756
Hatillo → Curridabat,Ruta base,11.690007626245057
Hatillo → Curridabat,Ruta base,10.757038847407852
Hatillo → Curridabat,Ruta base,12.979636533566449
Hatillo → Curridabat,Ruta base,10.180072815299766
Hatillo → Curridabat,Ruta base,13.567531866698339
Hatillo → Curridabat,Ruta base,15.115012391231938
Hatillo → Curridabat,Ruta base,9.921707631500404
Hatillo → Curridabat,Ruta base,15.202030553910696
Hatillo → Curridabat,Ruta base,12.65809587233166
Hatillo → Curridabat,Ruta base,14.804107281232772
Hatillo → Curridabat,Ruta base,12.181141614661309
Hatillo → Curridabat,Ruta base,10.696485552667001
Hatillo → Curridabat,Ruta base,9.602403729772336
Hatillo → Curridabat,Ruta base,10.327245967528567
Hatillo → Curridabat,Ruta base,11.451840232259787
Hatillo → Curridabat,Ruta base,14.23807900399528
Hatillo → Curridabat,Ruta base,13.70934917157115
Hatillo → Curridabat,Ruta base,13.000746014111177
Hatillo → Curridabat,Ruta base,15.329656706982046
Hatillo → Curridabat,Ruta base,9.64871968471043
Hatillo → Curridabat,Ruta base,10.219534642586838
Hatillo → Curridabat,Ruta base,10.470842425686934
Hatillo → Curridabat,Ruta base,12.51710354074174
Hatillo → Curridabat,Ruta base,9.399221970305419
Hatillo → Curridabat,Ruta base,11.110254212918623
Hatillo → Curridabat,Ruta base,14.995580346720727
Hatillo → Curridabat,Ruta base,14.146778808092021
Hatillo → Curridabat,Ruta base,15.190018560277718
Hatillo → Curridabat,Ruta base,11.404372012376523
Hatillo → Curridabat,Ruta base,10.338252903031211
Hatillo → Curridabat,Ruta base,12.8457669723679
Hatillo → Curridabat,Ruta base,10.721261237094321
Hatillo → Curridabat,Ruta base,11.98973761241776
Hatillo → Curridabat,Ruta base,12.079891042964128
Hatillo → Curridabat,Ruta base,13.09524813936429
Hatillo → Curridabat,Ruta base,15.252333575773694
Hatillo → Curridabat,Ruta base,15.061023091796782
Hatillo → Curridabat,Ruta base,14.310311857121988
Hatillo → Curridabat,Ruta base,11.886389850071348
Hatillo → Curridabat,Ruta base,14.323269064804688
Hatillo → Curridabat,Ruta base,11.517651346221786
Hatillo → Curridabat,Ruta base,10.688910600200376
Hatillo → Curridabat,Ruta base,9.919575822863806
Hatillo → Curridabat,Ruta base,11.431145514021491
Hatillo → Curridabat,Ruta base,13.313796984948771
Hatillo → Curridabat,Ruta base,13.985859865909482
Hatillo → Curridabat,Ruta base,12.58247252123615
Hatillo → Curridabat,Ruta base,13.089144219107954
Hatillo → Curridabat,Ruta base,11.167339561577748
Hatillo → Curridabat,Ruta base,16.570988713370443
Hatillo → Curridabat,Ruta base,12.822173083579191
Hatillo → Curridabat,Ruta base,11.644387031281564
Hatillo → Curridabat,Ruta base,13.702676578599583
Hatillo → Curridabat,Ruta base,12.183819464441056
Hatillo → Curridabat,Ruta base,13.32127582751998
Hatillo → Curridabat,Ruta base,15.326637493355614
Hatillo → Curridabat,Ruta base,10.864164187324818
Hatillo → Curridabat,Ruta base,11.904916043018828
Hatillo → Curridabat,Ruta base,12.055693010017505
Hatillo → Curridabat,Ruta base,12.775302484295139
Hatillo → Curridabat,Ruta base,16.092180693677673
Hatillo → Curridabat,Ruta base,14.1121018985891
Hatillo → Curridabat,Ruta base,15.082790231971778
Hatillo → Curridabat,Ruta base,8.14574252531599
Hatillo → Curridabat,Ruta base,13.368810932382866
Hatillo → Curridabat,Ruta base,12.75546591116659
Hatillo → Curridabat,Ruta base,13.594578366753902
Hatillo → Curridabat,Ruta base,12.17926964225994
Hatillo → Curridabat,Ruta base,11.207392865259012
Hatillo → Curridabat,Ruta base,13.881379154361671
Hatillo → Curridabat,Ruta base,12.06088129259087
Hatillo → Curridabat,Ruta base,12.598411867301662
Hatillo → Curridabat,Ruta base,11.429417507548559
Hatillo → Curridabat,Ruta base,11.873096250991205
Hatillo → Curridabat,Ruta base,13.683356597153862
Hatillo → Curridabat,Ruta base,14.833081855842677
Hatillo → Curridabat,Ruta base,12.645428123203837
Hatillo → Curridabat,Ruta base,12.585348037119088
Hatillo → Curridabat,Ruta base,12.015097176316344
Hatillo → Curridabat,Ruta base,14.887048069134575
Hatillo → Curridabat,Ruta base,11.768113758078181
Hatillo → Curridabat,Ruta base,11.794019575988424
Hatillo → Curridabat,Ruta base,12.687814736876826
Hatillo → Curridabat,Ruta base,11.809259824593495
Hatillo → Curridabat,Ruta base,12.743871645585601
Hatillo → Curridabat,Ruta base,15.837827273700972
Hatillo → Curridabat,Ruta base,12.453362201309398
Hatillo → Curridabat,Ruta base,15.342416541017434
Hatillo → Curridabat,Ruta base,14.409260048019208
Hatillo → Curridabat,Ruta base,12.560703396880237
Hatillo → Curridabat,Ruta base,13.723955670706989
Hatillo → Curridabat,Ruta base,15.584957078252975
Hatillo → Curridabat,Ruta base,11.068623002624818
Hatillo → Curridabat,Ruta base,14.358418447547622
Hatillo → Curridabat,Ruta base,14.945030103612238
Hatillo → Curridabat,Ruta base,11.346762016649649
Hatillo → Curridabat,Ruta base,15.329030172611104
Hatillo → Curridabat,Ruta base,13.748749325863406
Hatillo → Curridabat,Ruta base,11.0460344005206
Hatillo → Curridabat,Ruta base,13.368910793827409
Hatillo → Curridabat,Ruta base,10.181672113245963
Hatillo → Curridabat,Ruta base,10.292994810373083
Hatillo → Curridabat,Ruta base,9.826727031398555
Hatillo → Curridabat,Ruta base,12.925643477208292
Hatillo → Curridabat,Ruta base,11.753587938625076
Hatillo → Curridabat,Ruta base,10.975139807474763
Hatillo → Curridabat,Ruta base,11.524911058841013
Hatillo → Curridabat,Ruta base,12.138677301878573
Hatillo → Curridabat,Ruta base,11.743449887680557
Hatillo → Curridabat,Ruta base,11.2620369593943
Hatillo → Curridabat,Ruta base,12.671711114570718
Hatillo → Curridabat,Ruta base,10.91725261848609
Hatillo → Curridabat,Ruta base,11.173197490988423
Hatillo → Curridabat,Ruta base,14.497902253147565
Hatillo → Curridabat,Ruta base,12.760905027212745
Hatillo → Curridabat,Ruta base,9.605230369889274
Hatillo → Curridabat,Ruta base,15.560583864848754
Hatillo → Curridabat,Ruta base,10.776944067558844
Hatillo → Curridabat,Ruta base,15.864632789926752
Hatillo → Curridabat,Ruta base,12.229698883057038
Hatillo → Curridabat,Ruta base,14.428398716440448
Hatillo → Curridabat,Ruta base,9.674156662493733
Hatillo → Curridabat,Ruta base,11.278719962269369
Hatillo → Curridabat,Ruta base,10.978745010044038
Hatillo → Curridabat,Ruta base,11.57487635337712
Hatillo → Curridabat,Ruta base,10.833844207316908
Hatillo → Curridabat,Ruta base,10.680916382650528
Hatillo → Curridabat,Ruta base,11.954535145305204
Hatillo → Curridabat,Ruta base,10.995300415819813
Hatillo → Curridabat,Ruta base,12.08515334905682
Hatillo → Curridabat,Ruta base,13.218294922635279
Hatillo → Curridabat,Ruta base,9.463669377135378
Hatillo → Curridabat,Ruta base,12.233815061929707
Hatillo → Curridabat,Ruta base,10.629896206910866
Hatillo → Curridabat,Ruta base,12.020773809494132
Hatillo → Curridabat,Ruta base,13.506663147577862
Hatillo → Curridabat,Ruta base,9.860830007190827
Hatillo → Curridabat,Ruta base,11.391281771545865
Hatillo → Curridabat,Ruta base,14.23873170287011
Hatillo → Curridabat,Ruta base,13.906366570731176
Hatillo → Curridabat,Ruta base,11.542766627389733
Hatillo → Curridabat,Ruta base,14.193404571723523
Hatillo → Curridabat,Ruta base,12.590177570069212
Hatillo → Curridabat,Ruta base,12.581011521001564
Hatillo → Curridabat,Ruta base,11.481623456596736
Hatillo → Curridabat,Ruta base,12.507693365018591
Hatillo → Curridabat,Ruta base,13.906960756513737
Hatillo → Curridabat,Ruta base,11.536102347998915
Hatillo → Curridabat,Ruta base,13.115224869991922
Hatillo → Curridabat,Ruta base,10.014001294684215
Hatillo → Curridabat,Ruta base,9.98304509414064
Hatillo → Curridabat,Ruta base,13.551629594536049
Hatillo → Curridabat,Ruta base,12.012988556186071
Hatillo → Curridabat,Ruta base,10.886467127478253
Hatillo → Curridabat,Ruta base,13.27317336490684
Hatillo → Curridabat,Ruta base,14.045054065522432
Hatillo → Curridabat,Ruta base,12.181628523961747
Hatillo → Curridabat,Ruta base,14.894085683223011
Hatillo → Curridabat,Ruta base,10.791808044882206
Hatillo → Curridabat,Ruta base,10.964092988366017
Hatillo → Curridabat,Ruta base,13.84999629172648
Hatillo → Curridabat,Ruta base,10.634666174652313
Hatillo → Curridabat,Ruta base,13.567808536929387
Hatillo → Curridabat,Ruta base,9.465619611000628
Hatillo → Curridabat,Ruta base,10.747323098018184
Hatillo → Curridabat,Ruta base,11.64336828525902
Hatillo → Curridabat,Ruta base,11.37474268976368
Hatillo → Curridabat,Ruta base,15.26973075750581
Hatillo → Curridabat,Ruta base,10.786866848625682
Hatillo → Curridabat,Ruta base,12.279690424131212
Hatillo → Curridabat,Ruta base,12.349984109495825
Hatillo → Curridabat,Ruta base,12.416350548235307
Hatillo → Curridabat,Ruta base,14.784322838720946
Hatillo → Curridabat,Ruta base,11.283641354919864
Hatillo → Curridabat,Ruta base,11.399383059251148
Hatillo → Curridabat,Ruta base,10.611134904798522
Hatillo → Curridabat,Ruta base,14.08886608767048
Hatillo → Curridabat,Ruta base,12.873374128216145
Hatillo → Curridabat,Ruta base,13.138212652151223
Hatillo → Curridabat,Ruta base,12.668737601452507
Hatillo → Curridabat,Ruta base,10.461380795087418
Hatillo → Curridabat,Ruta base,13.273814758334954
Hatillo → Curridabat,Ruta base,13.079724207006162
Hatillo → Curridabat,Ruta base,15.217994282404685
Hatillo → Curridabat,Ruta base,13.03679397048745
Hatillo → Curridabat,Ruta base,11.435109789678192
Hatillo → Curridabat,Ruta base,11.89618242529323
Hatillo → Curridabat,Ruta base,16.517290934137495
Hatillo → Curridabat,Ruta base,9.96759435331055
Hatillo → Curridabat,Ruta base,10.051037372601572
Hatillo → Curridabat,Ruta base,12.851018906179467
Hatillo → Curridabat,Ruta base,15.556910015145709
Hatillo → Curridabat,Ruta base,12.530642750448907
Hatillo → Curridabat,Ruta base,10.556804556836656
Hatillo → Curridabat,Ruta base,17.064439648165582
Hatillo → Curridabat,Ruta base,11.151886872109513
Hatillo → Curridabat,Ruta base,13.751689628416017
Hatillo → Curridabat,Ruta base,15.06200484809572
Hatillo → Curridabat,Ruta base,12.774998995008445
Hatillo → Curridabat,Ruta base,13.955698460870455
Hatillo → Curridabat,Ruta base,15.473748023442944
Hatillo → Curridabat,Ruta base,10.076358631483668
Hatillo → Curridabat,Ruta base,14.013837716082463
Hatillo → Curridabat,Ruta base,14.790700588206679
Hatillo → Curridabat,Ruta base,15.119965090460934
Hatillo → Curridabat,Ruta base,11.73063046474337
Hatillo → Curridabat,Ruta base,13.415776573041207
Hatillo → Curridabat,Ruta base,11.635453950347175
Hatillo → Curridabat,Ruta base,11.147134135071871
Hatillo → Curridabat,Ruta base,10.831967197516692
Hatillo → Curridabat,Ruta base,13.82070920281738
Hatillo → Curridabat,Ruta base,13.075394973197321
Hatillo → Curridabat,Ruta base,14.992137810191798
Hatillo → Curridabat,Ruta base,8.77421540630049
Hatillo → Curridabat,Ruta base,11.12930748046359
Hatillo → Curridabat,Ruta base,12.727262517944606
Hatillo → Curridabat,Ruta base,16.00058372330676
Hatillo → Curridabat,Ruta base,10.823192099099707
Hatillo → Curridabat,Ruta base,9.658386928299391
Hatillo → Curridabat,Ruta base,11.424797169501778
Hatillo → Curridabat,Ruta base,11.909709258973335
Hatillo → Curridabat,Ruta base,14.195728831551255
Hatillo → Curridabat,Ruta base,14.69074070823231
Hatillo → Curridabat,Ruta base,14.039088454130908
Hatillo → Curridabat,Ruta base,12.554594621697769
Hatillo → Curridabat,Ruta base,16.323794743239294
Hatillo → Curridabat,Ruta base,10.633605815123275
Hatillo → Curridabat,Ruta base,12.560664991497788
Hatillo → Curridabat,Ruta base,13.420645056424043
Hatillo → Curridabat,Ruta base,11.452358786240014
Hatillo → Curridabat,Ruta base,11.79896801280231
Hatillo → Curridabat,Ruta base,13.329462320300069
Hatillo → Curridabat,Ruta base,11.138743263949621
Hatillo → Curridabat,Ruta base,12.289187368030966
Hatillo → Curridabat,Ruta base,12.272680529535634
Hatillo → Curridabat,Ruta base,17.62329519451857
Hatillo → Curridabat,Ruta base,14.138679682033347
Hatillo → Curridabat,Ruta base,10.820636107773618
Hatillo → Curridabat,Ruta base,14.086175066345206
Hatillo → Curridabat,Ruta base,10.726206375761137
Hatillo → Curridabat,Ruta base,13.413611965973095
Hatillo → Curridabat,Ruta base,9.659051407028343
Hatillo → Curridabat,Ruta base,14.164439809240266
Hatillo → Curridabat,Ruta base,11.90702113875512
Hatillo → Curridabat,Ruta base,10.161595687959304
Hatillo → Curridabat,Ruta base,13.519092011556703
Hatillo → Curridabat,Ruta base,14.499300068374627
Hatillo → Curridabat,Ruta base,13.168559698713459
Hatillo → Curridabat,Ruta base,12.3889544708643
Hatillo → Curridabat,Ruta base,10.114441989404623
Hatillo → Curridabat,Ruta base,13.790467053141574
Hatillo → Curridabat,Ruta base,8.775619252948482
Hatillo → Curridabat,Ruta base,11.294176281027159
Hatillo → Curridabat,Ruta base,16.604624282639115
Hatillo → Curridabat,Ruta base,10.097650985341515
Hatillo → Curridabat,Ruta base,9.349874473663231
Hatillo → Curridabat,Ruta base,10.790963737447582
Hatillo → Curridabat,Ruta base,13.040143731263976
Hatillo → Curridabat,Ruta base,11.911781497491893
Hatillo → Curridabat,Ruta base,14.578478853620613
Hatillo → Curridabat,Ruta base,12.43377448601715
Hatillo → Curridabat,Ruta base,10.65798215957299
Hatillo → Curridabat,Ruta base,14.361981091563765
Hatillo → Curridabat,Ruta base,11.014024180252298
Hatillo → Curridabat,Ruta base,13.978177716471214
Hatillo → Curridabat,Ruta base,15.117257301583376
Hatillo → Curridabat,Ruta base,13.147124465575057
Hatillo → Curridabat,Ruta base,15.079278106151635
Hatillo → Curridabat,Ruta base,10.413208353513463
Hatillo → Curridabat,Ruta base,11.7215085263529
Hatillo → Curridabat,Ruta base,12.483490477606003
Hatillo → Curridabat,Ruta base,10.521290757440553
Hatillo → Curridabat,Ruta base,15.341899901275495
Hatillo → Curridabat,Ruta base,14.737276597158246
Hatillo → Curridabat,Ruta base,13.617277458079508
Hatillo → Curridabat,Ruta base,13.409724773697926
Hatillo → Curridabat,Ruta base,12.38000676973799
Hatillo → Curridabat,Ruta base,10.667094766866624
Hatillo → Curridabat,Ruta base,11.279181160515124
Hatillo → Curridabat,Ruta base,12.061343072862797
Hatillo → Curridabat,Ruta base,13.026380619983094
Hatillo → Curridabat,Ruta base,12.187656732812233
Hatillo → Curridabat,Ruta base,12.90940941333328
Hatillo → Curridabat,Ruta base,10.268114471091687
Hatillo → Curridabat,Ruta base,11.34316248034542
Hatillo → Curridabat,Ruta base,12.98231354375658
Hatillo → Curridabat,Ruta base,14.77101908063267
Hatillo → Curridabat,Ruta base,10.08216957931292
Hatillo → Curridabat,Ruta base,13.202876323970768
Hatillo → Curridabat,Ruta base,13.60163655040282
Hatillo → Curridabat,Ruta base,12.8404186192051
Hatillo → Curridabat,Ruta base,12.639430246035683
Hatillo → Curridabat,Ruta base,12.072033689506394
Hatillo → Curridabat,Ruta base,12.322975849456732
Hatillo → Curridabat,Ruta base,11.606795746106183
Hatillo → Curridabat,Ruta base,10.055216207816766
Hatillo → Curridabat,Ruta base,15.125282611696926
Hatillo → Curridabat,Ruta base,13.131467634595438
Hatillo → Curridabat,Ruta base,11.726235405421091
Hatillo → Curridabat,Ruta base,15.447654049913924
Hatillo → Curridabat,Ruta base,11.935051132582215
Hatillo → Curridabat,Ruta base,13.570490485852874
Hatillo → Curridabat,Ruta base,9.695433575931114
Hatillo → Curridabat,Ruta base,11.44204424891658
Hatillo → Curridabat,Ruta base,14.58676752958728
Hatillo → Curridabat,Ruta base,15.310767787828654
Hatillo → Curridabat,Ruta base,17.100067131207354
Hatillo → Curridabat,Ruta base,15.557456351960631
Hatillo → Curridabat,Ruta base,16.536549192736484
Hatillo → Curridabat,Ruta base,11.379690606751387
Hatillo → Curridabat,Ruta base,10.347995712668487
Hatillo → Curridabat,Ruta base,8.931461586932253
Hatillo → Curridabat,Ruta base,12.83068084354272
Hatillo → Curridabat,Ruta base,12.123673700980369
Hatillo → Curridabat,Ruta base,15.625094885913242
Hatillo → Curridabat,Ruta base,12.163456569483106
Hatillo → Curridabat,Ruta base,16.08014321138008
Hatillo → Curridabat,Ruta base,10.015871099663284
Hatillo → Curridabat,Ruta base,16.21921418241162
Hatillo → Curridabat,Ruta base,12.969395860454398
Hatillo → Curridabat,Ruta base,15.551694960911192
Hatillo → Curridabat,Ruta base,14.567323969502088
Hatillo → Curridabat,Ruta base,11.251919480984808
Hatillo → Curridabat,Ruta base,14.467636423599615
Hatillo → Curridabat,Ruta base,11.732585383299572
Hatillo → Curridabat,Ruta base,14.531688953282814
Hatillo → Curridabat,Ruta base,13.793799747862936
Hatillo → Curridabat,Ruta base,12.719748075618913
Hatillo → Curridabat,Ruta base,12.434609691364182
Hatillo → Curridabat,Ruta base,12.364906877049124
Hatillo → Curridabat,Ruta base,12.512548983686345
Hatillo → Curridabat,Ruta base,8.716617232967083
Hatillo → Curridabat,Ruta base,14.676195498685498
Hatillo → Curridabat,Ruta base,12.466667945876374
Hatillo → Curridabat,Ruta base,12.858922077163227
Hatillo → Curridabat,Ruta base,10.9449994890284
Hatillo → Curridabat,Ruta base,12.990277291165507
Hatillo → Curridabat,Ruta base,11.947707264139716
Hatillo → Curridabat,Ruta base,15.926873889480358
Hatillo → Curridabat,Ruta base,10.17557366721699
Hatillo → Curridabat,Ruta base,14.7680726516084
Hatillo → Curridabat,Ruta base,10.99538249938802
Hatillo → Curridabat,Ruta base,13.339942329496148
Hatillo → Curridabat,Ruta base,11.686900879383288
Hatillo → Curridabat,Ruta base,10.927624977519761
Hatillo → Curridabat,Ruta base,9.246098693222606
Hatillo → Curridabat,Ruta base,13.676042233303175
Hatillo → Curridabat,Ruta base,9.647261218384765
Hatillo → Curridabat,Ruta base,11.855999433159564
Hatillo → Curridabat,Ruta base,15.551348738439156
Hatillo → Curridabat,Ruta base,14.93811622706128
Hatillo → Curridabat,Ruta base,12.71173810974024
Hatillo → Curridabat,Ruta base,10.028640931276177
Hatillo → Curridabat,Ruta base,12.3188505377942
Hatillo → Curridabat,Ruta base,12.388063683054487
Hatillo → Curridabat,Ruta base,10.95557769791965
Hatillo → Curridabat,Ruta base,15.262590271611046
Hatillo → Curridabat,Ruta base,12.71575707231155
Hatillo → Curridabat,Ruta base,12.947815556120643
Hatillo → Curridabat,Ruta base,12.400997347988069
Hatillo → Curridabat,Ruta base,10.078135048586484
Hatillo → Curridabat,Ruta base,10.748786894100618
Hatillo → Curridabat,Ruta base,10.605429031700991
Hatillo → Curridabat,Ruta base,15.189838019195712
Hatillo → Curridabat,Ruta base,12.305905277157393
Hatillo → Curridabat,Ruta base,13.340613677946125
Hatillo → Curridabat,Ruta base,13.400051334141969
Hatillo → Curridabat,Ruta base,13.25148336722548
Hatillo → Curridabat,Ruta base,15.867653905441367
Hatillo → Curridabat,Ruta base,14.038832089144252
Hatillo → Curridabat,Ruta base,13.075948012445904
Hatillo → Curridabat,Ruta base,13.082508136834598
Hatillo → Curridabat,Ruta base,15.293221213867852
Hatillo → Curridabat,Ruta base,9.86599910178785
Hatillo → Curridabat,Ruta base,15.632486931445346
Hatillo → Curridabat,Ruta base,11.574973372171993
Hatillo → Curridabat,Ruta base,13.206097379300859
Hatillo → Curridabat,Ruta base,12.068660113412488
Hatillo → Curridabat,Ruta base,12.47948709324656
Hatillo → Curridabat,Ruta base,12.376548330979709
Hatillo → Curridabat,Ruta base,7.487421844470793
Hatillo → Curridabat,Ruta base,10.62183369715868
Hatillo → Curridabat,Ruta base,11.17350868273362
Hatillo → Curridabat,Ruta base,10.048870503865865
Hatillo → Curridabat,Ruta base,9.455917305356403
Hatillo → Curridabat,Ruta base,13.389524259696579
Hatillo → Curridabat,Ruta base,10.540298646515758
Hatillo → Curridabat,Ruta base,12.569080016301971
Hatillo → Curridabat,Ruta base,14.937573687929186
Hatillo → Curridabat,Ruta base,10.3889420458426
Hatillo → Curridabat,Ruta base,11.9978257133191
Hatillo → Curridabat,Ruta base,15.024269819755661
Hatillo → Curridabat,Ruta base,11.929442271523065
Hatillo → Curridabat,Ruta base,11.932995582476742
Hatillo → Curridabat,Ruta base,9.086864916247679
Hatillo → Curridabat,Ruta base,14.748533729799734
Hatillo → Curridabat,Ruta base,11.89226426489802
Hatillo → Curridabat,Ruta base,9.796872580991229
Hatillo → Curridabat,Ruta base,13.871270273911367
Hatillo → Curridabat,Ruta base,11.43849546894892
Hatillo → Curridabat,Ruta base,12.198711941416896
Hatillo → Curridabat,Ruta base,11.084849523495564
Hatillo → Curridabat,Ruta base,13.825722508452008
Hatillo → Curridabat,Ruta base,13.039674673735808
Hatillo → Curridabat,Ruta base,11.189006031219275
Hatillo → Curridabat,Ruta base,12.276725485430207
Hatillo → Curridabat,Ruta base,16.046704711158636
Hatillo → Curridabat,Ruta base,12.628773275664125
Hatillo → Curridabat,Ruta base,11.688127490070071
Hatillo → Curridabat,Ruta base,14.574249885250108
Hatillo → Curridabat,Ruta base,10.782823338279185
Hatillo → Curridabat,Ruta base,11.965441631668963
Hatillo → Curridabat,Ruta base,10.46020279170411
Hatillo → Curridabat,Ruta base,10.799165520325001
Hatillo → Curridabat,Ruta base,11.377528170662144
Hatillo → Curridabat,Ruta base,13.29015665917192
Hatillo → Curridabat,Ruta base,14.153783966587762
Hatillo → Curridabat,Ruta base,11.779959866852915
Hatillo → Curridabat,Ruta base,13.956785412369866
Hatillo → Curridabat,Ruta base,11.960774936192168
Hatillo → Curridabat,Ruta base,13.606424020842981
Hatillo → Curridabat,Ruta base,10.541401729743898
Hatillo → Curridabat,Ruta base,13.138329294118833
Hatillo → Curridabat,Ruta base,11.898104297679286
Hatillo → Curridabat,Ruta base,12.863391355870734
Hatillo → Curridabat,Ruta base,17.637061308219256
Hatillo → Curridabat,Ruta base,13.171083395045681
Hatillo → Curridabat,Ruta base,15.34426078217744
Hatillo → Curridabat,Ruta base,14.079721307528022
Hatillo → Curridabat,Ruta base,9.579627913368448
Hatillo → Curridabat,Ruta base,13.120718899468589
Hatillo → Curridabat,Ruta base,14.537280066235445
Hatillo → Curridabat,Ruta base,9.787223873262183
Hatillo → Curridabat,Ruta base,10.832387917690058
Hatillo → Curridabat,Ruta base,21.346710121026433
Hatillo → Curridabat,Ruta base,12.56639680542772
Hatillo → Curridabat,Ruta base,11.716448290445138
Hatillo → Curridabat,Ruta base,12.265264896017062
Hatillo → Curridabat,Ruta base,10.87837703261402
Hatillo → Curridabat,Ruta base,12.193876067067817
Hatillo → Curridabat,Ruta base,13.081839733894268
Hatillo → Curridabat,Ruta base,11.39992077629204
Hatillo → Curridabat,Ruta base,15.97957983886499
Hatillo → Curridabat,Ruta base,16.24621702724363
Hatillo → Curridabat,Ruta base,14.886632953391333
Hatillo → Curridabat,Ruta base,10.883820103999613
Hatillo → Curridabat,Ruta base,11.12412517855545
Hatillo → Curridabat,Ruta base,9.945562157552184
Hatillo → Curridabat,Ruta base,12.979173891376433
Hatillo → Curridabat,Ruta base,11.742912505105334
Hatillo → Curridabat,Ruta base,11.522994220200115
Hatillo → Curridabat,Ruta base,10.888563209926726
Hatillo → Curridabat,Ruta base,12.501318022383083
Hatillo → Curridabat,Ruta base,12.711671361250753
Hatillo → Curridabat,Ruta base,10.621843078575202
Hatillo → Curridabat,Ruta base,16.19140697999045
Hatillo → Curridabat,Ruta base,12.845271226571779
Hatillo → Curridabat,Ruta base,9.801562932006199
Hatillo → Curridabat,Ruta base,13.65009175985229
Hatillo → Curridabat,Ruta base,11.037356850700446
Hatillo → Curridabat,Ruta base,16.72714451550824
Hatillo → Curridabat,Ruta base,15.00637729279566
Hatillo → Curridabat,Ruta base,13.51391998692593
Hatillo → Curridabat,Ruta base,17.427481980535973
Hatillo → Curridabat,Ruta base,10.612023974587093
Hatillo → Curridabat,Ruta base,12.879551125677846
Hatillo → Curridabat,Ruta base,11.628213483243671
Hatillo → Curridabat,Ruta base,10.998318351470287
Hatillo → Curridabat,Ruta base,10.556754831212324
Hatillo → Curridabat,Ruta base,15.29535564272624
Hatillo → Curridabat,Ruta base,11.452370786466215
Hatillo → Curridabat,Ruta base,11.002684945437693
Hatillo → Curridabat,Ruta base,11.659535771850546
Hatillo → Curridabat,Ruta base,19.978884125251952
Hatillo → Curridabat,Ruta base,12.532653096071275
Hatillo → Curridabat,Ruta base,11.037710058579881
Hatillo → Curridabat,Ruta base,11.862717571778079
Hatillo → Curridabat,Ruta base,14.776328613277096
Hatillo → Curridabat,Ruta base,11.856464856296435
Hatillo → Curridabat,Ruta base,12.095731513691536
Hatillo → Curridabat,Ruta base,12.562949117985509
Hatillo → Curridabat,Ruta base,11.094338499792899
Hatillo → Curridabat,Ruta base,11.720108792179497
Hatillo → Curridabat,Ruta base,14.902318670655559
Hatillo → Curridabat,Ruta base,12.326753176437775
Hatillo → Curridabat,Ruta base,12.011320520105079
Hatillo → Curridabat,Ruta base,7.9454837519406025
Hatillo → Curridabat,Ruta base,13.781710273949919
Hatillo → Curridabat,Ruta base,14.403710005294776
Hatillo → Curridabat,Ruta base,11.298331711512034
Hatillo → Curridabat,Ruta base,13.272763499189852
Hatillo → Curridabat,Ruta base,10.325321228729386
Hatillo → Curridabat,Ruta base,12.79902483966677
Hatillo → Curridabat,Ruta base,13.115956906011657
Hatillo → Curridabat,Ruta base,9.205651717988973
Hatillo → Curridabat,Ruta base,14.274616654039548
Hatillo → Curridabat,Ruta base,15.154353238395219
Hatillo → Curridabat,Ruta base,12.384973114102166
Hatillo → Curridabat,Ruta base,10.825844917227922
Hatillo → Curridabat,Ruta base,12.836082760956431
Hatillo → Curridabat,Ruta base,12.174389554133167
Hatillo → Curridabat,Ruta base,14.345924899417092
Hatillo → Curridabat,Ruta base,12.350184852965993
Hatillo → Curridabat,Ruta base,11.903783364652616
Hatillo → Curridabat,Ruta base,14.380087984262216
Hatillo → Curridabat,Ruta base,14.120254315130875
Hatillo → Curridabat,Ruta base,12.611949144034474
Hatillo → Curridabat,Ruta base,10.912593002739348
Hatillo → Curridabat,Ruta base,10.796943243537523
Hatillo → Curridabat,Ruta base,11.082007969709819
Hatillo → Curridabat,Ruta base,11.050344974428768
Hatillo → Curridabat,Ruta base,11.6718292343089
Hatillo → Curridabat,Ruta base,15.47878193670811
Hatillo → Curridabat,Ruta base,11.731541924271811
Hatillo → Curridabat,Ruta base,11.957564246273432
Hatillo → Curridabat,Ruta base,8.851490153129335
Hatillo → Curridabat,Ruta base,14.706644964461209
Hatillo → Curridabat,Ruta base,11.682535924368057
Hatillo → Curridabat,Ruta base,13.509931345970017
Hatillo → Curridabat,Ruta base,13.514824275415242
Hatillo → Curridabat,Ruta base,11.228907082698234
Hatillo → Curridabat,Ruta base,13.743070907029391
Hatillo → Curridabat,Ruta base,9.863347878287046
Hatillo → Curridabat,Ruta base,11.112247439455697
Hatillo → Curridabat,Ruta base,15.33030474021082
Hatillo → Curridabat,Ruta base,10.683902780223377
Hatillo → Curridabat,Ruta base,13.344334840404569
Hatillo → Curridabat,Ruta base,12.565825391223433
Hatillo → Curridabat,Ruta base,10.912495981265964
Hatillo → Curridabat,Ruta base,15.576834651357073
Hatillo → Curridabat,Ruta base,12.340924649238282
Hatillo → Curridabat,Ruta base,13.911542471227225
Hatillo → Curridabat,Ruta base,16.810931792026782
Hatillo → Curridabat,Ruta base,9.86659076982987
Hatillo → Curridabat,Ruta base,12.324743873997894
Hatillo → Curridabat,Ruta base,14.531587255415669
Hatillo → Curridabat,Ruta base,12.179077897501063
Hatillo → Curridabat,Ruta base,15.104345313874061
Hatillo → Curridabat,Ruta base,13.402859364085117
Hatillo → Curridabat,Ruta base,12.690722588454472
Hatillo → Curridabat,Ruta base,13.12173226799712
Hatillo → Curridabat,Ruta base,10.799473791578281
Hatillo → Curridabat,Ruta base,9.521276253886308
Hatillo → Curridabat,Ruta base,9.56502389884314
Hatillo → Curridabat,Ruta base,12.610000114933536
Hatillo → Curridabat,Ruta base,10.208203253698988
Hatillo → Curridabat,Ruta base,15.3096103228949
Hatillo → Curridabat,Ruta base,10.174759871707337
Hatillo → Curridabat,Ruta base,9.482146652430098
Hatillo → Curridabat,Ruta base,8.63876046498114
Hatillo → Curridabat,Ruta base,15.680515011680596
Hatillo → Curridabat,Ruta base,12.183343883502648
Hatillo → Curridabat,Ruta base,13.21830309802719
Hatillo → Curridabat,Ruta base,10.337740466544334
Hatillo → Curridabat,Ruta base,15.700082485548362
Hatillo → Curridabat,Ruta base,9.903802047058493
Hatillo → Curridabat,Ruta base,12.438338809077916
Hatillo → Curridabat,Ruta base,11.397776839443424
Hatillo → Curridabat,Ruta base,13.981424014776104
Hatillo → Curridabat,Ruta base,10.188053661622096
Hatillo → Curridabat,Ruta base,11.583340354790048
Hatillo → Curridabat,Ruta base,11.52635318991828
Hatillo → Curridabat,Ruta base,11.841949516058806
Hatillo → Curridabat,Ruta base,12.20090214273074
Hatillo → Curridabat,Ruta base,13.766318285047733
Hatillo → Curridabat,Ruta base,13.950720965625504
Hatillo → Curridabat,Ruta base,11.791181088514834
Hatillo → Curridabat,Ruta base,12.005825736345237
Hatillo → Curridabat,Ruta base,12.4822185791985
Hatillo → Curridabat,Ruta base,12.815648704769814
Hatillo → Curridabat,Ruta base,12.001172695299747
Hatillo → Curridabat,Ruta base,13.3987192136605
Hatillo → Curridabat,Ruta base,13.071222623652808
Hatillo → Curridabat,Ruta base,14.442501016974553
Hatillo → Curridabat,Ruta base,11.346500529620242
Hatillo → Curridabat,Ruta base,13.048643078237198
Hatillo → Curridabat,Ruta base,11.754480315533979
Hatillo → Curridabat,Ruta base,9.352054066101738
Hatillo → Curridabat,Ruta base,11.01956551422539
Hatillo → Curridabat,Ruta base,12.648431245494375
Hatillo → Curridabat,Ruta base,11.406881721017808
Hatillo → Curridabat,Ruta base,10.885176097248712
Hatillo → Curridabat,Ruta base,13.88158093908429
Hatillo → Curridabat,Ruta base,14.718581291746473
Hatillo → Curridabat,Ruta base,13.69144829850145
Hatillo → Curridabat,Ruta base,13.60082229692916
Hatillo → Curridabat,Ruta base,10.107010162355705
Hatillo → Curridabat,Ruta base,13.321051626290192
Hatillo → Curridabat,Ruta base,15.47572749431691
Hatillo → Curridabat,Ruta base,15.407821849572798
Hatillo → Curridabat,Ruta base,12.46165515398871
Hatillo → Curridabat,Ruta base,15.190237332309646
Hatillo → Curridabat,Ruta base,11.675753074085788
Hatillo → Curridabat,Ruta base,11.677831107506822
Hatillo → Curridabat,Ruta base,12.946560544333416
Hatillo → Curridabat,Ruta base,13.677687014376867
Hatillo → Curridabat,Ruta base,11.028320795380568
Hatillo → Curridabat,Ruta base,12.183255817065456
Hatillo → Curridabat,Ruta base,14.230746268901154
Hatillo → Curridabat,Ruta base,11.549398016771539
Hatillo → Curridabat,Ruta base,12.477045530081831
Hatillo → Curridabat,Ruta base,13.014011589376896
Hatillo → Curridabat,Ruta base,14.225474141355916
Hatillo → Curridabat,Ruta base,12.356147448289528
Hatillo → Curridabat,Ruta base,12.826216214526953
Hatillo → Curridabat,Ruta base,15.173223146454292
Hatillo → Curridabat,Ruta base,11.362249576474257
Hatillo → Curridabat,Ruta base,10.885940027321624
Hatillo → Curridabat,Ruta base,10.044281520955334
Hatillo → Curridabat,Ruta base,13.850129030750052
Hatillo → Curridabat,Ruta base,11.362033291582685
Hatillo → Curridabat,Ruta base,11.194085360858185
Hatillo → Curridabat,Ruta base,9.206568467310417
Hatillo → Curridabat,Ruta base,11.560082534458918
Hatillo → Curridabat,Ruta base,10.644078857909372
Hatillo → Curridabat,Ruta base,11.89484158997707
Hatillo → Curridabat,Ruta base,11.664666666194915
Hatillo → Curridabat,Ruta base,12.325771850222685
Hatillo → Curridabat,Ruta base,15.992010587632366
Hatillo → Curridabat,Ruta base,10.393097994870809
Hatillo → Curridabat,Ruta base,12.467174482639328
Hatillo → Curridabat,Ruta base,11.185041131325553
Hatillo → Curridabat,Ruta base,11.961077315991638
Hatillo → Curridabat,Ruta base,12.155985644378847
Hatillo → Curridabat,Ruta base,14.026063495716496
Hatillo → Curridabat,Ruta base,12.668345589253047
Hatillo → Curridabat,Ruta base,12.946721617399124
Hatillo → Curridabat,Ruta base,13.53364002657104
Hatillo → Curridabat,Ruta base,12.782221266120933
Hatillo → Curridabat,Ruta base,11.610738158166843
Hatillo → Curridabat,Ruta base,12.4201862246657
Hatillo → Curridabat,Ruta base,12.412321436704039
Hatillo → Curridabat,Ruta base,9.795919047205254
Hatillo → Curridabat,Ruta base,14.621996979189142
Hatillo → Curridabat,Ruta base,12.726676291920509
Hatillo → Curridabat,Ruta base,14.15128067886146
Hatillo → Curridabat,Ruta base,13.081822620470962
Hatillo → Curridabat,Ruta base,10.523726304394868
Hatillo → Curridabat,Ruta base,11.551210778429715
Hatillo → Curridabat,Ruta base,12.493794669836
Hatillo → Curridabat,Ruta base,10.507825182153397
Hatillo → Curridabat,Ruta base,14.678178567275198
Hatillo → Curridabat,Ruta base,10.574328836507096
Hatillo → Curridabat,Ruta base,15.531972165152556
Hatillo → Curridabat,Ruta base,13.277737441753732
Hatillo → Curridabat,Ruta base,13.965757722957527
Hatillo → Curridabat,Ruta base,10.327510577707487
